{
    "movies": [
        {
            "PutRequest": {
                "Item": {
                    "id": {
                        "S": "136910"
                    },
                    "title": {
                        "S": "Quarter to Two Before Jesus Christ (Deux heures moins le quart avant J\u00e9sus-Christ) (1982)"
                    },
                    "genres": {
                        "S": "Comedy"
                    }
                }
            }
        },
        {
            "PutRequest": {
                "Item": {
                    "id": {
                        "S": "136912"
                    },
                    "title": {
                        "S": "God Loves Caviar (2012)"
                    },
                    "genres": {
                        "S": "Adventure"
                    }
                }
            }
        },
        {
            "PutRequest": {
                "Item": {
                    "id": {
                        "S": "136914"
                    },
                    "title": {
                        "S": "RISE (2014)"
                    },
                    "genres": {
                        "S": "Crime|Drama|Thriller"
                    }
                }
            }
        },
        {
            "PutRequest": {
                "Item": {
                    "id": {
                        "S": "136916"
                    },
                    "title": {
                        "S": "Vendetta (2015)"
                    },
                    "genres": {
                        "S": "Action"
                    }
                }
            }
        },
        {
            "PutRequest": {
                "Item": {
                    "id": {
                        "S": "136918"
                    },
                    "title": {
                        "S": "Age Of Kill (2015)"
                    },
                    "genres": {
                        "S": "Action"
                    }
                }
            }
        },
        {
            "PutRequest": {
                "Item": {
                    "id": {
                        "S": "136920"
                    },
                    "title": {
                        "S": "Horsehead (2014)"
                    },
                    "genres": {
                        "S": "Fantasy|Horror"
                    }
                }
            }
        },
        {
            "PutRequest": {
                "Item": {
                    "id": {
                        "S": "136922"
                    },
                    "title": {
                        "S": "Bordering on Bad Behavior (2015)"
                    },
                    "genres": {
                        "S": "Action|Comedy"
                    }
                }
            }
        },
        {
            "PutRequest": {
                "Item": {
                    "id": {
                        "S": "136924"
                    },
                    "title": {
                        "S": "Tekken: Kazuya's Revenge (2014)"
                    },
                    "genres": {
                        "S": "Action"
                    }
                }
            }
        },
        {
            "PutRequest": {
                "Item": {
                    "id": {
                        "S": "136926"
                    },
                    "title": {
                        "S": "Gemma Bovery (2014)"
                    },
                    "genres": {
                        "S": "Comedy|Drama|Romance"
                    }
                }
            }
        },
        {
            "PutRequest": {
                "Item": {
                    "id": {
                        "S": "136928"
                    },
                    "title": {
                        "S": "Viktor (2014)"
                    },
                    "genres": {
                        "S": "Action|Drama|Thriller"
                    }
                }
            }
        },
        {
            "PutRequest": {
                "Item": {
                    "id": {
                        "S": "136930"
                    },
                    "title": {
                        "S": "95ers: Time Runners (2013)"
                    },
                    "genres": {
                        "S": "Sci-Fi|Thriller"
                    }
                }
            }
        },
        {
            "PutRequest": {
                "Item": {
                    "id": {
                        "S": "136932"
                    },
                    "title": {
                        "S": "Out of the Dark (2014)"
                    },
                    "genres": {
                        "S": "Horror|Thriller"
                    }
                }
            }
        },
        {
            "PutRequest": {
                "Item": {
                    "id": {
                        "S": "136934"
                    },
                    "title": {
                        "S": "Morning Star (2014)"
                    },
                    "genres": {
                        "S": "Action|Adventure|Fantasy"
                    }
                }
            }
        },
        {
            "PutRequest": {
                "Item": {
                    "id": {
                        "S": "136936"
                    },
                    "title": {
                        "S": "88 (2015)"
                    },
                    "genres": {
                        "S": "Action|Thriller"
                    }
                }
            }
        },
        {
            "PutRequest": {
                "Item": {
                    "id": {
                        "S": "136938"
                    },
                    "title": {
                        "S": "Repli-Kate (2002)"
                    },
                    "genres": {
                        "S": "Comedy|Sci-Fi"
                    }
                }
            }
        },
        {
            "PutRequest": {
                "Item": {
                    "id": {
                        "S": "136940"
                    },
                    "title": {
                        "S": "Goddess (2013)"
                    },
                    "genres": {
                        "S": "Comedy|Musical|Romance"
                    }
                }
            }
        },
        {
            "PutRequest": {
                "Item": {
                    "id": {
                        "S": "136942"
                    },
                    "title": {
                        "S": "The Art of Love (2011)"
                    },
                    "genres": {
                        "S": "Comedy|Romance"
                    }
                }
            }
        },
        {
            "PutRequest": {
                "Item": {
                    "id": {
                        "S": "136944"
                    },
                    "title": {
                        "S": "Pray for the Wildcats (1974)"
                    },
                    "genres": {
                        "S": "Drama"
                    }
                }
            }
        },
        {
            "PutRequest": {
                "Item": {
                    "id": {
                        "S": "136946"
                    },
                    "title": {
                        "S": "Modern Vampires (1998)"
                    },
                    "genres": {
                        "S": "Action|Comedy|Horror|Romance|Thriller"
                    }
                }
            }
        },
        {
            "PutRequest": {
                "Item": {
                    "id": {
                        "S": "136948"
                    },
                    "title": {
                        "S": "Soof (2013)"
                    },
                    "genres": {
                        "S": "Comedy|Romance"
                    }
                }
            }
        },
        {
            "PutRequest": {
                "Item": {
                    "id": {
                        "S": "136950"
                    },
                    "title": {
                        "S": "Mom (1991)"
                    },
                    "genres": {
                        "S": "Comedy|Horror"
                    }
                }
            }
        },
        {
            "PutRequest": {
                "Item": {
                    "id": {
                        "S": "136952"
                    },
                    "title": {
                        "S": "Monster Brawl (2011)"
                    },
                    "genres": {
                        "S": "Comedy|Horror"
                    }
                }
            }
        },
        {
            "PutRequest": {
                "Item": {
                    "id": {
                        "S": "136954"
                    },
                    "title": {
                        "S": "More Brains! A Return to the Living Dead (2011)"
                    },
                    "genres": {
                        "S": "Documentary"
                    }
                }
            }
        },
        {
            "PutRequest": {
                "Item": {
                    "id": {
                        "S": "136956"
                    },
                    "title": {
                        "S": "R.O.D - Read or Die (2001)"
                    },
                    "genres": {
                        "S": "Animation"
                    }
                }
            }
        },
        {
            "PutRequest": {
                "Item": {
                    "id": {
                        "S": "136958"
                    },
                    "title": {
                        "S": "Mortuary (1983)"
                    },
                    "genres": {
                        "S": "Horror"
                    }
                }
            }
        }
    ]
}