{
    "movies": [
        {
            "PutRequest": {
                "Item": {
                    "id": {
                        "S": "147702"
                    },
                    "title": {
                        "S": "The Flying Guillotine (1975)"
                    },
                    "genres": {
                        "S": "Action"
                    }
                }
            }
        },
        {
            "PutRequest": {
                "Item": {
                    "id": {
                        "S": "147705"
                    },
                    "title": {
                        "S": "The Invisible Menace (1938)"
                    },
                    "genres": {
                        "S": "Mystery"
                    }
                }
            }
        },
        {
            "PutRequest": {
                "Item": {
                    "id": {
                        "S": "147710"
                    },
                    "title": {
                        "S": "The Sisters (1969)"
                    },
                    "genres": {
                        "S": "Drama|Romance"
                    }
                }
            }
        },
        {
            "PutRequest": {
                "Item": {
                    "id": {
                        "S": "147712"
                    },
                    "title": {
                        "S": "Ties That Bind (2011)"
                    },
                    "genres": {
                        "S": "Drama"
                    }
                }
            }
        },
        {
            "PutRequest": {
                "Item": {
                    "id": {
                        "S": "147714"
                    },
                    "title": {
                        "S": "The Venetian Affair (1967)"
                    },
                    "genres": {
                        "S": "Action|Thriller"
                    }
                }
            }
        },
        {
            "PutRequest": {
                "Item": {
                    "id": {
                        "S": "147716"
                    },
                    "title": {
                        "S": "Kutti Puli (2013)"
                    },
                    "genres": {
                        "S": "Action|Comedy|Romance"
                    }
                }
            }
        },
        {
            "PutRequest": {
                "Item": {
                    "id": {
                        "S": "147718"
                    },
                    "title": {
                        "S": "Young and Dangerous 5 (1998)"
                    },
                    "genres": {
                        "S": "Action|Crime|Thriller"
                    }
                }
            }
        },
        {
            "PutRequest": {
                "Item": {
                    "id": {
                        "S": "147720"
                    },
                    "title": {
                        "S": "Young Tiger (2015)"
                    },
                    "genres": {
                        "S": "Drama"
                    }
                }
            }
        },
        {
            "PutRequest": {
                "Item": {
                    "id": {
                        "S": "147722"
                    },
                    "title": {
                        "S": "To Walk with Lions (1999)"
                    },
                    "genres": {
                        "S": "(no genres listed)"
                    }
                }
            }
        },
        {
            "PutRequest": {
                "Item": {
                    "id": {
                        "S": "147724"
                    },
                    "title": {
                        "S": "West Of Shanghai (1937)"
                    },
                    "genres": {
                        "S": "Adventure|Drama|War"
                    }
                }
            }
        },
        {
            "PutRequest": {
                "Item": {
                    "id": {
                        "S": "147726"
                    },
                    "title": {
                        "S": "Criminal Activities (2015)"
                    },
                    "genres": {
                        "S": "Crime|Drama|Thriller"
                    }
                }
            }
        },
        {
            "PutRequest": {
                "Item": {
                    "id": {
                        "S": "147728"
                    },
                    "title": {
                        "S": "Wild Times (1980)"
                    },
                    "genres": {
                        "S": "Action|Adventure|Drama|Western"
                    }
                }
            }
        },
        {
            "PutRequest": {
                "Item": {
                    "id": {
                        "S": "147730"
                    },
                    "title": {
                        "S": "Wonder Woman (1974)"
                    },
                    "genres": {
                        "S": "Action|Adventure|Fantasy"
                    }
                }
            }
        },
        {
            "PutRequest": {
                "Item": {
                    "id": {
                        "S": "147732"
                    },
                    "title": {
                        "S": "Wonder Woman (2011)"
                    },
                    "genres": {
                        "S": "(no genres listed)"
                    }
                }
            }
        },
        {
            "PutRequest": {
                "Item": {
                    "id": {
                        "S": "147734"
                    },
                    "title": {
                        "S": "P\u00e1pa Piquillo (1998)"
                    },
                    "genres": {
                        "S": "Comedy"
                    }
                }
            }
        },
        {
            "PutRequest": {
                "Item": {
                    "id": {
                        "S": "147736"
                    },
                    "title": {
                        "S": "Hong Kong Trilogy: Preschooled Preoccupied Preposterous (2015)"
                    },
                    "genres": {
                        "S": "Drama"
                    }
                }
            }
        },
        {
            "PutRequest": {
                "Item": {
                    "id": {
                        "S": "147738"
                    },
                    "title": {
                        "S": "Warsaw 44 (2014)"
                    },
                    "genres": {
                        "S": "Drama|Romance"
                    }
                }
            }
        },
        {
            "PutRequest": {
                "Item": {
                    "id": {
                        "S": "147740"
                    },
                    "title": {
                        "S": "The Red Spider (2015)"
                    },
                    "genres": {
                        "S": "(no genres listed)"
                    }
                }
            }
        },
        {
            "PutRequest": {
                "Item": {
                    "id": {
                        "S": "147742"
                    },
                    "title": {
                        "S": "A Son's First Step. A Mother's Second Chance. (2014)"
                    },
                    "genres": {
                        "S": "Drama"
                    }
                }
            }
        },
        {
            "PutRequest": {
                "Item": {
                    "id": {
                        "S": "147744"
                    },
                    "title": {
                        "S": "A Murder in the Park (2014)"
                    },
                    "genres": {
                        "S": "Crime|Documentary"
                    }
                }
            }
        },
        {
            "PutRequest": {
                "Item": {
                    "id": {
                        "S": "147746"
                    },
                    "title": {
                        "S": "Sharpe's Revenge (1997)"
                    },
                    "genres": {
                        "S": "Action|Adventure|War"
                    }
                }
            }
        },
        {
            "PutRequest": {
                "Item": {
                    "id": {
                        "S": "147748"
                    },
                    "title": {
                        "S": "The Taint (2010)"
                    },
                    "genres": {
                        "S": "Comedy|Horror"
                    }
                }
            }
        },
        {
            "PutRequest": {
                "Item": {
                    "id": {
                        "S": "147750"
                    },
                    "title": {
                        "S": "Rams (2015)"
                    },
                    "genres": {
                        "S": "(no genres listed)"
                    }
                }
            }
        },
        {
            "PutRequest": {
                "Item": {
                    "id": {
                        "S": "147752"
                    },
                    "title": {
                        "S": "Those Who Feel the Fire Burning (2014)"
                    },
                    "genres": {
                        "S": "Documentary"
                    }
                }
            }
        },
        {
            "PutRequest": {
                "Item": {
                    "id": {
                        "S": "147754"
                    },
                    "title": {
                        "S": "The Mind Snatchers (1972)"
                    },
                    "genres": {
                        "S": "Sci-Fi|Thriller"
                    }
                }
            }
        }
    ]
}