{
    "movies": [
        {
            "PutRequest": {
                "Item": {
                    "id": {
                        "S": "330"
                    },
                    "title": {
                        "S": "Tales from the Hood (1995)"
                    },
                    "genres": {
                        "S": "Action|Crime|Horror"
                    }
                }
            }
        },
        {
            "PutRequest": {
                "Item": {
                    "id": {
                        "S": "331"
                    },
                    "title": {
                        "S": "Tom & Viv (1994)"
                    },
                    "genres": {
                        "S": "Drama"
                    }
                }
            }
        },
        {
            "PutRequest": {
                "Item": {
                    "id": {
                        "S": "332"
                    },
                    "title": {
                        "S": "Village of the Damned (1995)"
                    },
                    "genres": {
                        "S": "Horror|Sci-Fi"
                    }
                }
            }
        },
        {
            "PutRequest": {
                "Item": {
                    "id": {
                        "S": "333"
                    },
                    "title": {
                        "S": "Tommy Boy (1995)"
                    },
                    "genres": {
                        "S": "Comedy"
                    }
                }
            }
        },
        {
            "PutRequest": {
                "Item": {
                    "id": {
                        "S": "334"
                    },
                    "title": {
                        "S": "Vanya on 42nd Street (1994)"
                    },
                    "genres": {
                        "S": "Drama"
                    }
                }
            }
        },
        {
            "PutRequest": {
                "Item": {
                    "id": {
                        "S": "335"
                    },
                    "title": {
                        "S": "Underneath (1995)"
                    },
                    "genres": {
                        "S": "Mystery|Thriller"
                    }
                }
            }
        },
        {
            "PutRequest": {
                "Item": {
                    "id": {
                        "S": "336"
                    },
                    "title": {
                        "S": "Walking Dead, The (1995)"
                    },
                    "genres": {
                        "S": "Drama|War"
                    }
                }
            }
        },
        {
            "PutRequest": {
                "Item": {
                    "id": {
                        "S": "337"
                    },
                    "title": {
                        "S": "What's Eating Gilbert Grape (1993)"
                    },
                    "genres": {
                        "S": "Drama"
                    }
                }
            }
        },
        {
            "PutRequest": {
                "Item": {
                    "id": {
                        "S": "338"
                    },
                    "title": {
                        "S": "Virtuosity (1995)"
                    },
                    "genres": {
                        "S": "Action|Sci-Fi|Thriller"
                    }
                }
            }
        },
        {
            "PutRequest": {
                "Item": {
                    "id": {
                        "S": "339"
                    },
                    "title": {
                        "S": "While You Were Sleeping (1995)"
                    },
                    "genres": {
                        "S": "Comedy|Romance"
                    }
                }
            }
        },
        {
            "PutRequest": {
                "Item": {
                    "id": {
                        "S": "340"
                    },
                    "title": {
                        "S": "War, The (1994)"
                    },
                    "genres": {
                        "S": "Adventure|Drama|War"
                    }
                }
            }
        },
        {
            "PutRequest": {
                "Item": {
                    "id": {
                        "S": "341"
                    },
                    "title": {
                        "S": "Double Happiness (1994)"
                    },
                    "genres": {
                        "S": "Drama"
                    }
                }
            }
        },
        {
            "PutRequest": {
                "Item": {
                    "id": {
                        "S": "342"
                    },
                    "title": {
                        "S": "Muriel's Wedding (1994)"
                    },
                    "genres": {
                        "S": "Comedy"
                    }
                }
            }
        },
        {
            "PutRequest": {
                "Item": {
                    "id": {
                        "S": "343"
                    },
                    "title": {
                        "S": "Baby-Sitters Club, The (1995)"
                    },
                    "genres": {
                        "S": "Children"
                    }
                }
            }
        },
        {
            "PutRequest": {
                "Item": {
                    "id": {
                        "S": "344"
                    },
                    "title": {
                        "S": "Ace Ventura: Pet Detective (1994)"
                    },
                    "genres": {
                        "S": "Comedy"
                    }
                }
            }
        },
        {
            "PutRequest": {
                "Item": {
                    "id": {
                        "S": "345"
                    },
                    "title": {
                        "S": "Adventures of Priscilla, Queen of the Desert, The (1994)"
                    },
                    "genres": {
                        "S": "Comedy|Drama"
                    }
                }
            }
        },
        {
            "PutRequest": {
                "Item": {
                    "id": {
                        "S": "346"
                    },
                    "title": {
                        "S": "Backbeat (1993)"
                    },
                    "genres": {
                        "S": "Drama|Musical"
                    }
                }
            }
        },
        {
            "PutRequest": {
                "Item": {
                    "id": {
                        "S": "347"
                    },
                    "title": {
                        "S": "Bitter Moon (1992)"
                    },
                    "genres": {
                        "S": "Drama|Film-Noir|Romance"
                    }
                }
            }
        },
        {
            "PutRequest": {
                "Item": {
                    "id": {
                        "S": "348"
                    },
                    "title": {
                        "S": "Bullets Over Broadway (1994)"
                    },
                    "genres": {
                        "S": "Comedy"
                    }
                }
            }
        },
        {
            "PutRequest": {
                "Item": {
                    "id": {
                        "S": "349"
                    },
                    "title": {
                        "S": "Clear and Present Danger (1994)"
                    },
                    "genres": {
                        "S": "Action|Crime|Drama|Thriller"
                    }
                }
            }
        },
        {
            "PutRequest": {
                "Item": {
                    "id": {
                        "S": "350"
                    },
                    "title": {
                        "S": "Client, The (1994)"
                    },
                    "genres": {
                        "S": "Drama|Mystery|Thriller"
                    }
                }
            }
        },
        {
            "PutRequest": {
                "Item": {
                    "id": {
                        "S": "351"
                    },
                    "title": {
                        "S": "Corrina, Corrina (1994)"
                    },
                    "genres": {
                        "S": "Comedy|Drama|Romance"
                    }
                }
            }
        },
        {
            "PutRequest": {
                "Item": {
                    "id": {
                        "S": "352"
                    },
                    "title": {
                        "S": "Crooklyn (1994)"
                    },
                    "genres": {
                        "S": "Comedy|Drama"
                    }
                }
            }
        },
        {
            "PutRequest": {
                "Item": {
                    "id": {
                        "S": "353"
                    },
                    "title": {
                        "S": "Crow, The (1994)"
                    },
                    "genres": {
                        "S": "Action|Crime|Fantasy|Thriller"
                    }
                }
            }
        },
        {
            "PutRequest": {
                "Item": {
                    "id": {
                        "S": "354"
                    },
                    "title": {
                        "S": "Cobb (1994)"
                    },
                    "genres": {
                        "S": "Drama"
                    }
                }
            }
        }
    ]
}