{
    "movies": [
        {
            "PutRequest": {
                "Item": {
                    "id": {
                        "S": "131196"
                    },
                    "title": {
                        "S": "Arrow In The Dust (1954)"
                    },
                    "genres": {
                        "S": "Western"
                    }
                }
            }
        },
        {
            "PutRequest": {
                "Item": {
                    "id": {
                        "S": "131198"
                    },
                    "title": {
                        "S": "Blueberry Hill"
                    },
                    "genres": {
                        "S": "(no genres listed)"
                    }
                }
            }
        },
        {
            "PutRequest": {
                "Item": {
                    "id": {
                        "S": "131200"
                    },
                    "title": {
                        "S": "Bodyguard: A New Beginning (2008)"
                    },
                    "genres": {
                        "S": "Action|Adventure|Drama|Thriller"
                    }
                }
            }
        },
        {
            "PutRequest": {
                "Item": {
                    "id": {
                        "S": "131202"
                    },
                    "title": {
                        "S": "Born Killers (2005)"
                    },
                    "genres": {
                        "S": "Action|Thriller"
                    }
                }
            }
        },
        {
            "PutRequest": {
                "Item": {
                    "id": {
                        "S": "131204"
                    },
                    "title": {
                        "S": "Born to Race (1988)"
                    },
                    "genres": {
                        "S": "Action|Thriller"
                    }
                }
            }
        },
        {
            "PutRequest": {
                "Item": {
                    "id": {
                        "S": "131206"
                    },
                    "title": {
                        "S": "Calling Dr. Kildare (1939)"
                    },
                    "genres": {
                        "S": "Crime|Drama"
                    }
                }
            }
        },
        {
            "PutRequest": {
                "Item": {
                    "id": {
                        "S": "131209"
                    },
                    "title": {
                        "S": "Compound Fracture (2013)"
                    },
                    "genres": {
                        "S": "(no genres listed)"
                    }
                }
            }
        },
        {
            "PutRequest": {
                "Item": {
                    "id": {
                        "S": "131211"
                    },
                    "title": {
                        "S": "Copper Canyon (1950)"
                    },
                    "genres": {
                        "S": "Action|Western"
                    }
                }
            }
        },
        {
            "PutRequest": {
                "Item": {
                    "id": {
                        "S": "131213"
                    },
                    "title": {
                        "S": "Crazy in Love (1992)"
                    },
                    "genres": {
                        "S": "Comedy|Drama|Romance"
                    }
                }
            }
        },
        {
            "PutRequest": {
                "Item": {
                    "id": {
                        "S": "131215"
                    },
                    "title": {
                        "S": "Cristo Rey (2014)"
                    },
                    "genres": {
                        "S": "Drama|Romance"
                    }
                }
            }
        },
        {
            "PutRequest": {
                "Item": {
                    "id": {
                        "S": "131221"
                    },
                    "title": {
                        "S": "Alien Warrior (1986)"
                    },
                    "genres": {
                        "S": "Action|Crime|Sci-Fi"
                    }
                }
            }
        },
        {
            "PutRequest": {
                "Item": {
                    "id": {
                        "S": "131223"
                    },
                    "title": {
                        "S": "Plague (1979)"
                    },
                    "genres": {
                        "S": "(no genres listed)"
                    }
                }
            }
        },
        {
            "PutRequest": {
                "Item": {
                    "id": {
                        "S": "131225"
                    },
                    "title": {
                        "S": "Pleasure Palace"
                    },
                    "genres": {
                        "S": "(no genres listed)"
                    }
                }
            }
        },
        {
            "PutRequest": {
                "Item": {
                    "id": {
                        "S": "131229"
                    },
                    "title": {
                        "S": "Diary of a Sinner (1974)"
                    },
                    "genres": {
                        "S": "Drama"
                    }
                }
            }
        },
        {
            "PutRequest": {
                "Item": {
                    "id": {
                        "S": "131231"
                    },
                    "title": {
                        "S": "Standby (2014)"
                    },
                    "genres": {
                        "S": "Comedy|Romance"
                    }
                }
            }
        },
        {
            "PutRequest": {
                "Item": {
                    "id": {
                        "S": "131233"
                    },
                    "title": {
                        "S": "New Year's Day (1990)"
                    },
                    "genres": {
                        "S": "Comedy"
                    }
                }
            }
        },
        {
            "PutRequest": {
                "Item": {
                    "id": {
                        "S": "131237"
                    },
                    "title": {
                        "S": "What Men Talk About (2010)"
                    },
                    "genres": {
                        "S": "Comedy"
                    }
                }
            }
        },
        {
            "PutRequest": {
                "Item": {
                    "id": {
                        "S": "131239"
                    },
                    "title": {
                        "S": "Three Quarter Moon (2011)"
                    },
                    "genres": {
                        "S": "Comedy|Drama"
                    }
                }
            }
        },
        {
            "PutRequest": {
                "Item": {
                    "id": {
                        "S": "131241"
                    },
                    "title": {
                        "S": "Ants in the Pants (2000)"
                    },
                    "genres": {
                        "S": "Comedy|Romance"
                    }
                }
            }
        },
        {
            "PutRequest": {
                "Item": {
                    "id": {
                        "S": "131243"
                    },
                    "title": {
                        "S": "Werner - Gekotzt wird sp\u00e4ter (2003)"
                    },
                    "genres": {
                        "S": "Animation|Comedy"
                    }
                }
            }
        },
        {
            "PutRequest": {
                "Item": {
                    "id": {
                        "S": "131246"
                    },
                    "title": {
                        "S": "Across the Moon (1995)"
                    },
                    "genres": {
                        "S": "Comedy|Drama|Romance"
                    }
                }
            }
        },
        {
            "PutRequest": {
                "Item": {
                    "id": {
                        "S": "131248"
                    },
                    "title": {
                        "S": "Brother Bear 2 (2006)"
                    },
                    "genres": {
                        "S": "Adventure|Animation|Children|Comedy|Fantasy"
                    }
                }
            }
        },
        {
            "PutRequest": {
                "Item": {
                    "id": {
                        "S": "131250"
                    },
                    "title": {
                        "S": "No More School (2000)"
                    },
                    "genres": {
                        "S": "Comedy"
                    }
                }
            }
        },
        {
            "PutRequest": {
                "Item": {
                    "id": {
                        "S": "131252"
                    },
                    "title": {
                        "S": "Forklift Driver Klaus: The First Day on the Job (2001)"
                    },
                    "genres": {
                        "S": "Comedy|Horror"
                    }
                }
            }
        },
        {
            "PutRequest": {
                "Item": {
                    "id": {
                        "S": "131254"
                    },
                    "title": {
                        "S": "Kein Bund f\u00fcr's Leben (2007)"
                    },
                    "genres": {
                        "S": "Comedy"
                    }
                }
            }
        }
    ]
}