{
    "movies": [
        {
            "PutRequest": {
                "Item": {
                    "id": {
                        "S": "3268"
                    },
                    "title": {
                        "S": "Stop! Or My Mom Will Shoot (1992)"
                    },
                    "genres": {
                        "S": "Action|Comedy"
                    }
                }
            }
        },
        {
            "PutRequest": {
                "Item": {
                    "id": {
                        "S": "3269"
                    },
                    "title": {
                        "S": "Forever Young (1992)"
                    },
                    "genres": {
                        "S": "Drama|Romance|Sci-Fi"
                    }
                }
            }
        },
        {
            "PutRequest": {
                "Item": {
                    "id": {
                        "S": "3270"
                    },
                    "title": {
                        "S": "Cutting Edge, The (1992)"
                    },
                    "genres": {
                        "S": "Comedy|Drama|Romance"
                    }
                }
            }
        },
        {
            "PutRequest": {
                "Item": {
                    "id": {
                        "S": "3271"
                    },
                    "title": {
                        "S": "Of Mice and Men (1992)"
                    },
                    "genres": {
                        "S": "Drama"
                    }
                }
            }
        },
        {
            "PutRequest": {
                "Item": {
                    "id": {
                        "S": "3272"
                    },
                    "title": {
                        "S": "Bad Lieutenant (1992)"
                    },
                    "genres": {
                        "S": "Crime|Drama"
                    }
                }
            }
        },
        {
            "PutRequest": {
                "Item": {
                    "id": {
                        "S": "3273"
                    },
                    "title": {
                        "S": "Scream 3 (2000)"
                    },
                    "genres": {
                        "S": "Comedy|Horror|Mystery|Thriller"
                    }
                }
            }
        },
        {
            "PutRequest": {
                "Item": {
                    "id": {
                        "S": "3274"
                    },
                    "title": {
                        "S": "Single White Female (1992)"
                    },
                    "genres": {
                        "S": "Drama|Thriller"
                    }
                }
            }
        },
        {
            "PutRequest": {
                "Item": {
                    "id": {
                        "S": "3275"
                    },
                    "title": {
                        "S": "Boondock Saints, The (2000)"
                    },
                    "genres": {
                        "S": "Action|Crime|Drama|Thriller"
                    }
                }
            }
        },
        {
            "PutRequest": {
                "Item": {
                    "id": {
                        "S": "3276"
                    },
                    "title": {
                        "S": "Gun Shy (2000)"
                    },
                    "genres": {
                        "S": "Comedy"
                    }
                }
            }
        },
        {
            "PutRequest": {
                "Item": {
                    "id": {
                        "S": "3277"
                    },
                    "title": {
                        "S": "Beloved/Friend (a.k.a. Amigo/Amado) (Amic/Amat) (1999)"
                    },
                    "genres": {
                        "S": "Drama"
                    }
                }
            }
        },
        {
            "PutRequest": {
                "Item": {
                    "id": {
                        "S": "3278"
                    },
                    "title": {
                        "S": "Gendernauts (1999)"
                    },
                    "genres": {
                        "S": "Documentary"
                    }
                }
            }
        },
        {
            "PutRequest": {
                "Item": {
                    "id": {
                        "S": "3279"
                    },
                    "title": {
                        "S": "Knockout (2000)"
                    },
                    "genres": {
                        "S": "Action|Drama"
                    }
                }
            }
        },
        {
            "PutRequest": {
                "Item": {
                    "id": {
                        "S": "3280"
                    },
                    "title": {
                        "S": "Baby, The (1973)"
                    },
                    "genres": {
                        "S": "Horror"
                    }
                }
            }
        },
        {
            "PutRequest": {
                "Item": {
                    "id": {
                        "S": "3281"
                    },
                    "title": {
                        "S": "Brandon Teena Story, The (1998)"
                    },
                    "genres": {
                        "S": "Documentary"
                    }
                }
            }
        },
        {
            "PutRequest": {
                "Item": {
                    "id": {
                        "S": "3282"
                    },
                    "title": {
                        "S": "Different for Girls (1996)"
                    },
                    "genres": {
                        "S": "Comedy"
                    }
                }
            }
        },
        {
            "PutRequest": {
                "Item": {
                    "id": {
                        "S": "3283"
                    },
                    "title": {
                        "S": "Minnie and Moskowitz (1971)"
                    },
                    "genres": {
                        "S": "Action"
                    }
                }
            }
        },
        {
            "PutRequest": {
                "Item": {
                    "id": {
                        "S": "3284"
                    },
                    "title": {
                        "S": "They Might Be Giants (1971)"
                    },
                    "genres": {
                        "S": "Comedy|Mystery|Romance"
                    }
                }
            }
        },
        {
            "PutRequest": {
                "Item": {
                    "id": {
                        "S": "3285"
                    },
                    "title": {
                        "S": "Beach, The (2000)"
                    },
                    "genres": {
                        "S": "Adventure|Drama"
                    }
                }
            }
        },
        {
            "PutRequest": {
                "Item": {
                    "id": {
                        "S": "3286"
                    },
                    "title": {
                        "S": "Snow Day (2000)"
                    },
                    "genres": {
                        "S": "Comedy"
                    }
                }
            }
        },
        {
            "PutRequest": {
                "Item": {
                    "id": {
                        "S": "3287"
                    },
                    "title": {
                        "S": "Tigger Movie, The (2000)"
                    },
                    "genres": {
                        "S": "Animation|Children"
                    }
                }
            }
        },
        {
            "PutRequest": {
                "Item": {
                    "id": {
                        "S": "3288"
                    },
                    "title": {
                        "S": "Cotton Mary (1999)"
                    },
                    "genres": {
                        "S": "Drama"
                    }
                }
            }
        },
        {
            "PutRequest": {
                "Item": {
                    "id": {
                        "S": "3289"
                    },
                    "title": {
                        "S": "Not One Less (Yi ge dou bu neng shao) (1999)"
                    },
                    "genres": {
                        "S": "Drama"
                    }
                }
            }
        },
        {
            "PutRequest": {
                "Item": {
                    "id": {
                        "S": "3290"
                    },
                    "title": {
                        "S": "Soft Toilet Seats (1999)"
                    },
                    "genres": {
                        "S": "Comedy"
                    }
                }
            }
        },
        {
            "PutRequest": {
                "Item": {
                    "id": {
                        "S": "3291"
                    },
                    "title": {
                        "S": "Trois (2000)"
                    },
                    "genres": {
                        "S": "Thriller"
                    }
                }
            }
        },
        {
            "PutRequest": {
                "Item": {
                    "id": {
                        "S": "3292"
                    },
                    "title": {
                        "S": "Big Combo, The (1955)"
                    },
                    "genres": {
                        "S": "Film-Noir"
                    }
                }
            }
        }
    ]
}