{
    "movies": [
        {
            "PutRequest": {
                "Item": {
                    "id": {
                        "S": "133984"
                    },
                    "title": {
                        "S": "Shakedown (1950)"
                    },
                    "genres": {
                        "S": "(no genres listed)"
                    }
                }
            }
        },
        {
            "PutRequest": {
                "Item": {
                    "id": {
                        "S": "133986"
                    },
                    "title": {
                        "S": "Success At Any Price (1934)"
                    },
                    "genres": {
                        "S": "Drama"
                    }
                }
            }
        },
        {
            "PutRequest": {
                "Item": {
                    "id": {
                        "S": "133988"
                    },
                    "title": {
                        "S": "Seventeen Again (2000)"
                    },
                    "genres": {
                        "S": "Children|Comedy|Drama|Fantasy"
                    }
                }
            }
        },
        {
            "PutRequest": {
                "Item": {
                    "id": {
                        "S": "133990"
                    },
                    "title": {
                        "S": "Sweet Sixteen (1983)"
                    },
                    "genres": {
                        "S": "Horror|Thriller"
                    }
                }
            }
        },
        {
            "PutRequest": {
                "Item": {
                    "id": {
                        "S": "133992"
                    },
                    "title": {
                        "S": "The Disappearance of Garcia Lorca (1996)"
                    },
                    "genres": {
                        "S": "(no genres listed)"
                    }
                }
            }
        },
        {
            "PutRequest": {
                "Item": {
                    "id": {
                        "S": "133994"
                    },
                    "title": {
                        "S": "The Dramatics: A Comedy (2015)"
                    },
                    "genres": {
                        "S": "Comedy|Romance"
                    }
                }
            }
        },
        {
            "PutRequest": {
                "Item": {
                    "id": {
                        "S": "133998"
                    },
                    "title": {
                        "S": "The Reward (1965)"
                    },
                    "genres": {
                        "S": "Drama|Western"
                    }
                }
            }
        },
        {
            "PutRequest": {
                "Item": {
                    "id": {
                        "S": "134000"
                    },
                    "title": {
                        "S": "Trouble for Two (1936)"
                    },
                    "genres": {
                        "S": "Drama"
                    }
                }
            }
        },
        {
            "PutRequest": {
                "Item": {
                    "id": {
                        "S": "134002"
                    },
                    "title": {
                        "S": "Up the Creek (1959)"
                    },
                    "genres": {
                        "S": "(no genres listed)"
                    }
                }
            }
        },
        {
            "PutRequest": {
                "Item": {
                    "id": {
                        "S": "134004"
                    },
                    "title": {
                        "S": "What Love Is (2007)"
                    },
                    "genres": {
                        "S": "Comedy|Romance"
                    }
                }
            }
        },
        {
            "PutRequest": {
                "Item": {
                    "id": {
                        "S": "134006"
                    },
                    "title": {
                        "S": "Wife (1953)"
                    },
                    "genres": {
                        "S": "Drama"
                    }
                }
            }
        },
        {
            "PutRequest": {
                "Item": {
                    "id": {
                        "S": "134009"
                    },
                    "title": {
                        "S": "You Can't Run Away from It (1956)"
                    },
                    "genres": {
                        "S": "(no genres listed)"
                    }
                }
            }
        },
        {
            "PutRequest": {
                "Item": {
                    "id": {
                        "S": "134011"
                    },
                    "title": {
                        "S": "The Girl with the Hat Box (1927)"
                    },
                    "genres": {
                        "S": "(no genres listed)"
                    }
                }
            }
        },
        {
            "PutRequest": {
                "Item": {
                    "id": {
                        "S": "134013"
                    },
                    "title": {
                        "S": "Static (2012)"
                    },
                    "genres": {
                        "S": "Drama|Horror|Mystery|Thriller"
                    }
                }
            }
        },
        {
            "PutRequest": {
                "Item": {
                    "id": {
                        "S": "134015"
                    },
                    "title": {
                        "S": "Flapper, The (1920)"
                    },
                    "genres": {
                        "S": "Comedy"
                    }
                }
            }
        },
        {
            "PutRequest": {
                "Item": {
                    "id": {
                        "S": "134017"
                    },
                    "title": {
                        "S": "You Are My Sunshine (2015)"
                    },
                    "genres": {
                        "S": "Drama|Romance"
                    }
                }
            }
        },
        {
            "PutRequest": {
                "Item": {
                    "id": {
                        "S": "134019"
                    },
                    "title": {
                        "S": "The Monkey King (1964)"
                    },
                    "genres": {
                        "S": "Animation"
                    }
                }
            }
        },
        {
            "PutRequest": {
                "Item": {
                    "id": {
                        "S": "134021"
                    },
                    "title": {
                        "S": "5 to 7 (2014)"
                    },
                    "genres": {
                        "S": "Comedy|Drama|Romance"
                    }
                }
            }
        },
        {
            "PutRequest": {
                "Item": {
                    "id": {
                        "S": "134023"
                    },
                    "title": {
                        "S": "Seymour: An Introduction (2014)"
                    },
                    "genres": {
                        "S": "Documentary"
                    }
                }
            }
        },
        {
            "PutRequest": {
                "Item": {
                    "id": {
                        "S": "134025"
                    },
                    "title": {
                        "S": "Open Secret (2013)"
                    },
                    "genres": {
                        "S": "(no genres listed)"
                    }
                }
            }
        },
        {
            "PutRequest": {
                "Item": {
                    "id": {
                        "S": "134027"
                    },
                    "title": {
                        "S": "Puffball (2007)"
                    },
                    "genres": {
                        "S": "Drama|Fantasy|Horror"
                    }
                }
            }
        },
        {
            "PutRequest": {
                "Item": {
                    "id": {
                        "S": "134029"
                    },
                    "title": {
                        "S": "Into Thin Air: Death on Everest (1997)"
                    },
                    "genres": {
                        "S": "Action|Adventure|Drama"
                    }
                }
            }
        },
        {
            "PutRequest": {
                "Item": {
                    "id": {
                        "S": "134031"
                    },
                    "title": {
                        "S": "Arctic Blue (1993)"
                    },
                    "genres": {
                        "S": "Action|Thriller"
                    }
                }
            }
        },
        {
            "PutRequest": {
                "Item": {
                    "id": {
                        "S": "134033"
                    },
                    "title": {
                        "S": "Parole de flic (1985)"
                    },
                    "genres": {
                        "S": "Thriller"
                    }
                }
            }
        },
        {
            "PutRequest": {
                "Item": {
                    "id": {
                        "S": "134035"
                    },
                    "title": {
                        "S": "Fear in the Night (1947)"
                    },
                    "genres": {
                        "S": "Drama|Thriller"
                    }
                }
            }
        }
    ]
}