{
    "movies": [
        {
            "PutRequest": {
                "Item": {
                    "id": {
                        "S": "143369"
                    },
                    "title": {
                        "S": "The Clan (2015)"
                    },
                    "genres": {
                        "S": "Crime|Drama"
                    }
                }
            }
        },
        {
            "PutRequest": {
                "Item": {
                    "id": {
                        "S": "143371"
                    },
                    "title": {
                        "S": "Messner (2012)"
                    },
                    "genres": {
                        "S": "Adventure|Documentary"
                    }
                }
            }
        },
        {
            "PutRequest": {
                "Item": {
                    "id": {
                        "S": "143373"
                    },
                    "title": {
                        "S": "Bikini Girls on Ice (2009)"
                    },
                    "genres": {
                        "S": "Horror"
                    }
                }
            }
        },
        {
            "PutRequest": {
                "Item": {
                    "id": {
                        "S": "143377"
                    },
                    "title": {
                        "S": "Glen Campbell: I'll Be Me (2014)"
                    },
                    "genres": {
                        "S": "Documentary|Drama"
                    }
                }
            }
        },
        {
            "PutRequest": {
                "Item": {
                    "id": {
                        "S": "143379"
                    },
                    "title": {
                        "S": "The Victim (2006)"
                    },
                    "genres": {
                        "S": "Horror|Mystery|Thriller"
                    }
                }
            }
        },
        {
            "PutRequest": {
                "Item": {
                    "id": {
                        "S": "143381"
                    },
                    "title": {
                        "S": "Killer Darts (1968)"
                    },
                    "genres": {
                        "S": "Action|Adventure"
                    }
                }
            }
        },
        {
            "PutRequest": {
                "Item": {
                    "id": {
                        "S": "143383"
                    },
                    "title": {
                        "S": "Nanga Parbat (2010)"
                    },
                    "genres": {
                        "S": "Adventure|Drama"
                    }
                }
            }
        },
        {
            "PutRequest": {
                "Item": {
                    "id": {
                        "S": "143385"
                    },
                    "title": {
                        "S": "Bridge of Spies (2015)"
                    },
                    "genres": {
                        "S": "Drama|Thriller"
                    }
                }
            }
        },
        {
            "PutRequest": {
                "Item": {
                    "id": {
                        "S": "143387"
                    },
                    "title": {
                        "S": "Pitch Perfect 3 (2017)"
                    },
                    "genres": {
                        "S": "(no genres listed)"
                    }
                }
            }
        },
        {
            "PutRequest": {
                "Item": {
                    "id": {
                        "S": "143389"
                    },
                    "title": {
                        "S": "Les Mis\u00e9rables in Concert - The 25th Anniversary (2010)"
                    },
                    "genres": {
                        "S": "(no genres listed)"
                    }
                }
            }
        },
        {
            "PutRequest": {
                "Item": {
                    "id": {
                        "S": "143391"
                    },
                    "title": {
                        "S": "The Lost Medallion: The Adventures of Billy Stone (2013)"
                    },
                    "genres": {
                        "S": "Adventure|Children"
                    }
                }
            }
        },
        {
            "PutRequest": {
                "Item": {
                    "id": {
                        "S": "143393"
                    },
                    "title": {
                        "S": "Undercover (1984)"
                    },
                    "genres": {
                        "S": "Comedy"
                    }
                }
            }
        },
        {
            "PutRequest": {
                "Item": {
                    "id": {
                        "S": "143395"
                    },
                    "title": {
                        "S": "The Clinic (1983)"
                    },
                    "genres": {
                        "S": "(no genres listed)"
                    }
                }
            }
        },
        {
            "PutRequest": {
                "Item": {
                    "id": {
                        "S": "143397"
                    },
                    "title": {
                        "S": "If I Die Before I Wake (2001)"
                    },
                    "genres": {
                        "S": "Crime|Horror|Thriller"
                    }
                }
            }
        },
        {
            "PutRequest": {
                "Item": {
                    "id": {
                        "S": "143401"
                    },
                    "title": {
                        "S": "Deadly Game (1977)"
                    },
                    "genres": {
                        "S": "Drama"
                    }
                }
            }
        },
        {
            "PutRequest": {
                "Item": {
                    "id": {
                        "S": "143404"
                    },
                    "title": {
                        "S": "A Tale of Love and Darkness (2015)"
                    },
                    "genres": {
                        "S": "Drama"
                    }
                }
            }
        },
        {
            "PutRequest": {
                "Item": {
                    "id": {
                        "S": "143406"
                    },
                    "title": {
                        "S": "Blood of My Blood (2011)"
                    },
                    "genres": {
                        "S": "Drama"
                    }
                }
            }
        },
        {
            "PutRequest": {
                "Item": {
                    "id": {
                        "S": "143408"
                    },
                    "title": {
                        "S": "Return to Reason (1923)"
                    },
                    "genres": {
                        "S": "(no genres listed)"
                    }
                }
            }
        },
        {
            "PutRequest": {
                "Item": {
                    "id": {
                        "S": "143410"
                    },
                    "title": {
                        "S": "Hyena Road"
                    },
                    "genres": {
                        "S": "(no genres listed)"
                    }
                }
            }
        },
        {
            "PutRequest": {
                "Item": {
                    "id": {
                        "S": "143412"
                    },
                    "title": {
                        "S": "My Internship in Canada (2015)"
                    },
                    "genres": {
                        "S": "Comedy"
                    }
                }
            }
        },
        {
            "PutRequest": {
                "Item": {
                    "id": {
                        "S": "143414"
                    },
                    "title": {
                        "S": "Gone, But Not Forgotten (2003)"
                    },
                    "genres": {
                        "S": "Drama|Romance|Thriller"
                    }
                }
            }
        },
        {
            "PutRequest": {
                "Item": {
                    "id": {
                        "S": "143416"
                    },
                    "title": {
                        "S": "Honey and the Pig (2005)"
                    },
                    "genres": {
                        "S": "Comedy"
                    }
                }
            }
        },
        {
            "PutRequest": {
                "Item": {
                    "id": {
                        "S": "143418"
                    },
                    "title": {
                        "S": "Amnesia: The James Brighton Enigma (2005)"
                    },
                    "genres": {
                        "S": "Drama|Mystery|Thriller"
                    }
                }
            }
        },
        {
            "PutRequest": {
                "Item": {
                    "id": {
                        "S": "143420"
                    },
                    "title": {
                        "S": "Tsiou (2005)"
                    },
                    "genres": {
                        "S": "(no genres listed)"
                    }
                }
            }
        },
        {
            "PutRequest": {
                "Item": {
                    "id": {
                        "S": "143422"
                    },
                    "title": {
                        "S": "2 (2007)"
                    },
                    "genres": {
                        "S": "Drama"
                    }
                }
            }
        }
    ]
}