{
    "movies": [
        {
            "PutRequest": {
                "Item": {
                    "id": {
                        "S": "125890"
                    },
                    "title": {
                        "S": "Achtung! The Desert Tigers (1977)"
                    },
                    "genres": {
                        "S": "(no genres listed)"
                    }
                }
            }
        },
        {
            "PutRequest": {
                "Item": {
                    "id": {
                        "S": "125892"
                    },
                    "title": {
                        "S": "The Beast in Heat (1977)"
                    },
                    "genres": {
                        "S": "Horror|Thriller|War"
                    }
                }
            }
        },
        {
            "PutRequest": {
                "Item": {
                    "id": {
                        "S": "125894"
                    },
                    "title": {
                        "S": "Doubting Thomas (1935)"
                    },
                    "genres": {
                        "S": "Comedy"
                    }
                }
            }
        },
        {
            "PutRequest": {
                "Item": {
                    "id": {
                        "S": "125896"
                    },
                    "title": {
                        "S": "A Blade in the Dark (1983)"
                    },
                    "genres": {
                        "S": "Horror|Thriller"
                    }
                }
            }
        },
        {
            "PutRequest": {
                "Item": {
                    "id": {
                        "S": "125898"
                    },
                    "title": {
                        "S": "The Phantom Light (1935)"
                    },
                    "genres": {
                        "S": "Mystery|Thriller"
                    }
                }
            }
        },
        {
            "PutRequest": {
                "Item": {
                    "id": {
                        "S": "125900"
                    },
                    "title": {
                        "S": "Sidecar Racers (1975)"
                    },
                    "genres": {
                        "S": "Drama"
                    }
                }
            }
        },
        {
            "PutRequest": {
                "Item": {
                    "id": {
                        "S": "125902"
                    },
                    "title": {
                        "S": "Seven Alone (1974)"
                    },
                    "genres": {
                        "S": "Children|Drama"
                    }
                }
            }
        },
        {
            "PutRequest": {
                "Item": {
                    "id": {
                        "S": "125904"
                    },
                    "title": {
                        "S": "Pretty Cool (2001)"
                    },
                    "genres": {
                        "S": "Action|Comedy|Thriller"
                    }
                }
            }
        },
        {
            "PutRequest": {
                "Item": {
                    "id": {
                        "S": "125906"
                    },
                    "title": {
                        "S": "Ned Rifle (2014)"
                    },
                    "genres": {
                        "S": "Drama"
                    }
                }
            }
        },
        {
            "PutRequest": {
                "Item": {
                    "id": {
                        "S": "125908"
                    },
                    "title": {
                        "S": "Time in the Minors (2010)"
                    },
                    "genres": {
                        "S": "(no genres listed)"
                    }
                }
            }
        },
        {
            "PutRequest": {
                "Item": {
                    "id": {
                        "S": "125910"
                    },
                    "title": {
                        "S": "Stars Above (2012)"
                    },
                    "genres": {
                        "S": "(no genres listed)"
                    }
                }
            }
        },
        {
            "PutRequest": {
                "Item": {
                    "id": {
                        "S": "125912"
                    },
                    "title": {
                        "S": "Not Another Happy Ending (2013)"
                    },
                    "genres": {
                        "S": "Comedy|Drama|Romance"
                    }
                }
            }
        },
        {
            "PutRequest": {
                "Item": {
                    "id": {
                        "S": "125914"
                    },
                    "title": {
                        "S": "Mortdecai (2015)"
                    },
                    "genres": {
                        "S": "Adventure|Comedy|Mystery|Romance"
                    }
                }
            }
        },
        {
            "PutRequest": {
                "Item": {
                    "id": {
                        "S": "125916"
                    },
                    "title": {
                        "S": "Fifty Shades of Grey (2015)"
                    },
                    "genres": {
                        "S": "Drama|Romance"
                    }
                }
            }
        },
        {
            "PutRequest": {
                "Item": {
                    "id": {
                        "S": "125918"
                    },
                    "title": {
                        "S": "Expelled (2014)"
                    },
                    "genres": {
                        "S": "Comedy"
                    }
                }
            }
        },
        {
            "PutRequest": {
                "Item": {
                    "id": {
                        "S": "125920"
                    },
                    "title": {
                        "S": "Buffalo Girls (2012)"
                    },
                    "genres": {
                        "S": "Action"
                    }
                }
            }
        },
        {
            "PutRequest": {
                "Item": {
                    "id": {
                        "S": "125922"
                    },
                    "title": {
                        "S": "Gregory Go Boom (2013)"
                    },
                    "genres": {
                        "S": "Comedy"
                    }
                }
            }
        },
        {
            "PutRequest": {
                "Item": {
                    "id": {
                        "S": "125924"
                    },
                    "title": {
                        "S": "The Periwig-Maker (1999)"
                    },
                    "genres": {
                        "S": "Animation"
                    }
                }
            }
        },
        {
            "PutRequest": {
                "Item": {
                    "id": {
                        "S": "125926"
                    },
                    "title": {
                        "S": "Kiwi! (2006)"
                    },
                    "genres": {
                        "S": "Action|Animation"
                    }
                }
            }
        },
        {
            "PutRequest": {
                "Item": {
                    "id": {
                        "S": "125928"
                    },
                    "title": {
                        "S": "Santa's Pocket Watch (1980)"
                    },
                    "genres": {
                        "S": "(no genres listed)"
                    }
                }
            }
        },
        {
            "PutRequest": {
                "Item": {
                    "id": {
                        "S": "125930"
                    },
                    "title": {
                        "S": "Bj\u00f6rk at the Royal Opera House (2002)"
                    },
                    "genres": {
                        "S": "(no genres listed)"
                    }
                }
            }
        },
        {
            "PutRequest": {
                "Item": {
                    "id": {
                        "S": "125932"
                    },
                    "title": {
                        "S": "The Fox and the Hare (1973)"
                    },
                    "genres": {
                        "S": "Animation|Children"
                    }
                }
            }
        },
        {
            "PutRequest": {
                "Item": {
                    "id": {
                        "S": "125934"
                    },
                    "title": {
                        "S": "Christmas Comes but Once a Year (1936)"
                    },
                    "genres": {
                        "S": "(no genres listed)"
                    }
                }
            }
        },
        {
            "PutRequest": {
                "Item": {
                    "id": {
                        "S": "125936"
                    },
                    "title": {
                        "S": "Crac (1981)"
                    },
                    "genres": {
                        "S": "Animation"
                    }
                }
            }
        },
        {
            "PutRequest": {
                "Item": {
                    "id": {
                        "S": "125938"
                    },
                    "title": {
                        "S": "Reggie Watts: Why Shit So Crazy? (2010)"
                    },
                    "genres": {
                        "S": "Comedy"
                    }
                }
            }
        }
    ]
}