{
    "movies": [
        {
            "PutRequest": {
                "Item": {
                    "id": {
                        "S": "130748"
                    },
                    "title": {
                        "S": "Ghosts Can't Do It (1989)"
                    },
                    "genres": {
                        "S": "Action|Comedy|Fantasy|Romance|Sci-Fi"
                    }
                }
            }
        },
        {
            "PutRequest": {
                "Item": {
                    "id": {
                        "S": "130750"
                    },
                    "title": {
                        "S": "Fantasies (1981)"
                    },
                    "genres": {
                        "S": "Drama"
                    }
                }
            }
        },
        {
            "PutRequest": {
                "Item": {
                    "id": {
                        "S": "130754"
                    },
                    "title": {
                        "S": "Nightmare in the Sun (1965)"
                    },
                    "genres": {
                        "S": "Crime|Drama"
                    }
                }
            }
        },
        {
            "PutRequest": {
                "Item": {
                    "id": {
                        "S": "130756"
                    },
                    "title": {
                        "S": "Mercenary Fighters (1988)"
                    },
                    "genres": {
                        "S": "Action|Adventure|Drama"
                    }
                }
            }
        },
        {
            "PutRequest": {
                "Item": {
                    "id": {
                        "S": "130758"
                    },
                    "title": {
                        "S": "Puss in Boots (1988)"
                    },
                    "genres": {
                        "S": "Children|Fantasy"
                    }
                }
            }
        },
        {
            "PutRequest": {
                "Item": {
                    "id": {
                        "S": "130762"
                    },
                    "title": {
                        "S": "Robotech: The Untold Story (1986)"
                    },
                    "genres": {
                        "S": "Animation"
                    }
                }
            }
        },
        {
            "PutRequest": {
                "Item": {
                    "id": {
                        "S": "130766"
                    },
                    "title": {
                        "S": "Roots of Evil (1992)"
                    },
                    "genres": {
                        "S": "Crime|Drama"
                    }
                }
            }
        },
        {
            "PutRequest": {
                "Item": {
                    "id": {
                        "S": "130768"
                    },
                    "title": {
                        "S": "Chain of Command (2000)"
                    },
                    "genres": {
                        "S": "Action|Thriller"
                    }
                }
            }
        },
        {
            "PutRequest": {
                "Item": {
                    "id": {
                        "S": "130770"
                    },
                    "title": {
                        "S": "Love Lies Bleeding (1999)"
                    },
                    "genres": {
                        "S": "(no genres listed)"
                    }
                }
            }
        },
        {
            "PutRequest": {
                "Item": {
                    "id": {
                        "S": "130772"
                    },
                    "title": {
                        "S": "WindRunner (1994)"
                    },
                    "genres": {
                        "S": "Children|Drama|Fantasy"
                    }
                }
            }
        },
        {
            "PutRequest": {
                "Item": {
                    "id": {
                        "S": "130776"
                    },
                    "title": {
                        "S": "Deadly Illusion (1987)"
                    },
                    "genres": {
                        "S": "(no genres listed)"
                    }
                }
            }
        },
        {
            "PutRequest": {
                "Item": {
                    "id": {
                        "S": "130778"
                    },
                    "title": {
                        "S": "The Fruit Machine (1988)"
                    },
                    "genres": {
                        "S": "Drama"
                    }
                }
            }
        },
        {
            "PutRequest": {
                "Item": {
                    "id": {
                        "S": "130780"
                    },
                    "title": {
                        "S": "The Ambassador (1985)"
                    },
                    "genres": {
                        "S": "Drama"
                    }
                }
            }
        },
        {
            "PutRequest": {
                "Item": {
                    "id": {
                        "S": "130784"
                    },
                    "title": {
                        "S": "The Whisperer in Darkness (2011)"
                    },
                    "genres": {
                        "S": "Horror|Mystery|Sci-Fi|Thriller"
                    }
                }
            }
        },
        {
            "PutRequest": {
                "Item": {
                    "id": {
                        "S": "130786"
                    },
                    "title": {
                        "S": "Rappin' (1985)"
                    },
                    "genres": {
                        "S": "Children|Drama"
                    }
                }
            }
        },
        {
            "PutRequest": {
                "Item": {
                    "id": {
                        "S": "130788"
                    },
                    "title": {
                        "S": "Mata Hari (1985)"
                    },
                    "genres": {
                        "S": "Action|Drama|Romance|Thriller"
                    }
                }
            }
        },
        {
            "PutRequest": {
                "Item": {
                    "id": {
                        "S": "130790"
                    },
                    "title": {
                        "S": "Hanna's War (1988)"
                    },
                    "genres": {
                        "S": "(no genres listed)"
                    }
                }
            }
        },
        {
            "PutRequest": {
                "Item": {
                    "id": {
                        "S": "130792"
                    },
                    "title": {
                        "S": "Terminal Bliss (1992)"
                    },
                    "genres": {
                        "S": "Drama"
                    }
                }
            }
        },
        {
            "PutRequest": {
                "Item": {
                    "id": {
                        "S": "130794"
                    },
                    "title": {
                        "S": "Beauty and the Beast (1987)"
                    },
                    "genres": {
                        "S": "Children|Romance"
                    }
                }
            }
        },
        {
            "PutRequest": {
                "Item": {
                    "id": {
                        "S": "130796"
                    },
                    "title": {
                        "S": "Rumpelstiltskin (1987)"
                    },
                    "genres": {
                        "S": "Children|Fantasy|Sci-Fi"
                    }
                }
            }
        },
        {
            "PutRequest": {
                "Item": {
                    "id": {
                        "S": "130800"
                    },
                    "title": {
                        "S": "Sleeping Beauty (1987)"
                    },
                    "genres": {
                        "S": "Children|Fantasy"
                    }
                }
            }
        },
        {
            "PutRequest": {
                "Item": {
                    "id": {
                        "S": "130802"
                    },
                    "title": {
                        "S": "Crack House (1989)"
                    },
                    "genres": {
                        "S": "Action|Drama"
                    }
                }
            }
        },
        {
            "PutRequest": {
                "Item": {
                    "id": {
                        "S": "130804"
                    },
                    "title": {
                        "S": "The Fourth War (1990)"
                    },
                    "genres": {
                        "S": "Drama|Thriller"
                    }
                }
            }
        },
        {
            "PutRequest": {
                "Item": {
                    "id": {
                        "S": "130806"
                    },
                    "title": {
                        "S": "Under Cover (1987)"
                    },
                    "genres": {
                        "S": "Action|Crime|Drama"
                    }
                }
            }
        },
        {
            "PutRequest": {
                "Item": {
                    "id": {
                        "S": "130808"
                    },
                    "title": {
                        "S": "River of Death (1989)"
                    },
                    "genres": {
                        "S": "Adventure"
                    }
                }
            }
        }
    ]
}