{
    "movies": [
        {
            "PutRequest": {
                "Item": {
                    "id": {
                        "S": "147404"
                    },
                    "title": {
                        "S": "The Phone (2015)"
                    },
                    "genres": {
                        "S": "(no genres listed)"
                    }
                }
            }
        },
        {
            "PutRequest": {
                "Item": {
                    "id": {
                        "S": "147408"
                    },
                    "title": {
                        "S": "Frau Ella (2013)"
                    },
                    "genres": {
                        "S": "Comedy"
                    }
                }
            }
        },
        {
            "PutRequest": {
                "Item": {
                    "id": {
                        "S": "147410"
                    },
                    "title": {
                        "S": "A Perfect Day (2015)"
                    },
                    "genres": {
                        "S": "Comedy|Drama"
                    }
                }
            }
        },
        {
            "PutRequest": {
                "Item": {
                    "id": {
                        "S": "147414"
                    },
                    "title": {
                        "S": "A-1 Headline (2004)"
                    },
                    "genres": {
                        "S": "Action|Drama|Romance|Thriller"
                    }
                }
            }
        },
        {
            "PutRequest": {
                "Item": {
                    "id": {
                        "S": "147418"
                    },
                    "title": {
                        "S": "Sergeants 3 (1962)"
                    },
                    "genres": {
                        "S": "Comedy|Western"
                    }
                }
            }
        },
        {
            "PutRequest": {
                "Item": {
                    "id": {
                        "S": "147420"
                    },
                    "title": {
                        "S": "Meet Danny Wilson (1952)"
                    },
                    "genres": {
                        "S": "(no genres listed)"
                    }
                }
            }
        },
        {
            "PutRequest": {
                "Item": {
                    "id": {
                        "S": "147422"
                    },
                    "title": {
                        "S": "The Miracle of the Bells (1948)"
                    },
                    "genres": {
                        "S": "Drama"
                    }
                }
            }
        },
        {
            "PutRequest": {
                "Item": {
                    "id": {
                        "S": "147424"
                    },
                    "title": {
                        "S": "Step Lively (1944)"
                    },
                    "genres": {
                        "S": "Drama"
                    }
                }
            }
        },
        {
            "PutRequest": {
                "Item": {
                    "id": {
                        "S": "147426"
                    },
                    "title": {
                        "S": "\u0130tiraz\u0131m Var (2014)"
                    },
                    "genres": {
                        "S": "Action|Crime|Drama"
                    }
                }
            }
        },
        {
            "PutRequest": {
                "Item": {
                    "id": {
                        "S": "147428"
                    },
                    "title": {
                        "S": "Limonata (2015)"
                    },
                    "genres": {
                        "S": "Comedy|Drama"
                    }
                }
            }
        },
        {
            "PutRequest": {
                "Item": {
                    "id": {
                        "S": "147430"
                    },
                    "title": {
                        "S": "Antidote (2014)"
                    },
                    "genres": {
                        "S": "Action|Crime|Drama"
                    }
                }
            }
        },
        {
            "PutRequest": {
                "Item": {
                    "id": {
                        "S": "147432"
                    },
                    "title": {
                        "S": "Pardon (2005)"
                    },
                    "genres": {
                        "S": "Comedy|Drama"
                    }
                }
            }
        },
        {
            "PutRequest": {
                "Item": {
                    "id": {
                        "S": "147434"
                    },
                    "title": {
                        "S": "Organize isler (2005)"
                    },
                    "genres": {
                        "S": "Comedy"
                    }
                }
            }
        },
        {
            "PutRequest": {
                "Item": {
                    "id": {
                        "S": "147436"
                    },
                    "title": {
                        "S": "Police (2007)"
                    },
                    "genres": {
                        "S": "Action|Comedy|Drama"
                    }
                }
            }
        },
        {
            "PutRequest": {
                "Item": {
                    "id": {
                        "S": "147441"
                    },
                    "title": {
                        "S": "3\u00bd Minutes, 10 Bullets (2015)"
                    },
                    "genres": {
                        "S": "Documentary"
                    }
                }
            }
        },
        {
            "PutRequest": {
                "Item": {
                    "id": {
                        "S": "147448"
                    },
                    "title": {
                        "S": "After Words (2015)"
                    },
                    "genres": {
                        "S": "Drama"
                    }
                }
            }
        },
        {
            "PutRequest": {
                "Item": {
                    "id": {
                        "S": "147450"
                    },
                    "title": {
                        "S": "Amigo Undead"
                    },
                    "genres": {
                        "S": "(no genres listed)"
                    }
                }
            }
        },
        {
            "PutRequest": {
                "Item": {
                    "id": {
                        "S": "147452"
                    },
                    "title": {
                        "S": "Coldwater (2013)"
                    },
                    "genres": {
                        "S": "Drama|Thriller"
                    }
                }
            }
        },
        {
            "PutRequest": {
                "Item": {
                    "id": {
                        "S": "147454"
                    },
                    "title": {
                        "S": "Aleksandr's Price (2013)"
                    },
                    "genres": {
                        "S": "Drama|Mystery|Thriller"
                    }
                }
            }
        },
        {
            "PutRequest": {
                "Item": {
                    "id": {
                        "S": "147456"
                    },
                    "title": {
                        "S": "The Legend of Longwood (2014)"
                    },
                    "genres": {
                        "S": "Adventure|Children|Drama"
                    }
                }
            }
        },
        {
            "PutRequest": {
                "Item": {
                    "id": {
                        "S": "147458"
                    },
                    "title": {
                        "S": "The Blancheville Monster (1963)"
                    },
                    "genres": {
                        "S": "(no genres listed)"
                    }
                }
            }
        },
        {
            "PutRequest": {
                "Item": {
                    "id": {
                        "S": "147460"
                    },
                    "title": {
                        "S": "The Witch Returns to Life (1952)"
                    },
                    "genres": {
                        "S": "Comedy|Fantasy|Horror"
                    }
                }
            }
        },
        {
            "PutRequest": {
                "Item": {
                    "id": {
                        "S": "147462"
                    },
                    "title": {
                        "S": "Dead Creatures (2001)"
                    },
                    "genres": {
                        "S": "Horror"
                    }
                }
            }
        },
        {
            "PutRequest": {
                "Item": {
                    "id": {
                        "S": "147464"
                    },
                    "title": {
                        "S": "Ninja Death (1987)"
                    },
                    "genres": {
                        "S": "Action"
                    }
                }
            }
        },
        {
            "PutRequest": {
                "Item": {
                    "id": {
                        "S": "147466"
                    },
                    "title": {
                        "S": "Emperor of Shaolin Kung Fu (1980)"
                    },
                    "genres": {
                        "S": "(no genres listed)"
                    }
                }
            }
        }
    ]
}