{
    "movies": [
        {
            "PutRequest": {
                "Item": {
                    "id": {
                        "S": "143061"
                    },
                    "title": {
                        "S": "Don't Look Down (2008)"
                    },
                    "genres": {
                        "S": "Drama|Romance"
                    }
                }
            }
        },
        {
            "PutRequest": {
                "Item": {
                    "id": {
                        "S": "143063"
                    },
                    "title": {
                        "S": "Sheila Levine is Dead and Living in New York (1975)"
                    },
                    "genres": {
                        "S": "Comedy"
                    }
                }
            }
        },
        {
            "PutRequest": {
                "Item": {
                    "id": {
                        "S": "143065"
                    },
                    "title": {
                        "S": "Orson Welles: The One-Man Band (1995)"
                    },
                    "genres": {
                        "S": "Documentary"
                    }
                }
            }
        },
        {
            "PutRequest": {
                "Item": {
                    "id": {
                        "S": "143067"
                    },
                    "title": {
                        "S": "Dream Deceivers: The Story Behind James Vance vs. Judas Priest (1992)"
                    },
                    "genres": {
                        "S": "(no genres listed)"
                    }
                }
            }
        },
        {
            "PutRequest": {
                "Item": {
                    "id": {
                        "S": "143069"
                    },
                    "title": {
                        "S": "Daft Punk Unchained (2015)"
                    },
                    "genres": {
                        "S": "Documentary"
                    }
                }
            }
        },
        {
            "PutRequest": {
                "Item": {
                    "id": {
                        "S": "143071"
                    },
                    "title": {
                        "S": "Chilling Visions: 5 Senses of Fear (2013)"
                    },
                    "genres": {
                        "S": "Horror"
                    }
                }
            }
        },
        {
            "PutRequest": {
                "Item": {
                    "id": {
                        "S": "143076"
                    },
                    "title": {
                        "S": "Aftermath (2004)"
                    },
                    "genres": {
                        "S": "Drama"
                    }
                }
            }
        },
        {
            "PutRequest": {
                "Item": {
                    "id": {
                        "S": "143078"
                    },
                    "title": {
                        "S": "Crash: The Mystery of Flight 1501 (1990)"
                    },
                    "genres": {
                        "S": "Drama|Mystery"
                    }
                }
            }
        },
        {
            "PutRequest": {
                "Item": {
                    "id": {
                        "S": "143082"
                    },
                    "title": {
                        "S": "Airborne (2012)"
                    },
                    "genres": {
                        "S": "Horror|Thriller"
                    }
                }
            }
        },
        {
            "PutRequest": {
                "Item": {
                    "id": {
                        "S": "143086"
                    },
                    "title": {
                        "S": "An American Girl: Saige Paints the Sky (2013)"
                    },
                    "genres": {
                        "S": "Children"
                    }
                }
            }
        },
        {
            "PutRequest": {
                "Item": {
                    "id": {
                        "S": "143089"
                    },
                    "title": {
                        "S": "Beverly Hills Madam (1986)"
                    },
                    "genres": {
                        "S": "Drama"
                    }
                }
            }
        },
        {
            "PutRequest": {
                "Item": {
                    "id": {
                        "S": "143091"
                    },
                    "title": {
                        "S": "The Gauntlet (2013)"
                    },
                    "genres": {
                        "S": "Action|Adventure|Horror"
                    }
                }
            }
        },
        {
            "PutRequest": {
                "Item": {
                    "id": {
                        "S": "143093"
                    },
                    "title": {
                        "S": "Blood Vows: The Story of a Mafia Wife (1987)"
                    },
                    "genres": {
                        "S": "(no genres listed)"
                    }
                }
            }
        },
        {
            "PutRequest": {
                "Item": {
                    "id": {
                        "S": "143096"
                    },
                    "title": {
                        "S": "La corruzione (1963)"
                    },
                    "genres": {
                        "S": "(no genres listed)"
                    }
                }
            }
        },
        {
            "PutRequest": {
                "Item": {
                    "id": {
                        "S": "143098"
                    },
                    "title": {
                        "S": "Crawl (2011)"
                    },
                    "genres": {
                        "S": "Crime|Thriller"
                    }
                }
            }
        },
        {
            "PutRequest": {
                "Item": {
                    "id": {
                        "S": "143101"
                    },
                    "title": {
                        "S": "A Feather in Her Hat (1935)"
                    },
                    "genres": {
                        "S": "(no genres listed)"
                    }
                }
            }
        },
        {
            "PutRequest": {
                "Item": {
                    "id": {
                        "S": "143103"
                    },
                    "title": {
                        "S": "First Love (1974)"
                    },
                    "genres": {
                        "S": "(no genres listed)"
                    }
                }
            }
        },
        {
            "PutRequest": {
                "Item": {
                    "id": {
                        "S": "143105"
                    },
                    "title": {
                        "S": "First Love (1978)"
                    },
                    "genres": {
                        "S": "Drama|Romance"
                    }
                }
            }
        },
        {
            "PutRequest": {
                "Item": {
                    "id": {
                        "S": "143108"
                    },
                    "title": {
                        "S": "First Love (2000)"
                    },
                    "genres": {
                        "S": "(no genres listed)"
                    }
                }
            }
        },
        {
            "PutRequest": {
                "Item": {
                    "id": {
                        "S": "143111"
                    },
                    "title": {
                        "S": "First Love (2006)"
                    },
                    "genres": {
                        "S": "Crime|Drama"
                    }
                }
            }
        },
        {
            "PutRequest": {
                "Item": {
                    "id": {
                        "S": "143113"
                    },
                    "title": {
                        "S": "GodFather (1991)"
                    },
                    "genres": {
                        "S": "Comedy|Drama|Romance"
                    }
                }
            }
        },
        {
            "PutRequest": {
                "Item": {
                    "id": {
                        "S": "143115"
                    },
                    "title": {
                        "S": "Varalaru (2006)"
                    },
                    "genres": {
                        "S": "Drama"
                    }
                }
            }
        },
        {
            "PutRequest": {
                "Item": {
                    "id": {
                        "S": "143117"
                    },
                    "title": {
                        "S": "Hands of a Stranger (1962)"
                    },
                    "genres": {
                        "S": "Horror|Thriller"
                    }
                }
            }
        },
        {
            "PutRequest": {
                "Item": {
                    "id": {
                        "S": "143119"
                    },
                    "title": {
                        "S": "Mansion of the Doomed (1976)"
                    },
                    "genres": {
                        "S": "Horror"
                    }
                }
            }
        },
        {
            "PutRequest": {
                "Item": {
                    "id": {
                        "S": "143126"
                    },
                    "title": {
                        "S": "Mischief Night (2006)"
                    },
                    "genres": {
                        "S": "Drama"
                    }
                }
            }
        }
    ]
}