{
    "movies": [
        {
            "PutRequest": {
                "Item": {
                    "id": {
                        "S": "140218"
                    },
                    "title": {
                        "S": "P-51 Dragon Fighter (2014)"
                    },
                    "genres": {
                        "S": "Action|Fantasy|Sci-Fi"
                    }
                }
            }
        },
        {
            "PutRequest": {
                "Item": {
                    "id": {
                        "S": "140220"
                    },
                    "title": {
                        "S": "Guest Wife (1945)"
                    },
                    "genres": {
                        "S": "Comedy|Romance"
                    }
                }
            }
        },
        {
            "PutRequest": {
                "Item": {
                    "id": {
                        "S": "140222"
                    },
                    "title": {
                        "S": "A Killer Among Us (2012)"
                    },
                    "genres": {
                        "S": "Crime|Thriller"
                    }
                }
            }
        },
        {
            "PutRequest": {
                "Item": {
                    "id": {
                        "S": "140224"
                    },
                    "title": {
                        "S": "Filmage: The Story of Descendents/All"
                    },
                    "genres": {
                        "S": "Documentary"
                    }
                }
            }
        },
        {
            "PutRequest": {
                "Item": {
                    "id": {
                        "S": "140226"
                    },
                    "title": {
                        "S": "An Almost Perfect Affair (1979)"
                    },
                    "genres": {
                        "S": "Comedy|Romance"
                    }
                }
            }
        },
        {
            "PutRequest": {
                "Item": {
                    "id": {
                        "S": "140228"
                    },
                    "title": {
                        "S": "Giratina and the Sky Warrior (2008)"
                    },
                    "genres": {
                        "S": "Adventure|Animation|Children"
                    }
                }
            }
        },
        {
            "PutRequest": {
                "Item": {
                    "id": {
                        "S": "140231"
                    },
                    "title": {
                        "S": "Zeitoun (2015)"
                    },
                    "genres": {
                        "S": "Animation|Drama"
                    }
                }
            }
        },
        {
            "PutRequest": {
                "Item": {
                    "id": {
                        "S": "140233"
                    },
                    "title": {
                        "S": "Ernie Biscuit (2015)"
                    },
                    "genres": {
                        "S": "(no genres listed)"
                    }
                }
            }
        },
        {
            "PutRequest": {
                "Item": {
                    "id": {
                        "S": "140235"
                    },
                    "title": {
                        "S": "The Redeemer: Son of Satan! (1978)"
                    },
                    "genres": {
                        "S": "Horror"
                    }
                }
            }
        },
        {
            "PutRequest": {
                "Item": {
                    "id": {
                        "S": "140237"
                    },
                    "title": {
                        "S": "The Runner (2015)"
                    },
                    "genres": {
                        "S": "Drama"
                    }
                }
            }
        },
        {
            "PutRequest": {
                "Item": {
                    "id": {
                        "S": "140239"
                    },
                    "title": {
                        "S": "Helter Skelter (2012)"
                    },
                    "genres": {
                        "S": "Drama|Fantasy|Horror"
                    }
                }
            }
        },
        {
            "PutRequest": {
                "Item": {
                    "id": {
                        "S": "140241"
                    },
                    "title": {
                        "S": "Bandage (2010)"
                    },
                    "genres": {
                        "S": "Drama|Romance"
                    }
                }
            }
        },
        {
            "PutRequest": {
                "Item": {
                    "id": {
                        "S": "140243"
                    },
                    "title": {
                        "S": "Tokyo Tower (2005)"
                    },
                    "genres": {
                        "S": "Drama|Romance"
                    }
                }
            }
        },
        {
            "PutRequest": {
                "Item": {
                    "id": {
                        "S": "140245"
                    },
                    "title": {
                        "S": "Twenty (2015)"
                    },
                    "genres": {
                        "S": "Comedy|Drama"
                    }
                }
            }
        },
        {
            "PutRequest": {
                "Item": {
                    "id": {
                        "S": "140247"
                    },
                    "title": {
                        "S": "The Gift (2015)"
                    },
                    "genres": {
                        "S": "Drama|Horror"
                    }
                }
            }
        },
        {
            "PutRequest": {
                "Item": {
                    "id": {
                        "S": "140249"
                    },
                    "title": {
                        "S": "Babine (2008)"
                    },
                    "genres": {
                        "S": "Drama|Fantasy"
                    }
                }
            }
        },
        {
            "PutRequest": {
                "Item": {
                    "id": {
                        "S": "140253"
                    },
                    "title": {
                        "S": "Unter Umst\u00e4nden verliebt (2012)"
                    },
                    "genres": {
                        "S": "Comedy"
                    }
                }
            }
        },
        {
            "PutRequest": {
                "Item": {
                    "id": {
                        "S": "140255"
                    },
                    "title": {
                        "S": "Journey to Planet X (2012)"
                    },
                    "genres": {
                        "S": "Documentary"
                    }
                }
            }
        },
        {
            "PutRequest": {
                "Item": {
                    "id": {
                        "S": "140257"
                    },
                    "title": {
                        "S": "L'Art de s\u00e9duire (2011)"
                    },
                    "genres": {
                        "S": "Comedy|Romance"
                    }
                }
            }
        },
        {
            "PutRequest": {
                "Item": {
                    "id": {
                        "S": "140261"
                    },
                    "title": {
                        "S": "Set Fire to the Stars (2015)"
                    },
                    "genres": {
                        "S": "Drama"
                    }
                }
            }
        },
        {
            "PutRequest": {
                "Item": {
                    "id": {
                        "S": "140263"
                    },
                    "title": {
                        "S": "Milk? (2012)"
                    },
                    "genres": {
                        "S": "Documentary"
                    }
                }
            }
        },
        {
            "PutRequest": {
                "Item": {
                    "id": {
                        "S": "140265"
                    },
                    "title": {
                        "S": "George Carlin: Jammin' in New York (1992)"
                    },
                    "genres": {
                        "S": "Comedy"
                    }
                }
            }
        },
        {
            "PutRequest": {
                "Item": {
                    "id": {
                        "S": "140267"
                    },
                    "title": {
                        "S": "The Witch (2015)"
                    },
                    "genres": {
                        "S": "Horror"
                    }
                }
            }
        },
        {
            "PutRequest": {
                "Item": {
                    "id": {
                        "S": "140269"
                    },
                    "title": {
                        "S": "Homeless to Harvard: The Liz Murray Story (2003)"
                    },
                    "genres": {
                        "S": "Drama"
                    }
                }
            }
        },
        {
            "PutRequest": {
                "Item": {
                    "id": {
                        "S": "140271"
                    },
                    "title": {
                        "S": "Mary Is Happy, Mary Is Happy (2013)"
                    },
                    "genres": {
                        "S": "Drama"
                    }
                }
            }
        }
    ]
}