{
    "movies": [
        {
            "PutRequest": {
                "Item": {
                    "id": {
                        "S": "123467"
                    },
                    "title": {
                        "S": "Jewtopia (2012)"
                    },
                    "genres": {
                        "S": "Comedy|Romance"
                    }
                }
            }
        },
        {
            "PutRequest": {
                "Item": {
                    "id": {
                        "S": "123469"
                    },
                    "title": {
                        "S": "The Man from Colorado (1948)"
                    },
                    "genres": {
                        "S": "Action|Drama|Western"
                    }
                }
            }
        },
        {
            "PutRequest": {
                "Item": {
                    "id": {
                        "S": "123471"
                    },
                    "title": {
                        "S": "His and Hers (2001)"
                    },
                    "genres": {
                        "S": "Comedy"
                    }
                }
            }
        },
        {
            "PutRequest": {
                "Item": {
                    "id": {
                        "S": "123473"
                    },
                    "title": {
                        "S": "Light in the Piazza (1962)"
                    },
                    "genres": {
                        "S": "Drama|Romance"
                    }
                }
            }
        },
        {
            "PutRequest": {
                "Item": {
                    "id": {
                        "S": "123475"
                    },
                    "title": {
                        "S": "Malta Story (1953)"
                    },
                    "genres": {
                        "S": "Drama|War"
                    }
                }
            }
        },
        {
            "PutRequest": {
                "Item": {
                    "id": {
                        "S": "123477"
                    },
                    "title": {
                        "S": "The Land Before Time XII: The Great Day of the Flyers (2006)"
                    },
                    "genres": {
                        "S": "Animation|Children|Sci-Fi"
                    }
                }
            }
        },
        {
            "PutRequest": {
                "Item": {
                    "id": {
                        "S": "123479"
                    },
                    "title": {
                        "S": "Payment on Demand (1951)"
                    },
                    "genres": {
                        "S": "Drama"
                    }
                }
            }
        },
        {
            "PutRequest": {
                "Item": {
                    "id": {
                        "S": "123481"
                    },
                    "title": {
                        "S": "Storm Warning (1951)"
                    },
                    "genres": {
                        "S": "Crime|Drama"
                    }
                }
            }
        },
        {
            "PutRequest": {
                "Item": {
                    "id": {
                        "S": "123483"
                    },
                    "title": {
                        "S": "The Zero Hour (2010)"
                    },
                    "genres": {
                        "S": "Action"
                    }
                }
            }
        },
        {
            "PutRequest": {
                "Item": {
                    "id": {
                        "S": "123485"
                    },
                    "title": {
                        "S": "The Poet (2007)"
                    },
                    "genres": {
                        "S": "Drama|Romance"
                    }
                }
            }
        },
        {
            "PutRequest": {
                "Item": {
                    "id": {
                        "S": "123487"
                    },
                    "title": {
                        "S": "The Substitute 4: Failure Is Not an Option (2001)"
                    },
                    "genres": {
                        "S": "Action|Drama"
                    }
                }
            }
        },
        {
            "PutRequest": {
                "Item": {
                    "id": {
                        "S": "123489"
                    },
                    "title": {
                        "S": "Judgment Day (1999)"
                    },
                    "genres": {
                        "S": "Action|Drama|Sci-Fi|Thriller"
                    }
                }
            }
        },
        {
            "PutRequest": {
                "Item": {
                    "id": {
                        "S": "123491"
                    },
                    "title": {
                        "S": "The Beacon (2009)"
                    },
                    "genres": {
                        "S": "Horror|Thriller"
                    }
                }
            }
        },
        {
            "PutRequest": {
                "Item": {
                    "id": {
                        "S": "123493"
                    },
                    "title": {
                        "S": "Nas: Time Is Illmatic (2014)"
                    },
                    "genres": {
                        "S": "Documentary"
                    }
                }
            }
        },
        {
            "PutRequest": {
                "Item": {
                    "id": {
                        "S": "123495"
                    },
                    "title": {
                        "S": "Small Town Saturday Night (2010)"
                    },
                    "genres": {
                        "S": "Drama"
                    }
                }
            }
        },
        {
            "PutRequest": {
                "Item": {
                    "id": {
                        "S": "123497"
                    },
                    "title": {
                        "S": "Ricky Gervais: Out of England 2 - The Stand-Up Special (2010)"
                    },
                    "genres": {
                        "S": "Comedy"
                    }
                }
            }
        },
        {
            "PutRequest": {
                "Item": {
                    "id": {
                        "S": "123499"
                    },
                    "title": {
                        "S": "The Hunters (2013)"
                    },
                    "genres": {
                        "S": "Adventure"
                    }
                }
            }
        },
        {
            "PutRequest": {
                "Item": {
                    "id": {
                        "S": "123504"
                    },
                    "title": {
                        "S": "Desire Me (1947)"
                    },
                    "genres": {
                        "S": "Drama|Romance|War"
                    }
                }
            }
        },
        {
            "PutRequest": {
                "Item": {
                    "id": {
                        "S": "123506"
                    },
                    "title": {
                        "S": "High Barbaree (1947)"
                    },
                    "genres": {
                        "S": "Action|Drama"
                    }
                }
            }
        },
        {
            "PutRequest": {
                "Item": {
                    "id": {
                        "S": "123508"
                    },
                    "title": {
                        "S": "Assignment in Brittany (1943)"
                    },
                    "genres": {
                        "S": "Drama|War"
                    }
                }
            }
        },
        {
            "PutRequest": {
                "Item": {
                    "id": {
                        "S": "123510"
                    },
                    "title": {
                        "S": "Honky Tonk (1941)"
                    },
                    "genres": {
                        "S": "Comedy|Crime|Drama|Romance|Western"
                    }
                }
            }
        },
        {
            "PutRequest": {
                "Item": {
                    "id": {
                        "S": "123512"
                    },
                    "title": {
                        "S": "A Yank at Oxford (1938)"
                    },
                    "genres": {
                        "S": "Drama|Romance"
                    }
                }
            }
        },
        {
            "PutRequest": {
                "Item": {
                    "id": {
                        "S": "123514"
                    },
                    "title": {
                        "S": "The Gay Bride (1934)"
                    },
                    "genres": {
                        "S": "Comedy|Crime"
                    }
                }
            }
        },
        {
            "PutRequest": {
                "Item": {
                    "id": {
                        "S": "123516"
                    },
                    "title": {
                        "S": "The Girl From Missouri (1934)"
                    },
                    "genres": {
                        "S": "Comedy|Romance"
                    }
                }
            }
        },
        {
            "PutRequest": {
                "Item": {
                    "id": {
                        "S": "123518"
                    },
                    "title": {
                        "S": "Hell Below (1933)"
                    },
                    "genres": {
                        "S": "(no genres listed)"
                    }
                }
            }
        }
    ]
}