{
    "movies": [
        {
            "PutRequest": {
                "Item": {
                    "id": {
                        "S": "147821"
                    },
                    "title": {
                        "S": "Ferry to Hongkong (1959)"
                    },
                    "genres": {
                        "S": "Drama"
                    }
                }
            }
        },
        {
            "PutRequest": {
                "Item": {
                    "id": {
                        "S": "147823"
                    },
                    "title": {
                        "S": "Stepping Out (1991)"
                    },
                    "genres": {
                        "S": "Comedy|Drama"
                    }
                }
            }
        },
        {
            "PutRequest": {
                "Item": {
                    "id": {
                        "S": "147825"
                    },
                    "title": {
                        "S": "For Some Inexplicable Reason (2014)"
                    },
                    "genres": {
                        "S": "Drama"
                    }
                }
            }
        },
        {
            "PutRequest": {
                "Item": {
                    "id": {
                        "S": "147827"
                    },
                    "title": {
                        "S": "Afterlife (2014)"
                    },
                    "genres": {
                        "S": "Comedy|Drama"
                    }
                }
            }
        },
        {
            "PutRequest": {
                "Item": {
                    "id": {
                        "S": "147829"
                    },
                    "title": {
                        "S": "Love is All: 100 Years of Love & Courtship (2014)"
                    },
                    "genres": {
                        "S": "Documentary"
                    }
                }
            }
        },
        {
            "PutRequest": {
                "Item": {
                    "id": {
                        "S": "147831"
                    },
                    "title": {
                        "S": "Anthony Jeselnik: Thoughts and Prayers (2015)"
                    },
                    "genres": {
                        "S": "Comedy"
                    }
                }
            }
        },
        {
            "PutRequest": {
                "Item": {
                    "id": {
                        "S": "147833"
                    },
                    "title": {
                        "S": "Anthony Jeselnik: Caligula (2013)"
                    },
                    "genres": {
                        "S": "Comedy"
                    }
                }
            }
        },
        {
            "PutRequest": {
                "Item": {
                    "id": {
                        "S": "147835"
                    },
                    "title": {
                        "S": "The Leisure Class (2015)"
                    },
                    "genres": {
                        "S": "Comedy"
                    }
                }
            }
        },
        {
            "PutRequest": {
                "Item": {
                    "id": {
                        "S": "147837"
                    },
                    "title": {
                        "S": "Big Father, Small Father and Other Stories (2015)"
                    },
                    "genres": {
                        "S": "(no genres listed)"
                    }
                }
            }
        },
        {
            "PutRequest": {
                "Item": {
                    "id": {
                        "S": "147839"
                    },
                    "title": {
                        "S": "Bi, Don't Be Afraid (2010)"
                    },
                    "genres": {
                        "S": "Drama"
                    }
                }
            }
        },
        {
            "PutRequest": {
                "Item": {
                    "id": {
                        "S": "147841"
                    },
                    "title": {
                        "S": "Taikon (2015)"
                    },
                    "genres": {
                        "S": "(no genres listed)"
                    }
                }
            }
        },
        {
            "PutRequest": {
                "Item": {
                    "id": {
                        "S": "147843"
                    },
                    "title": {
                        "S": "Starring Adam West (2013)"
                    },
                    "genres": {
                        "S": "Documentary"
                    }
                }
            }
        },
        {
            "PutRequest": {
                "Item": {
                    "id": {
                        "S": "147845"
                    },
                    "title": {
                        "S": "Manson Family Vacation (2015)"
                    },
                    "genres": {
                        "S": "Comedy|Drama|Thriller"
                    }
                }
            }
        },
        {
            "PutRequest": {
                "Item": {
                    "id": {
                        "S": "147847"
                    },
                    "title": {
                        "S": "Point Break (2015)"
                    },
                    "genres": {
                        "S": "Action|Crime|Thriller"
                    }
                }
            }
        },
        {
            "PutRequest": {
                "Item": {
                    "id": {
                        "S": "147849"
                    },
                    "title": {
                        "S": "The Christmas Tree (1969)"
                    },
                    "genres": {
                        "S": "Drama"
                    }
                }
            }
        },
        {
            "PutRequest": {
                "Item": {
                    "id": {
                        "S": "147853"
                    },
                    "title": {
                        "S": "Action of the Tiger (1957)"
                    },
                    "genres": {
                        "S": "Action|Drama|Mystery"
                    }
                }
            }
        },
        {
            "PutRequest": {
                "Item": {
                    "id": {
                        "S": "147855"
                    },
                    "title": {
                        "S": "Poppies Are Also Flowers (1966)"
                    },
                    "genres": {
                        "S": "Crime|Drama|Mystery"
                    }
                }
            }
        },
        {
            "PutRequest": {
                "Item": {
                    "id": {
                        "S": "147857"
                    },
                    "title": {
                        "S": "L'avventuriero (1967)"
                    },
                    "genres": {
                        "S": "Adventure|Drama"
                    }
                }
            }
        },
        {
            "PutRequest": {
                "Item": {
                    "id": {
                        "S": "147859"
                    },
                    "title": {
                        "S": "The Amazons (1973)"
                    },
                    "genres": {
                        "S": "Action|Adventure"
                    }
                }
            }
        },
        {
            "PutRequest": {
                "Item": {
                    "id": {
                        "S": "147863"
                    },
                    "title": {
                        "S": "Foxbat (1977)"
                    },
                    "genres": {
                        "S": "(no genres listed)"
                    }
                }
            }
        },
        {
            "PutRequest": {
                "Item": {
                    "id": {
                        "S": "147865"
                    },
                    "title": {
                        "S": "Bloodline (1979)"
                    },
                    "genres": {
                        "S": "Crime|Thriller"
                    }
                }
            }
        },
        {
            "PutRequest": {
                "Item": {
                    "id": {
                        "S": "147867"
                    },
                    "title": {
                        "S": "That Lady (1955)"
                    },
                    "genres": {
                        "S": "(no genres listed)"
                    }
                }
            }
        },
        {
            "PutRequest": {
                "Item": {
                    "id": {
                        "S": "147869"
                    },
                    "title": {
                        "S": "Serious Charge (1959)"
                    },
                    "genres": {
                        "S": "Drama"
                    }
                }
            }
        },
        {
            "PutRequest": {
                "Item": {
                    "id": {
                        "S": "147873"
                    },
                    "title": {
                        "S": "Playgirl after Dark (1960)"
                    },
                    "genres": {
                        "S": "Crime|Drama"
                    }
                }
            }
        },
        {
            "PutRequest": {
                "Item": {
                    "id": {
                        "S": "147879"
                    },
                    "title": {
                        "S": "One Night with You (1948)"
                    },
                    "genres": {
                        "S": "Comedy"
                    }
                }
            }
        }
    ]
}