{
    "movies": [
        {
            "PutRequest": {
                "Item": {
                    "id": {
                        "S": "138164"
                    },
                    "title": {
                        "S": "Dead Tides (1997)"
                    },
                    "genres": {
                        "S": "Drama"
                    }
                }
            }
        },
        {
            "PutRequest": {
                "Item": {
                    "id": {
                        "S": "138166"
                    },
                    "title": {
                        "S": "Invader (1997)"
                    },
                    "genres": {
                        "S": "Romance|Sci-Fi"
                    }
                }
            }
        },
        {
            "PutRequest": {
                "Item": {
                    "id": {
                        "S": "138168"
                    },
                    "title": {
                        "S": "The Chateau Meroux (2011)"
                    },
                    "genres": {
                        "S": "Comedy|Drama|Romance"
                    }
                }
            }
        },
        {
            "PutRequest": {
                "Item": {
                    "id": {
                        "S": "138170"
                    },
                    "title": {
                        "S": "The Big Ask (2014)"
                    },
                    "genres": {
                        "S": "Comedy|Drama"
                    }
                }
            }
        },
        {
            "PutRequest": {
                "Item": {
                    "id": {
                        "S": "138172"
                    },
                    "title": {
                        "S": "Baseline (2010)"
                    },
                    "genres": {
                        "S": "Action|Crime|Drama"
                    }
                }
            }
        },
        {
            "PutRequest": {
                "Item": {
                    "id": {
                        "S": "138174"
                    },
                    "title": {
                        "S": "The Creepy Doll (2011)"
                    },
                    "genres": {
                        "S": "Horror|Thriller"
                    }
                }
            }
        },
        {
            "PutRequest": {
                "Item": {
                    "id": {
                        "S": "138180"
                    },
                    "title": {
                        "S": "All Eyes And Ears (2015)"
                    },
                    "genres": {
                        "S": "(no genres listed)"
                    }
                }
            }
        },
        {
            "PutRequest": {
                "Item": {
                    "id": {
                        "S": "138184"
                    },
                    "title": {
                        "S": "Treehouse (2014)"
                    },
                    "genres": {
                        "S": "Horror|Mystery|Thriller"
                    }
                }
            }
        },
        {
            "PutRequest": {
                "Item": {
                    "id": {
                        "S": "138186"
                    },
                    "title": {
                        "S": "Sorrow (2015)"
                    },
                    "genres": {
                        "S": "Crime|Drama|Horror"
                    }
                }
            }
        },
        {
            "PutRequest": {
                "Item": {
                    "id": {
                        "S": "138188"
                    },
                    "title": {
                        "S": "Roxie (2014)"
                    },
                    "genres": {
                        "S": "(no genres listed)"
                    }
                }
            }
        },
        {
            "PutRequest": {
                "Item": {
                    "id": {
                        "S": "138190"
                    },
                    "title": {
                        "S": "The Shift (2013)"
                    },
                    "genres": {
                        "S": "Drama"
                    }
                }
            }
        },
        {
            "PutRequest": {
                "Item": {
                    "id": {
                        "S": "138192"
                    },
                    "title": {
                        "S": "The Livingston Gardener (2015)"
                    },
                    "genres": {
                        "S": "(no genres listed)"
                    }
                }
            }
        },
        {
            "PutRequest": {
                "Item": {
                    "id": {
                        "S": "138196"
                    },
                    "title": {
                        "S": "Pretty Rosebud (2014)"
                    },
                    "genres": {
                        "S": "(no genres listed)"
                    }
                }
            }
        },
        {
            "PutRequest": {
                "Item": {
                    "id": {
                        "S": "138198"
                    },
                    "title": {
                        "S": "Greg Fitzsimmons: Life on Stage (2013)"
                    },
                    "genres": {
                        "S": "(no genres listed)"
                    }
                }
            }
        },
        {
            "PutRequest": {
                "Item": {
                    "id": {
                        "S": "138200"
                    },
                    "title": {
                        "S": "Nothing Bad Can Happen (2013)"
                    },
                    "genres": {
                        "S": "Drama"
                    }
                }
            }
        },
        {
            "PutRequest": {
                "Item": {
                    "id": {
                        "S": "138202"
                    },
                    "title": {
                        "S": "Burying the Ex (2015)"
                    },
                    "genres": {
                        "S": "Comedy|Horror"
                    }
                }
            }
        },
        {
            "PutRequest": {
                "Item": {
                    "id": {
                        "S": "138204"
                    },
                    "title": {
                        "S": "7 Days in Hell (2015)"
                    },
                    "genres": {
                        "S": "Comedy"
                    }
                }
            }
        },
        {
            "PutRequest": {
                "Item": {
                    "id": {
                        "S": "138206"
                    },
                    "title": {
                        "S": "Echoes of War (2015)"
                    },
                    "genres": {
                        "S": "Drama|Thriller|Western"
                    }
                }
            }
        },
        {
            "PutRequest": {
                "Item": {
                    "id": {
                        "S": "138208"
                    },
                    "title": {
                        "S": "The Walk (2015)"
                    },
                    "genres": {
                        "S": "Adventure|Drama|Thriller"
                    }
                }
            }
        },
        {
            "PutRequest": {
                "Item": {
                    "id": {
                        "S": "138210"
                    },
                    "title": {
                        "S": "13 Hours (2016)"
                    },
                    "genres": {
                        "S": "Drama"
                    }
                }
            }
        },
        {
            "PutRequest": {
                "Item": {
                    "id": {
                        "S": "138212"
                    },
                    "title": {
                        "S": "Spectral (2016)"
                    },
                    "genres": {
                        "S": "(no genres listed)"
                    }
                }
            }
        },
        {
            "PutRequest": {
                "Item": {
                    "id": {
                        "S": "138214"
                    },
                    "title": {
                        "S": "French Women (2014)"
                    },
                    "genres": {
                        "S": "Comedy"
                    }
                }
            }
        },
        {
            "PutRequest": {
                "Item": {
                    "id": {
                        "S": "138216"
                    },
                    "title": {
                        "S": "Mondo Candido (1975)"
                    },
                    "genres": {
                        "S": "Adventure|Comedy"
                    }
                }
            }
        },
        {
            "PutRequest": {
                "Item": {
                    "id": {
                        "S": "138218"
                    },
                    "title": {
                        "S": "Meet Him And Die (1976)"
                    },
                    "genres": {
                        "S": "(no genres listed)"
                    }
                }
            }
        },
        {
            "PutRequest": {
                "Item": {
                    "id": {
                        "S": "138220"
                    },
                    "title": {
                        "S": "Hired Killer (1966)"
                    },
                    "genres": {
                        "S": "Crime|Thriller"
                    }
                }
            }
        }
    ]
}