{
    "movies": [
        {
            "PutRequest": {
                "Item": {
                    "id": {
                        "S": "137234"
                    },
                    "title": {
                        "S": "Hypnotized (2004)"
                    },
                    "genres": {
                        "S": "Romance|Thriller"
                    }
                }
            }
        },
        {
            "PutRequest": {
                "Item": {
                    "id": {
                        "S": "137236"
                    },
                    "title": {
                        "S": "Whistle and I'll Come to You (2010)"
                    },
                    "genres": {
                        "S": "Horror"
                    }
                }
            }
        },
        {
            "PutRequest": {
                "Item": {
                    "id": {
                        "S": "137238"
                    },
                    "title": {
                        "S": "Submarine Command (1952)"
                    },
                    "genres": {
                        "S": "Drama|War"
                    }
                }
            }
        },
        {
            "PutRequest": {
                "Item": {
                    "id": {
                        "S": "137240"
                    },
                    "title": {
                        "S": "The Last Movie (2012)"
                    },
                    "genres": {
                        "S": "(no genres listed)"
                    }
                }
            }
        },
        {
            "PutRequest": {
                "Item": {
                    "id": {
                        "S": "137242"
                    },
                    "title": {
                        "S": "Spilt Milk (2010)"
                    },
                    "genres": {
                        "S": "(no genres listed)"
                    }
                }
            }
        },
        {
            "PutRequest": {
                "Item": {
                    "id": {
                        "S": "137244"
                    },
                    "title": {
                        "S": "Chain Link (2008)"
                    },
                    "genres": {
                        "S": "(no genres listed)"
                    }
                }
            }
        },
        {
            "PutRequest": {
                "Item": {
                    "id": {
                        "S": "137246"
                    },
                    "title": {
                        "S": "Among Ravens (2014)"
                    },
                    "genres": {
                        "S": "Comedy|Drama"
                    }
                }
            }
        },
        {
            "PutRequest": {
                "Item": {
                    "id": {
                        "S": "137248"
                    },
                    "title": {
                        "S": "The Winds of Kitty Hawk (1978)"
                    },
                    "genres": {
                        "S": "Drama"
                    }
                }
            }
        },
        {
            "PutRequest": {
                "Item": {
                    "id": {
                        "S": "137250"
                    },
                    "title": {
                        "S": "It\u2019s Only Make Believe (2013)"
                    },
                    "genres": {
                        "S": "Drama"
                    }
                }
            }
        },
        {
            "PutRequest": {
                "Item": {
                    "id": {
                        "S": "137254"
                    },
                    "title": {
                        "S": "La France (2007)"
                    },
                    "genres": {
                        "S": "Drama"
                    }
                }
            }
        },
        {
            "PutRequest": {
                "Item": {
                    "id": {
                        "S": "137256"
                    },
                    "title": {
                        "S": "Missing (2009)"
                    },
                    "genres": {
                        "S": "Thriller"
                    }
                }
            }
        },
        {
            "PutRequest": {
                "Item": {
                    "id": {
                        "S": "137258"
                    },
                    "title": {
                        "S": "Ash Tuesday (2003)"
                    },
                    "genres": {
                        "S": "Comedy|Drama"
                    }
                }
            }
        },
        {
            "PutRequest": {
                "Item": {
                    "id": {
                        "S": "137260"
                    },
                    "title": {
                        "S": "She Wants Me (2012)"
                    },
                    "genres": {
                        "S": "Adventure|Comedy|Drama|Romance"
                    }
                }
            }
        },
        {
            "PutRequest": {
                "Item": {
                    "id": {
                        "S": "137262"
                    },
                    "title": {
                        "S": "U Want Me 2 Kill Him? (2014)"
                    },
                    "genres": {
                        "S": "Drama|Thriller"
                    }
                }
            }
        },
        {
            "PutRequest": {
                "Item": {
                    "id": {
                        "S": "137268"
                    },
                    "title": {
                        "S": "Druid Peak (2014)"
                    },
                    "genres": {
                        "S": "Adventure|Drama"
                    }
                }
            }
        },
        {
            "PutRequest": {
                "Item": {
                    "id": {
                        "S": "137270"
                    },
                    "title": {
                        "S": "Gemini (2005)"
                    },
                    "genres": {
                        "S": "(no genres listed)"
                    }
                }
            }
        },
        {
            "PutRequest": {
                "Item": {
                    "id": {
                        "S": "137274"
                    },
                    "title": {
                        "S": "Wedding Palace (2013)"
                    },
                    "genres": {
                        "S": "Comedy|Romance"
                    }
                }
            }
        },
        {
            "PutRequest": {
                "Item": {
                    "id": {
                        "S": "137276"
                    },
                    "title": {
                        "S": "The Lawyer (1970)"
                    },
                    "genres": {
                        "S": "(no genres listed)"
                    }
                }
            }
        },
        {
            "PutRequest": {
                "Item": {
                    "id": {
                        "S": "137278"
                    },
                    "title": {
                        "S": "Cyberbully (2015)"
                    },
                    "genres": {
                        "S": "Drama"
                    }
                }
            }
        },
        {
            "PutRequest": {
                "Item": {
                    "id": {
                        "S": "137280"
                    },
                    "title": {
                        "S": "Los Enchiladas! (1999)"
                    },
                    "genres": {
                        "S": "Comedy"
                    }
                }
            }
        },
        {
            "PutRequest": {
                "Item": {
                    "id": {
                        "S": "137282"
                    },
                    "title": {
                        "S": "The Genius of Marian (2013)"
                    },
                    "genres": {
                        "S": "Documentary"
                    }
                }
            }
        },
        {
            "PutRequest": {
                "Item": {
                    "id": {
                        "S": "137284"
                    },
                    "title": {
                        "S": "Sierra Leone's Refugee All Stars"
                    },
                    "genres": {
                        "S": "(no genres listed)"
                    }
                }
            }
        },
        {
            "PutRequest": {
                "Item": {
                    "id": {
                        "S": "137286"
                    },
                    "title": {
                        "S": "Speciesism: The Movie (2013)"
                    },
                    "genres": {
                        "S": "Documentary"
                    }
                }
            }
        },
        {
            "PutRequest": {
                "Item": {
                    "id": {
                        "S": "137288"
                    },
                    "title": {
                        "S": "Gr\u00e4fin Mariza (1958)"
                    },
                    "genres": {
                        "S": "Comedy"
                    }
                }
            }
        },
        {
            "PutRequest": {
                "Item": {
                    "id": {
                        "S": "137290"
                    },
                    "title": {
                        "S": "Rock Slyde (2010)"
                    },
                    "genres": {
                        "S": "Comedy|Mystery|Thriller"
                    }
                }
            }
        }
    ]
}