{
    "movies": [
        {
            "PutRequest": {
                "Item": {
                    "id": {
                        "S": "135352"
                    },
                    "title": {
                        "S": "Heroes of the West (1965)"
                    },
                    "genres": {
                        "S": "(no genres listed)"
                    }
                }
            }
        },
        {
            "PutRequest": {
                "Item": {
                    "id": {
                        "S": "135354"
                    },
                    "title": {
                        "S": "Twins from Texas"
                    },
                    "genres": {
                        "S": "(no genres listed)"
                    }
                }
            }
        },
        {
            "PutRequest": {
                "Item": {
                    "id": {
                        "S": "135362"
                    },
                    "title": {
                        "S": "La feldmarescialla (1967)"
                    },
                    "genres": {
                        "S": "(no genres listed)"
                    }
                }
            }
        },
        {
            "PutRequest": {
                "Item": {
                    "id": {
                        "S": "135364"
                    },
                    "title": {
                        "S": "Caprice Italian Style (1968)"
                    },
                    "genres": {
                        "S": "Comedy"
                    }
                }
            }
        },
        {
            "PutRequest": {
                "Item": {
                    "id": {
                        "S": "135370"
                    },
                    "title": {
                        "S": "Il vichingo venuto dal sud (1971)"
                    },
                    "genres": {
                        "S": "(no genres listed)"
                    }
                }
            }
        },
        {
            "PutRequest": {
                "Item": {
                    "id": {
                        "S": "135374"
                    },
                    "title": {
                        "S": "L'uccello migratore (1972)"
                    },
                    "genres": {
                        "S": "Comedy"
                    }
                }
            }
        },
        {
            "PutRequest": {
                "Item": {
                    "id": {
                        "S": "135376"
                    },
                    "title": {
                        "S": "Anastasia mio fratello ovvero il presunto capo dell'Anonima Assassini (1973)"
                    },
                    "genres": {
                        "S": "Comedy|Crime"
                    }
                }
            }
        },
        {
            "PutRequest": {
                "Item": {
                    "id": {
                        "S": "135378"
                    },
                    "title": {
                        "S": "The Knock Out Cop (1973)"
                    },
                    "genres": {
                        "S": "Action|Comedy|Crime|Drama"
                    }
                }
            }
        },
        {
            "PutRequest": {
                "Item": {
                    "id": {
                        "S": "135380"
                    },
                    "title": {
                        "S": "Flatfoot in Hong Kong (1975)"
                    },
                    "genres": {
                        "S": "Action|Comedy|Drama|Thriller"
                    }
                }
            }
        },
        {
            "PutRequest": {
                "Item": {
                    "id": {
                        "S": "135382"
                    },
                    "title": {
                        "S": "L'Italia s'\u00e8 Rotta (1976)"
                    },
                    "genres": {
                        "S": "Comedy"
                    }
                }
            }
        },
        {
            "PutRequest": {
                "Item": {
                    "id": {
                        "S": "135384"
                    },
                    "title": {
                        "S": "Febbre da Cavallo (1976)"
                    },
                    "genres": {
                        "S": "Comedy"
                    }
                }
            }
        },
        {
            "PutRequest": {
                "Item": {
                    "id": {
                        "S": "135386"
                    },
                    "title": {
                        "S": "Double Murder (1977)"
                    },
                    "genres": {
                        "S": "(no genres listed)"
                    }
                }
            }
        },
        {
            "PutRequest": {
                "Item": {
                    "id": {
                        "S": "135388"
                    },
                    "title": {
                        "S": "Flatfoot in Africa (1978)"
                    },
                    "genres": {
                        "S": "Action|Comedy|Crime|Drama"
                    }
                }
            }
        },
        {
            "PutRequest": {
                "Item": {
                    "id": {
                        "S": "135392"
                    },
                    "title": {
                        "S": "Dottor Jekyll e gentile signora (1979)"
                    },
                    "genres": {
                        "S": "(no genres listed)"
                    }
                }
            }
        },
        {
            "PutRequest": {
                "Item": {
                    "id": {
                        "S": "135398"
                    },
                    "title": {
                        "S": "Bonnie e Clyde all'italiana (1982)"
                    },
                    "genres": {
                        "S": "Comedy"
                    }
                }
            }
        },
        {
            "PutRequest": {
                "Item": {
                    "id": {
                        "S": "135400"
                    },
                    "title": {
                        "S": "Sballato, gasato, completamente fuso (1982)"
                    },
                    "genres": {
                        "S": "(no genres listed)"
                    }
                }
            }
        },
        {
            "PutRequest": {
                "Item": {
                    "id": {
                        "S": "135404"
                    },
                    "title": {
                        "S": "Gogol Bordello Non-Stop (2009)"
                    },
                    "genres": {
                        "S": "Documentary"
                    }
                }
            }
        },
        {
            "PutRequest": {
                "Item": {
                    "id": {
                        "S": "135406"
                    },
                    "title": {
                        "S": "The Antics Roadshow (2011)"
                    },
                    "genres": {
                        "S": "Documentary"
                    }
                }
            }
        },
        {
            "PutRequest": {
                "Item": {
                    "id": {
                        "S": "135408"
                    },
                    "title": {
                        "S": "Intangible Asset Number 82 (2008)"
                    },
                    "genres": {
                        "S": "Documentary"
                    }
                }
            }
        },
        {
            "PutRequest": {
                "Item": {
                    "id": {
                        "S": "135410"
                    },
                    "title": {
                        "S": "Jig (2011)"
                    },
                    "genres": {
                        "S": "Documentary"
                    }
                }
            }
        },
        {
            "PutRequest": {
                "Item": {
                    "id": {
                        "S": "135412"
                    },
                    "title": {
                        "S": "Eco-Pirate: The Story of Paul Watson (2011)"
                    },
                    "genres": {
                        "S": "Documentary"
                    }
                }
            }
        },
        {
            "PutRequest": {
                "Item": {
                    "id": {
                        "S": "135414"
                    },
                    "title": {
                        "S": "The Last White Knight (2012)"
                    },
                    "genres": {
                        "S": "(no genres listed)"
                    }
                }
            }
        },
        {
            "PutRequest": {
                "Item": {
                    "id": {
                        "S": "135416"
                    },
                    "title": {
                        "S": "Spies of Mississippi (2014)"
                    },
                    "genres": {
                        "S": "(no genres listed)"
                    }
                }
            }
        },
        {
            "PutRequest": {
                "Item": {
                    "id": {
                        "S": "135418"
                    },
                    "title": {
                        "S": "Il comune senso del pudore (1976)"
                    },
                    "genres": {
                        "S": "Comedy"
                    }
                }
            }
        },
        {
            "PutRequest": {
                "Item": {
                    "id": {
                        "S": "135420"
                    },
                    "title": {
                        "S": "The Farm: Angola, USA (1998)"
                    },
                    "genres": {
                        "S": "Documentary"
                    }
                }
            }
        }
    ]
}