{
    "movies": [
        {
            "PutRequest": {
                "Item": {
                    "id": {
                        "S": "127867"
                    },
                    "title": {
                        "S": "Hardwired (2009)"
                    },
                    "genres": {
                        "S": "Action|Sci-Fi"
                    }
                }
            }
        },
        {
            "PutRequest": {
                "Item": {
                    "id": {
                        "S": "127869"
                    },
                    "title": {
                        "S": "Groom Lake (2002)"
                    },
                    "genres": {
                        "S": "Horror|Sci-Fi"
                    }
                }
            }
        },
        {
            "PutRequest": {
                "Item": {
                    "id": {
                        "S": "127871"
                    },
                    "title": {
                        "S": "Marked (1984)"
                    },
                    "genres": {
                        "S": "Horror"
                    }
                }
            }
        },
        {
            "PutRequest": {
                "Item": {
                    "id": {
                        "S": "127873"
                    },
                    "title": {
                        "S": "Jay Mohr: Funny for a Girl (2012)"
                    },
                    "genres": {
                        "S": "Comedy"
                    }
                }
            }
        },
        {
            "PutRequest": {
                "Item": {
                    "id": {
                        "S": "127875"
                    },
                    "title": {
                        "S": "The Gold Spinners (2013)"
                    },
                    "genres": {
                        "S": "Documentary"
                    }
                }
            }
        },
        {
            "PutRequest": {
                "Item": {
                    "id": {
                        "S": "127877"
                    },
                    "title": {
                        "S": "Kawa (2010)"
                    },
                    "genres": {
                        "S": "Drama"
                    }
                }
            }
        },
        {
            "PutRequest": {
                "Item": {
                    "id": {
                        "S": "127879"
                    },
                    "title": {
                        "S": "Adjust Your Tracking (2013)"
                    },
                    "genres": {
                        "S": "Documentary"
                    }
                }
            }
        },
        {
            "PutRequest": {
                "Item": {
                    "id": {
                        "S": "127881"
                    },
                    "title": {
                        "S": "Addicted to Plastic (2008)"
                    },
                    "genres": {
                        "S": "Documentary"
                    }
                }
            }
        },
        {
            "PutRequest": {
                "Item": {
                    "id": {
                        "S": "127957"
                    },
                    "title": {
                        "S": "Min s\u00e5 kallade pappa (2014)"
                    },
                    "genres": {
                        "S": "(no genres listed)"
                    }
                }
            }
        },
        {
            "PutRequest": {
                "Item": {
                    "id": {
                        "S": "127974"
                    },
                    "title": {
                        "S": "100 Bloody Acres (2012)"
                    },
                    "genres": {
                        "S": "Comedy|Horror"
                    }
                }
            }
        },
        {
            "PutRequest": {
                "Item": {
                    "id": {
                        "S": "127987"
                    },
                    "title": {
                        "S": "The Father of a Soldier (1964)"
                    },
                    "genres": {
                        "S": "Drama|War"
                    }
                }
            }
        },
        {
            "PutRequest": {
                "Item": {
                    "id": {
                        "S": "127989"
                    },
                    "title": {
                        "S": "Street Days (2010)"
                    },
                    "genres": {
                        "S": "Drama"
                    }
                }
            }
        },
        {
            "PutRequest": {
                "Item": {
                    "id": {
                        "S": "127991"
                    },
                    "title": {
                        "S": "Blue Mountains, or Unbelievable Story (1984)"
                    },
                    "genres": {
                        "S": "(no genres listed)"
                    }
                }
            }
        },
        {
            "PutRequest": {
                "Item": {
                    "id": {
                        "S": "127993"
                    },
                    "title": {
                        "S": "Evenings on a Farm near Dikanka (1961)"
                    },
                    "genres": {
                        "S": "Comedy|Fantasy|Romance"
                    }
                }
            }
        },
        {
            "PutRequest": {
                "Item": {
                    "id": {
                        "S": "127995"
                    },
                    "title": {
                        "S": "The Dead Season (1968)"
                    },
                    "genres": {
                        "S": "Thriller|War"
                    }
                }
            }
        },
        {
            "PutRequest": {
                "Item": {
                    "id": {
                        "S": "127997"
                    },
                    "title": {
                        "S": "Dauria (1972)"
                    },
                    "genres": {
                        "S": "Drama"
                    }
                }
            }
        },
        {
            "PutRequest": {
                "Item": {
                    "id": {
                        "S": "127999"
                    },
                    "title": {
                        "S": "Letuchaya Mysh (1979)"
                    },
                    "genres": {
                        "S": "Comedy"
                    }
                }
            }
        },
        {
            "PutRequest": {
                "Item": {
                    "id": {
                        "S": "128001"
                    },
                    "title": {
                        "S": "The Green Van (1983)"
                    },
                    "genres": {
                        "S": "Adventure|Comedy|Drama"
                    }
                }
            }
        },
        {
            "PutRequest": {
                "Item": {
                    "id": {
                        "S": "128003"
                    },
                    "title": {
                        "S": "Fant\u00f4mas: Juve Against Fant\u00f4mas (1913)"
                    },
                    "genres": {
                        "S": "Crime|Drama"
                    }
                }
            }
        },
        {
            "PutRequest": {
                "Item": {
                    "id": {
                        "S": "128005"
                    },
                    "title": {
                        "S": "Fant\u00f4mas: The Dead Man Who Killed (1913)"
                    },
                    "genres": {
                        "S": "Crime|Drama"
                    }
                }
            }
        },
        {
            "PutRequest": {
                "Item": {
                    "id": {
                        "S": "128007"
                    },
                    "title": {
                        "S": "Fant\u00f4mas: Fant\u00f4mas Against Fant\u00f4mas (1914)"
                    },
                    "genres": {
                        "S": "Crime|Drama"
                    }
                }
            }
        },
        {
            "PutRequest": {
                "Item": {
                    "id": {
                        "S": "128009"
                    },
                    "title": {
                        "S": "Fant\u00f4mas: The False Magistrate (1914)"
                    },
                    "genres": {
                        "S": "Crime|Drama"
                    }
                }
            }
        },
        {
            "PutRequest": {
                "Item": {
                    "id": {
                        "S": "128011"
                    },
                    "title": {
                        "S": "Symphony of Six Million (1932)"
                    },
                    "genres": {
                        "S": "Drama"
                    }
                }
            }
        },
        {
            "PutRequest": {
                "Item": {
                    "id": {
                        "S": "128013"
                    },
                    "title": {
                        "S": "The Affairs Of Cellini (1934)"
                    },
                    "genres": {
                        "S": "Comedy|Drama"
                    }
                }
            }
        },
        {
            "PutRequest": {
                "Item": {
                    "id": {
                        "S": "128015"
                    },
                    "title": {
                        "S": "Private Worlds (1935)"
                    },
                    "genres": {
                        "S": "(no genres listed)"
                    }
                }
            }
        }
    ]
}