{
    "movies": [
        {
            "PutRequest": {
                "Item": {
                    "id": {
                        "S": "129524"
                    },
                    "title": {
                        "S": "Je m'appelle Elisabeth (2006)"
                    },
                    "genres": {
                        "S": "(no genres listed)"
                    }
                }
            }
        },
        {
            "PutRequest": {
                "Item": {
                    "id": {
                        "S": "129526"
                    },
                    "title": {
                        "S": "The Color of Milk (2004)"
                    },
                    "genres": {
                        "S": "Comedy|Drama"
                    }
                }
            }
        },
        {
            "PutRequest": {
                "Item": {
                    "id": {
                        "S": "129528"
                    },
                    "title": {
                        "S": "Repatriation (2006)"
                    },
                    "genres": {
                        "S": "Documentary"
                    }
                }
            }
        },
        {
            "PutRequest": {
                "Item": {
                    "id": {
                        "S": "129530"
                    },
                    "title": {
                        "S": "Slingshot Hip Hop (2008)"
                    },
                    "genres": {
                        "S": "(no genres listed)"
                    }
                }
            }
        },
        {
            "PutRequest": {
                "Item": {
                    "id": {
                        "S": "129532"
                    },
                    "title": {
                        "S": "Island (2011)"
                    },
                    "genres": {
                        "S": "Drama|Mystery|Thriller"
                    }
                }
            }
        },
        {
            "PutRequest": {
                "Item": {
                    "id": {
                        "S": "129534"
                    },
                    "title": {
                        "S": "Parked (2010)"
                    },
                    "genres": {
                        "S": "Drama"
                    }
                }
            }
        },
        {
            "PutRequest": {
                "Item": {
                    "id": {
                        "S": "129536"
                    },
                    "title": {
                        "S": "Code Name Coq Rouge (1989)"
                    },
                    "genres": {
                        "S": "(no genres listed)"
                    }
                }
            }
        },
        {
            "PutRequest": {
                "Item": {
                    "id": {
                        "S": "129555"
                    },
                    "title": {
                        "S": "So Ends Our Night (1941)"
                    },
                    "genres": {
                        "S": "Drama|War"
                    }
                }
            }
        },
        {
            "PutRequest": {
                "Item": {
                    "id": {
                        "S": "129640"
                    },
                    "title": {
                        "S": "66 Scenes From America (1982)"
                    },
                    "genres": {
                        "S": "Documentary"
                    }
                }
            }
        },
        {
            "PutRequest": {
                "Item": {
                    "id": {
                        "S": "129642"
                    },
                    "title": {
                        "S": "Emma Mae (1976)"
                    },
                    "genres": {
                        "S": "Comedy|Drama|Romance"
                    }
                }
            }
        },
        {
            "PutRequest": {
                "Item": {
                    "id": {
                        "S": "129644"
                    },
                    "title": {
                        "S": "Jimi Hendrix: Hear My Train A Comin' (2013)"
                    },
                    "genres": {
                        "S": "Documentary"
                    }
                }
            }
        },
        {
            "PutRequest": {
                "Item": {
                    "id": {
                        "S": "129646"
                    },
                    "title": {
                        "S": "Kill a Rat (1977)"
                    },
                    "genres": {
                        "S": "Crime|Drama|Mystery"
                    }
                }
            }
        },
        {
            "PutRequest": {
                "Item": {
                    "id": {
                        "S": "129651"
                    },
                    "title": {
                        "S": "The Third Reich: The Rise & Fall"
                    },
                    "genres": {
                        "S": "(no genres listed)"
                    }
                }
            }
        },
        {
            "PutRequest": {
                "Item": {
                    "id": {
                        "S": "129653"
                    },
                    "title": {
                        "S": "Ismael (2013)"
                    },
                    "genres": {
                        "S": "Drama"
                    }
                }
            }
        },
        {
            "PutRequest": {
                "Item": {
                    "id": {
                        "S": "129655"
                    },
                    "title": {
                        "S": "A Nightingale Sang In Berkeley Square (1979)"
                    },
                    "genres": {
                        "S": "Action"
                    }
                }
            }
        },
        {
            "PutRequest": {
                "Item": {
                    "id": {
                        "S": "129657"
                    },
                    "title": {
                        "S": "Tracers (2015)"
                    },
                    "genres": {
                        "S": "Action"
                    }
                }
            }
        },
        {
            "PutRequest": {
                "Item": {
                    "id": {
                        "S": "129659"
                    },
                    "title": {
                        "S": "McFarland, USA (2015)"
                    },
                    "genres": {
                        "S": "Drama"
                    }
                }
            }
        },
        {
            "PutRequest": {
                "Item": {
                    "id": {
                        "S": "129661"
                    },
                    "title": {
                        "S": "A Black Ribbon for Deborah (1974)"
                    },
                    "genres": {
                        "S": "(no genres listed)"
                    }
                }
            }
        },
        {
            "PutRequest": {
                "Item": {
                    "id": {
                        "S": "129663"
                    },
                    "title": {
                        "S": "Scandalo in Famiglia (1976)"
                    },
                    "genres": {
                        "S": "(no genres listed)"
                    }
                }
            }
        },
        {
            "PutRequest": {
                "Item": {
                    "id": {
                        "S": "129667"
                    },
                    "title": {
                        "S": "We Always Lie to Strangers (2013)"
                    },
                    "genres": {
                        "S": "(no genres listed)"
                    }
                }
            }
        },
        {
            "PutRequest": {
                "Item": {
                    "id": {
                        "S": "129669"
                    },
                    "title": {
                        "S": "Kids for Cash (2014)"
                    },
                    "genres": {
                        "S": "Documentary|Thriller"
                    }
                }
            }
        },
        {
            "PutRequest": {
                "Item": {
                    "id": {
                        "S": "129671"
                    },
                    "title": {
                        "S": "Bomber (2009)"
                    },
                    "genres": {
                        "S": "Comedy|Drama"
                    }
                }
            }
        },
        {
            "PutRequest": {
                "Item": {
                    "id": {
                        "S": "129673"
                    },
                    "title": {
                        "S": "Missionary (2013)"
                    },
                    "genres": {
                        "S": "Drama|Thriller"
                    }
                }
            }
        },
        {
            "PutRequest": {
                "Item": {
                    "id": {
                        "S": "129675"
                    },
                    "title": {
                        "S": "Wolf Totem (2015)"
                    },
                    "genres": {
                        "S": "Adventure"
                    }
                }
            }
        },
        {
            "PutRequest": {
                "Item": {
                    "id": {
                        "S": "129677"
                    },
                    "title": {
                        "S": "Urban Warriors (1987)"
                    },
                    "genres": {
                        "S": "(no genres listed)"
                    }
                }
            }
        }
    ]
}