{
    "movies": [
        {
            "PutRequest": {
                "Item": {
                    "id": {
                        "S": "130034"
                    },
                    "title": {
                        "S": "Stand by Me Doraemon (2014)"
                    },
                    "genres": {
                        "S": "Animation|Children|Drama|Fantasy"
                    }
                }
            }
        },
        {
            "PutRequest": {
                "Item": {
                    "id": {
                        "S": "130036"
                    },
                    "title": {
                        "S": "Saints and Soldiers: The Void (2014)"
                    },
                    "genres": {
                        "S": "Action|Drama|War"
                    }
                }
            }
        },
        {
            "PutRequest": {
                "Item": {
                    "id": {
                        "S": "130038"
                    },
                    "title": {
                        "S": "Little Deaths (2011)"
                    },
                    "genres": {
                        "S": "Horror"
                    }
                }
            }
        },
        {
            "PutRequest": {
                "Item": {
                    "id": {
                        "S": "130040"
                    },
                    "title": {
                        "S": "Mo (1983)"
                    },
                    "genres": {
                        "S": "Horror"
                    }
                }
            }
        },
        {
            "PutRequest": {
                "Item": {
                    "id": {
                        "S": "130042"
                    },
                    "title": {
                        "S": "Found (2012)"
                    },
                    "genres": {
                        "S": "Drama|Horror|Thriller"
                    }
                }
            }
        },
        {
            "PutRequest": {
                "Item": {
                    "id": {
                        "S": "130044"
                    },
                    "title": {
                        "S": "Late Phases (2014)"
                    },
                    "genres": {
                        "S": "Drama|Horror"
                    }
                }
            }
        },
        {
            "PutRequest": {
                "Item": {
                    "id": {
                        "S": "130046"
                    },
                    "title": {
                        "S": "Thanatomorphose (2012)"
                    },
                    "genres": {
                        "S": "Horror"
                    }
                }
            }
        },
        {
            "PutRequest": {
                "Item": {
                    "id": {
                        "S": "130048"
                    },
                    "title": {
                        "S": "Dracula in Pakistan (1967)"
                    },
                    "genres": {
                        "S": "Crime|Drama|Horror"
                    }
                }
            }
        },
        {
            "PutRequest": {
                "Item": {
                    "id": {
                        "S": "130050"
                    },
                    "title": {
                        "S": "Digging Up the Marrow (2014)"
                    },
                    "genres": {
                        "S": "Drama|Fantasy|Horror|Mystery|Thriller"
                    }
                }
            }
        },
        {
            "PutRequest": {
                "Item": {
                    "id": {
                        "S": "130052"
                    },
                    "title": {
                        "S": "Clown (2014)"
                    },
                    "genres": {
                        "S": "Drama|Horror"
                    }
                }
            }
        },
        {
            "PutRequest": {
                "Item": {
                    "id": {
                        "S": "130054"
                    },
                    "title": {
                        "S": "Pauline d\u00e9tective (2012)"
                    },
                    "genres": {
                        "S": "Comedy"
                    }
                }
            }
        },
        {
            "PutRequest": {
                "Item": {
                    "id": {
                        "S": "130056"
                    },
                    "title": {
                        "S": "Kingdom of Shadows (2015)"
                    },
                    "genres": {
                        "S": "Documentary"
                    }
                }
            }
        },
        {
            "PutRequest": {
                "Item": {
                    "id": {
                        "S": "130058"
                    },
                    "title": {
                        "S": "Des roses en hiver (2014)"
                    },
                    "genres": {
                        "S": "Drama"
                    }
                }
            }
        },
        {
            "PutRequest": {
                "Item": {
                    "id": {
                        "S": "130060"
                    },
                    "title": {
                        "S": "Des fleurs pour Algernon (2006)"
                    },
                    "genres": {
                        "S": "(no genres listed)"
                    }
                }
            }
        },
        {
            "PutRequest": {
                "Item": {
                    "id": {
                        "S": "130062"
                    },
                    "title": {
                        "S": "Darling (2007)"
                    },
                    "genres": {
                        "S": "Drama"
                    }
                }
            }
        },
        {
            "PutRequest": {
                "Item": {
                    "id": {
                        "S": "130064"
                    },
                    "title": {
                        "S": "Memory Lane (2010)"
                    },
                    "genres": {
                        "S": "Drama"
                    }
                }
            }
        },
        {
            "PutRequest": {
                "Item": {
                    "id": {
                        "S": "130066"
                    },
                    "title": {
                        "S": "Camille Rewinds (2012)"
                    },
                    "genres": {
                        "S": "Comedy|Romance"
                    }
                }
            }
        },
        {
            "PutRequest": {
                "Item": {
                    "id": {
                        "S": "130069"
                    },
                    "title": {
                        "S": "Road Hard (2015)"
                    },
                    "genres": {
                        "S": "Comedy"
                    }
                }
            }
        },
        {
            "PutRequest": {
                "Item": {
                    "id": {
                        "S": "130071"
                    },
                    "title": {
                        "S": "Nymph (2014)"
                    },
                    "genres": {
                        "S": "Fantasy|Horror"
                    }
                }
            }
        },
        {
            "PutRequest": {
                "Item": {
                    "id": {
                        "S": "130073"
                    },
                    "title": {
                        "S": "Cinderella (2015)"
                    },
                    "genres": {
                        "S": "Children|Drama|Fantasy|Romance"
                    }
                }
            }
        },
        {
            "PutRequest": {
                "Item": {
                    "id": {
                        "S": "130075"
                    },
                    "title": {
                        "S": "Frozen Fever (2015)"
                    },
                    "genres": {
                        "S": "Adventure|Animation"
                    }
                }
            }
        },
        {
            "PutRequest": {
                "Item": {
                    "id": {
                        "S": "130077"
                    },
                    "title": {
                        "S": "Lost for Life (2013)"
                    },
                    "genres": {
                        "S": "Crime|Documentary"
                    }
                }
            }
        },
        {
            "PutRequest": {
                "Item": {
                    "id": {
                        "S": "130079"
                    },
                    "title": {
                        "S": "Enquiring Minds: The Untold Story of the Man Behind the National Enquirer (2014)"
                    },
                    "genres": {
                        "S": "Documentary"
                    }
                }
            }
        },
        {
            "PutRequest": {
                "Item": {
                    "id": {
                        "S": "130081"
                    },
                    "title": {
                        "S": "Our Summer in Provence (2014)"
                    },
                    "genres": {
                        "S": "Comedy|Drama"
                    }
                }
            }
        },
        {
            "PutRequest": {
                "Item": {
                    "id": {
                        "S": "130083"
                    },
                    "title": {
                        "S": "Kidnapping Mr. Heineken (2015)"
                    },
                    "genres": {
                        "S": "Action|Crime|Drama|Thriller"
                    }
                }
            }
        }
    ]
}