{
    "movies": [
        {
            "PutRequest": {
                "Item": {
                    "id": {
                        "S": "129970"
                    },
                    "title": {
                        "S": "The Huns (1960)"
                    },
                    "genres": {
                        "S": "Action|Adventure"
                    }
                }
            }
        },
        {
            "PutRequest": {
                "Item": {
                    "id": {
                        "S": "129972"
                    },
                    "title": {
                        "S": "Giulio Cesare contro i pirati (1962)"
                    },
                    "genres": {
                        "S": "Adventure"
                    }
                }
            }
        },
        {
            "PutRequest": {
                "Item": {
                    "id": {
                        "S": "129978"
                    },
                    "title": {
                        "S": "Mission Bloody Mary (1965)"
                    },
                    "genres": {
                        "S": "Adventure"
                    }
                }
            }
        },
        {
            "PutRequest": {
                "Item": {
                    "id": {
                        "S": "129980"
                    },
                    "title": {
                        "S": "Password: Uccidete agente Gordon (1966)"
                    },
                    "genres": {
                        "S": "(no genres listed)"
                    }
                }
            }
        },
        {
            "PutRequest": {
                "Item": {
                    "id": {
                        "S": "129984"
                    },
                    "title": {
                        "S": "Fuller Report, Base Stockholm (1968)"
                    },
                    "genres": {
                        "S": "Thriller"
                    }
                }
            }
        },
        {
            "PutRequest": {
                "Item": {
                    "id": {
                        "S": "129986"
                    },
                    "title": {
                        "S": "The incredible Paris Incident (1967)"
                    },
                    "genres": {
                        "S": "(no genres listed)"
                    }
                }
            }
        },
        {
            "PutRequest": {
                "Item": {
                    "id": {
                        "S": "129988"
                    },
                    "title": {
                        "S": "Tiffany Memorandum (1967)"
                    },
                    "genres": {
                        "S": "Action|Romance"
                    }
                }
            }
        },
        {
            "PutRequest": {
                "Item": {
                    "id": {
                        "S": "129990"
                    },
                    "title": {
                        "S": "Sergeant Klems (1971)"
                    },
                    "genres": {
                        "S": "Adventure"
                    }
                }
            }
        },
        {
            "PutRequest": {
                "Item": {
                    "id": {
                        "S": "129992"
                    },
                    "title": {
                        "S": "All the Brothers of the West Support Their Father (1972)"
                    },
                    "genres": {
                        "S": "Western"
                    }
                }
            }
        },
        {
            "PutRequest": {
                "Item": {
                    "id": {
                        "S": "129994"
                    },
                    "title": {
                        "S": "The Sinful Nuns of Saint Valentine (1974)"
                    },
                    "genres": {
                        "S": "Horror"
                    }
                }
            }
        },
        {
            "PutRequest": {
                "Item": {
                    "id": {
                        "S": "129996"
                    },
                    "title": {
                        "S": "One Man Against the Organization (1975)"
                    },
                    "genres": {
                        "S": "(no genres listed)"
                    }
                }
            }
        },
        {
            "PutRequest": {
                "Item": {
                    "id": {
                        "S": "130000"
                    },
                    "title": {
                        "S": "Broken Blossoms (1936)"
                    },
                    "genres": {
                        "S": "Drama|Romance"
                    }
                }
            }
        },
        {
            "PutRequest": {
                "Item": {
                    "id": {
                        "S": "130002"
                    },
                    "title": {
                        "S": "Counsel for Crime (1937)"
                    },
                    "genres": {
                        "S": "Crime|Drama|Romance"
                    }
                }
            }
        },
        {
            "PutRequest": {
                "Item": {
                    "id": {
                        "S": "130004"
                    },
                    "title": {
                        "S": "Girls' School (1938)"
                    },
                    "genres": {
                        "S": "Comedy"
                    }
                }
            }
        },
        {
            "PutRequest": {
                "Item": {
                    "id": {
                        "S": "130006"
                    },
                    "title": {
                        "S": "Let Us Live (1939)"
                    },
                    "genres": {
                        "S": "Crime|Drama"
                    }
                }
            }
        },
        {
            "PutRequest": {
                "Item": {
                    "id": {
                        "S": "130008"
                    },
                    "title": {
                        "S": "Rio (1939)"
                    },
                    "genres": {
                        "S": "Crime"
                    }
                }
            }
        },
        {
            "PutRequest": {
                "Item": {
                    "id": {
                        "S": "130010"
                    },
                    "title": {
                        "S": "Escape to Glory (1940)"
                    },
                    "genres": {
                        "S": "Drama"
                    }
                }
            }
        },
        {
            "PutRequest": {
                "Item": {
                    "id": {
                        "S": "130014"
                    },
                    "title": {
                        "S": "Tonight We Raid Calais (1943)"
                    },
                    "genres": {
                        "S": "Drama"
                    }
                }
            }
        },
        {
            "PutRequest": {
                "Item": {
                    "id": {
                        "S": "130016"
                    },
                    "title": {
                        "S": "Lodger, The (1944)"
                    },
                    "genres": {
                        "S": "Crime|Horror|Mystery|Thriller"
                    }
                }
            }
        },
        {
            "PutRequest": {
                "Item": {
                    "id": {
                        "S": "130018"
                    },
                    "title": {
                        "S": "Guest in the House (1944)"
                    },
                    "genres": {
                        "S": "Drama|Film-Noir"
                    }
                }
            }
        },
        {
            "PutRequest": {
                "Item": {
                    "id": {
                        "S": "130020"
                    },
                    "title": {
                        "S": "Three Little Girls in Blue (1946)"
                    },
                    "genres": {
                        "S": "Musical"
                    }
                }
            }
        },
        {
            "PutRequest": {
                "Item": {
                    "id": {
                        "S": "130022"
                    },
                    "title": {
                        "S": "Singapore (1947)"
                    },
                    "genres": {
                        "S": "Action|Adventure|Crime|Film-Noir|Romance"
                    }
                }
            }
        },
        {
            "PutRequest": {
                "Item": {
                    "id": {
                        "S": "130024"
                    },
                    "title": {
                        "S": "Siren of Atlantis (1949)"
                    },
                    "genres": {
                        "S": "Adventure"
                    }
                }
            }
        },
        {
            "PutRequest": {
                "Item": {
                    "id": {
                        "S": "130026"
                    },
                    "title": {
                        "S": "Face to Face (1952)"
                    },
                    "genres": {
                        "S": "Drama|Western"
                    }
                }
            }
        },
        {
            "PutRequest": {
                "Item": {
                    "id": {
                        "S": "130028"
                    },
                    "title": {
                        "S": "The Diamond Queen (1953)"
                    },
                    "genres": {
                        "S": "Adventure|Romance"
                    }
                }
            }
        }
    ]
}