{
    "movies": [
        {
            "PutRequest": {
                "Item": {
                    "id": {
                        "S": "145781"
                    },
                    "title": {
                        "S": "Scalps, Venganza India (1987)"
                    },
                    "genres": {
                        "S": "Action|Drama|Western"
                    }
                }
            }
        },
        {
            "PutRequest": {
                "Item": {
                    "id": {
                        "S": "145783"
                    },
                    "title": {
                        "S": "The Seven Magnificent Gladiators (1983)"
                    },
                    "genres": {
                        "S": "Adventure|Drama|Fantasy"
                    }
                }
            }
        },
        {
            "PutRequest": {
                "Item": {
                    "id": {
                        "S": "145785"
                    },
                    "title": {
                        "S": "Women's Prison Massacre (1983)"
                    },
                    "genres": {
                        "S": "Drama|Thriller"
                    }
                }
            }
        },
        {
            "PutRequest": {
                "Item": {
                    "id": {
                        "S": "145787"
                    },
                    "title": {
                        "S": "Rats: Night of Terror (1984)"
                    },
                    "genres": {
                        "S": "Horror|Sci-Fi"
                    }
                }
            }
        },
        {
            "PutRequest": {
                "Item": {
                    "id": {
                        "S": "145789"
                    },
                    "title": {
                        "S": "Strike Commando (1987)"
                    },
                    "genres": {
                        "S": "Action"
                    }
                }
            }
        },
        {
            "PutRequest": {
                "Item": {
                    "id": {
                        "S": "145793"
                    },
                    "title": {
                        "S": "Robowar (1988)"
                    },
                    "genres": {
                        "S": "Action|Sci-Fi"
                    }
                }
            }
        },
        {
            "PutRequest": {
                "Item": {
                    "id": {
                        "S": "145797"
                    },
                    "title": {
                        "S": "Strike Commando 2 (1988)"
                    },
                    "genres": {
                        "S": "Action"
                    }
                }
            }
        },
        {
            "PutRequest": {
                "Item": {
                    "id": {
                        "S": "145799"
                    },
                    "title": {
                        "S": "Shocking Dark (1990)"
                    },
                    "genres": {
                        "S": "Action|Sci-Fi"
                    }
                }
            }
        },
        {
            "PutRequest": {
                "Item": {
                    "id": {
                        "S": "145805"
                    },
                    "title": {
                        "S": "Madness (1994)"
                    },
                    "genres": {
                        "S": "(no genres listed)"
                    }
                }
            }
        },
        {
            "PutRequest": {
                "Item": {
                    "id": {
                        "S": "145809"
                    },
                    "title": {
                        "S": "Cruel Jaws (1995)"
                    },
                    "genres": {
                        "S": "(no genres listed)"
                    }
                }
            }
        },
        {
            "PutRequest": {
                "Item": {
                    "id": {
                        "S": "145811"
                    },
                    "title": {
                        "S": "Priv\u00e8 (2002)"
                    },
                    "genres": {
                        "S": "(no genres listed)"
                    }
                }
            }
        },
        {
            "PutRequest": {
                "Item": {
                    "id": {
                        "S": "145813"
                    },
                    "title": {
                        "S": "Capriccio veneziano (2002)"
                    },
                    "genres": {
                        "S": "(no genres listed)"
                    }
                }
            }
        },
        {
            "PutRequest": {
                "Item": {
                    "id": {
                        "S": "145815"
                    },
                    "title": {
                        "S": "Belle da morire (2002)"
                    },
                    "genres": {
                        "S": "(no genres listed)"
                    }
                }
            }
        },
        {
            "PutRequest": {
                "Item": {
                    "id": {
                        "S": "145817"
                    },
                    "title": {
                        "S": "Zombies: The Beginning (2007)"
                    },
                    "genres": {
                        "S": "(no genres listed)"
                    }
                }
            }
        },
        {
            "PutRequest": {
                "Item": {
                    "id": {
                        "S": "145819"
                    },
                    "title": {
                        "S": "Snuff Trap (2004)"
                    },
                    "genres": {
                        "S": "(no genres listed)"
                    }
                }
            }
        },
        {
            "PutRequest": {
                "Item": {
                    "id": {
                        "S": "145823"
                    },
                    "title": {
                        "S": "Land of Death (2004)"
                    },
                    "genres": {
                        "S": "Action|Horror|Thriller"
                    }
                }
            }
        },
        {
            "PutRequest": {
                "Item": {
                    "id": {
                        "S": "145825"
                    },
                    "title": {
                        "S": "Caligula Reincarnated As Nero (1982)"
                    },
                    "genres": {
                        "S": "(no genres listed)"
                    }
                }
            }
        },
        {
            "PutRequest": {
                "Item": {
                    "id": {
                        "S": "145827"
                    },
                    "title": {
                        "S": "Libidomania (1979)"
                    },
                    "genres": {
                        "S": "(no genres listed)"
                    }
                }
            }
        },
        {
            "PutRequest": {
                "Item": {
                    "id": {
                        "S": "145829"
                    },
                    "title": {
                        "S": "The True Story of the Nun of Monza (1980)"
                    },
                    "genres": {
                        "S": "(no genres listed)"
                    }
                }
            }
        },
        {
            "PutRequest": {
                "Item": {
                    "id": {
                        "S": "145831"
                    },
                    "title": {
                        "S": "The Other Hell (1981)"
                    },
                    "genres": {
                        "S": "Horror|Mystery"
                    }
                }
            }
        },
        {
            "PutRequest": {
                "Item": {
                    "id": {
                        "S": "145833"
                    },
                    "title": {
                        "S": "Armida, the drama of a bride (1970)"
                    },
                    "genres": {
                        "S": "(no genres listed)"
                    }
                }
            }
        },
        {
            "PutRequest": {
                "Item": {
                    "id": {
                        "S": "145835"
                    },
                    "title": {
                        "S": "Cousin ... my love! (1976)"
                    },
                    "genres": {
                        "S": "(no genres listed)"
                    }
                }
            }
        },
        {
            "PutRequest": {
                "Item": {
                    "id": {
                        "S": "145837"
                    },
                    "title": {
                        "S": "Caligula and Messalina (1981)"
                    },
                    "genres": {
                        "S": "Romance"
                    }
                }
            }
        },
        {
            "PutRequest": {
                "Item": {
                    "id": {
                        "S": "145839"
                    },
                    "title": {
                        "S": "Concussion (2015)"
                    },
                    "genres": {
                        "S": "Drama"
                    }
                }
            }
        },
        {
            "PutRequest": {
                "Item": {
                    "id": {
                        "S": "145841"
                    },
                    "title": {
                        "S": "The Vampire and the Ballerina (1960)"
                    },
                    "genres": {
                        "S": "Horror"
                    }
                }
            }
        }
    ]
}