{
    "movies": [
        {
            "PutRequest": {
                "Item": {
                    "id": {
                        "S": "124336"
                    },
                    "title": {
                        "S": "In the Shadows (2001)"
                    },
                    "genres": {
                        "S": "Drama|Thriller"
                    }
                }
            }
        },
        {
            "PutRequest": {
                "Item": {
                    "id": {
                        "S": "124338"
                    },
                    "title": {
                        "S": "Sadie McKee (1934)"
                    },
                    "genres": {
                        "S": "Drama|Romance"
                    }
                }
            }
        },
        {
            "PutRequest": {
                "Item": {
                    "id": {
                        "S": "124340"
                    },
                    "title": {
                        "S": "Shoot the Hero (2010)"
                    },
                    "genres": {
                        "S": "Action|Adventure|Comedy|Thriller"
                    }
                }
            }
        },
        {
            "PutRequest": {
                "Item": {
                    "id": {
                        "S": "124342"
                    },
                    "title": {
                        "S": "Trapped in the Closet: Chapters 13-22 (2007)"
                    },
                    "genres": {
                        "S": "Comedy|Crime"
                    }
                }
            }
        },
        {
            "PutRequest": {
                "Item": {
                    "id": {
                        "S": "124344"
                    },
                    "title": {
                        "S": "Safari (2009)"
                    },
                    "genres": {
                        "S": "Adventure|Comedy"
                    }
                }
            }
        },
        {
            "PutRequest": {
                "Item": {
                    "id": {
                        "S": "124346"
                    },
                    "title": {
                        "S": "Stealth Fighter (1999)"
                    },
                    "genres": {
                        "S": "Action|Thriller"
                    }
                }
            }
        },
        {
            "PutRequest": {
                "Item": {
                    "id": {
                        "S": "124348"
                    },
                    "title": {
                        "S": "The Land Before Time XIII: The Wisdom of Friends (2007)"
                    },
                    "genres": {
                        "S": "Animation|Children"
                    }
                }
            }
        },
        {
            "PutRequest": {
                "Item": {
                    "id": {
                        "S": "124350"
                    },
                    "title": {
                        "S": "Solar Attack (2006)"
                    },
                    "genres": {
                        "S": "Action|Thriller"
                    }
                }
            }
        },
        {
            "PutRequest": {
                "Item": {
                    "id": {
                        "S": "124352"
                    },
                    "title": {
                        "S": "I Was Monty's Double (1958)"
                    },
                    "genres": {
                        "S": "Drama|War"
                    }
                }
            }
        },
        {
            "PutRequest": {
                "Item": {
                    "id": {
                        "S": "124354"
                    },
                    "title": {
                        "S": "Hanzo the Razor: The Snare (1973)"
                    },
                    "genres": {
                        "S": "Action|Drama"
                    }
                }
            }
        },
        {
            "PutRequest": {
                "Item": {
                    "id": {
                        "S": "124356"
                    },
                    "title": {
                        "S": "The Missing Lynx (2008)"
                    },
                    "genres": {
                        "S": "Animation|Children"
                    }
                }
            }
        },
        {
            "PutRequest": {
                "Item": {
                    "id": {
                        "S": "124358"
                    },
                    "title": {
                        "S": "The Lone Wolf Spy Hunt (1939)"
                    },
                    "genres": {
                        "S": "Adventure|Comedy|Crime|Drama|Mystery"
                    }
                }
            }
        },
        {
            "PutRequest": {
                "Item": {
                    "id": {
                        "S": "124360"
                    },
                    "title": {
                        "S": "Unexpected Uncle (1941)"
                    },
                    "genres": {
                        "S": "Comedy|Drama"
                    }
                }
            }
        },
        {
            "PutRequest": {
                "Item": {
                    "id": {
                        "S": "124362"
                    },
                    "title": {
                        "S": "Make Your Own Bed (1944)"
                    },
                    "genres": {
                        "S": "Comedy"
                    }
                }
            }
        },
        {
            "PutRequest": {
                "Item": {
                    "id": {
                        "S": "124364"
                    },
                    "title": {
                        "S": "Hotel Berlin (1945)"
                    },
                    "genres": {
                        "S": "(no genres listed)"
                    }
                }
            }
        },
        {
            "PutRequest": {
                "Item": {
                    "id": {
                        "S": "124366"
                    },
                    "title": {
                        "S": "One More Tomorrow (1946)"
                    },
                    "genres": {
                        "S": "(no genres listed)"
                    }
                }
            }
        },
        {
            "PutRequest": {
                "Item": {
                    "id": {
                        "S": "124368"
                    },
                    "title": {
                        "S": "Escape Me Never (1947)"
                    },
                    "genres": {
                        "S": "Drama"
                    }
                }
            }
        },
        {
            "PutRequest": {
                "Item": {
                    "id": {
                        "S": "124372"
                    },
                    "title": {
                        "S": "Barricade (1950)"
                    },
                    "genres": {
                        "S": "Western"
                    }
                }
            }
        },
        {
            "PutRequest": {
                "Item": {
                    "id": {
                        "S": "124374"
                    },
                    "title": {
                        "S": "The Great Jewel Robber (1950)"
                    },
                    "genres": {
                        "S": "Crime|Drama"
                    }
                }
            }
        },
        {
            "PutRequest": {
                "Item": {
                    "id": {
                        "S": "124376"
                    },
                    "title": {
                        "S": "He's a Cockeyed Wonder (1950)"
                    },
                    "genres": {
                        "S": "Comedy|Romance"
                    }
                }
            }
        },
        {
            "PutRequest": {
                "Item": {
                    "id": {
                        "S": "124378"
                    },
                    "title": {
                        "S": "One Big Affair (1952)"
                    },
                    "genres": {
                        "S": "Comedy|Romance"
                    }
                }
            }
        },
        {
            "PutRequest": {
                "Item": {
                    "id": {
                        "S": "124380"
                    },
                    "title": {
                        "S": "Please Murder Me (1956)"
                    },
                    "genres": {
                        "S": "Crime|Drama"
                    }
                }
            }
        },
        {
            "PutRequest": {
                "Item": {
                    "id": {
                        "S": "124382"
                    },
                    "title": {
                        "S": "Limelight (2011)"
                    },
                    "genres": {
                        "S": "Documentary"
                    }
                }
            }
        },
        {
            "PutRequest": {
                "Item": {
                    "id": {
                        "S": "124384"
                    },
                    "title": {
                        "S": "The Glass Wall (1953)"
                    },
                    "genres": {
                        "S": "Crime|Thriller"
                    }
                }
            }
        },
        {
            "PutRequest": {
                "Item": {
                    "id": {
                        "S": "124386"
                    },
                    "title": {
                        "S": "Hard Contract (1969)"
                    },
                    "genres": {
                        "S": "(no genres listed)"
                    }
                }
            }
        }
    ]
}