{
    "movies": [
        {
            "PutRequest": {
                "Item": {
                    "id": {
                        "S": "140581"
                    },
                    "title": {
                        "S": "I Am Chris Farley (2015)"
                    },
                    "genres": {
                        "S": "Documentary"
                    }
                }
            }
        },
        {
            "PutRequest": {
                "Item": {
                    "id": {
                        "S": "140583"
                    },
                    "title": {
                        "S": "The Secret Ways (1961)"
                    },
                    "genres": {
                        "S": "Adventure"
                    }
                }
            }
        },
        {
            "PutRequest": {
                "Item": {
                    "id": {
                        "S": "140585"
                    },
                    "title": {
                        "S": "The Wild and the Innocent (1959)"
                    },
                    "genres": {
                        "S": "Romance|Western"
                    }
                }
            }
        },
        {
            "PutRequest": {
                "Item": {
                    "id": {
                        "S": "140587"
                    },
                    "title": {
                        "S": "Apache Rifles (1964)"
                    },
                    "genres": {
                        "S": "(no genres listed)"
                    }
                }
            }
        },
        {
            "PutRequest": {
                "Item": {
                    "id": {
                        "S": "140589"
                    },
                    "title": {
                        "S": "Drums Across the River (1954)"
                    },
                    "genres": {
                        "S": "Western"
                    }
                }
            }
        },
        {
            "PutRequest": {
                "Item": {
                    "id": {
                        "S": "140591"
                    },
                    "title": {
                        "S": "Beyond Right & Wrong: Stories of Justice and Forgiveness (2012)"
                    },
                    "genres": {
                        "S": "Documentary"
                    }
                }
            }
        },
        {
            "PutRequest": {
                "Item": {
                    "id": {
                        "S": "140593"
                    },
                    "title": {
                        "S": "Dog's Heart (1976)"
                    },
                    "genres": {
                        "S": "(no genres listed)"
                    }
                }
            }
        },
        {
            "PutRequest": {
                "Item": {
                    "id": {
                        "S": "140597"
                    },
                    "title": {
                        "S": "Il mulino del Po (1949)"
                    },
                    "genres": {
                        "S": "(no genres listed)"
                    }
                }
            }
        },
        {
            "PutRequest": {
                "Item": {
                    "id": {
                        "S": "140605"
                    },
                    "title": {
                        "S": "La steppa"
                    },
                    "genres": {
                        "S": "(no genres listed)"
                    }
                }
            }
        },
        {
            "PutRequest": {
                "Item": {
                    "id": {
                        "S": "140607"
                    },
                    "title": {
                        "S": "La mandragola (1965)"
                    },
                    "genres": {
                        "S": "Comedy"
                    }
                }
            }
        },
        {
            "PutRequest": {
                "Item": {
                    "id": {
                        "S": "140615"
                    },
                    "title": {
                        "S": "12 registi per 12 citt\u00e0 (1989)"
                    },
                    "genres": {
                        "S": "(no genres listed)"
                    }
                }
            }
        },
        {
            "PutRequest": {
                "Item": {
                    "id": {
                        "S": "140617"
                    },
                    "title": {
                        "S": "Get Smart's Bruce and Lloyd Out of Control (2008)"
                    },
                    "genres": {
                        "S": "Action|Comedy"
                    }
                }
            }
        },
        {
            "PutRequest": {
                "Item": {
                    "id": {
                        "S": "140619"
                    },
                    "title": {
                        "S": "Chronic-Con, Episode 420: A New Dope (2015)"
                    },
                    "genres": {
                        "S": "Comedy|Documentary"
                    }
                }
            }
        },
        {
            "PutRequest": {
                "Item": {
                    "id": {
                        "S": "140621"
                    },
                    "title": {
                        "S": "Russell Brand - From Addiction to Recovery (2012)"
                    },
                    "genres": {
                        "S": "Documentary"
                    }
                }
            }
        },
        {
            "PutRequest": {
                "Item": {
                    "id": {
                        "S": "140623"
                    },
                    "title": {
                        "S": "Russell Brand: End the Drugs War (2014)"
                    },
                    "genres": {
                        "S": "(no genres listed)"
                    }
                }
            }
        },
        {
            "PutRequest": {
                "Item": {
                    "id": {
                        "S": "140627"
                    },
                    "title": {
                        "S": "Battle For Sevastopol (2015)"
                    },
                    "genres": {
                        "S": "Drama|Romance|War"
                    }
                }
            }
        },
        {
            "PutRequest": {
                "Item": {
                    "id": {
                        "S": "140629"
                    },
                    "title": {
                        "S": "Snails in the Rain (2013)"
                    },
                    "genres": {
                        "S": "Drama"
                    }
                }
            }
        },
        {
            "PutRequest": {
                "Item": {
                    "id": {
                        "S": "140631"
                    },
                    "title": {
                        "S": "Under the Bed (2012)"
                    },
                    "genres": {
                        "S": "Horror"
                    }
                }
            }
        },
        {
            "PutRequest": {
                "Item": {
                    "id": {
                        "S": "140633"
                    },
                    "title": {
                        "S": "Another World (2014)"
                    },
                    "genres": {
                        "S": "Documentary"
                    }
                }
            }
        },
        {
            "PutRequest": {
                "Item": {
                    "id": {
                        "S": "140635"
                    },
                    "title": {
                        "S": "Almost Mercy (2015)"
                    },
                    "genres": {
                        "S": "Horror"
                    }
                }
            }
        },
        {
            "PutRequest": {
                "Item": {
                    "id": {
                        "S": "140637"
                    },
                    "title": {
                        "S": "I've Been Waiting for You (1998)"
                    },
                    "genres": {
                        "S": "Horror"
                    }
                }
            }
        },
        {
            "PutRequest": {
                "Item": {
                    "id": {
                        "S": "140639"
                    },
                    "title": {
                        "S": "Nancy Drew (2002)"
                    },
                    "genres": {
                        "S": "(no genres listed)"
                    }
                }
            }
        },
        {
            "PutRequest": {
                "Item": {
                    "id": {
                        "S": "140641"
                    },
                    "title": {
                        "S": "Revenge of the Middle-Aged Woman (2004)"
                    },
                    "genres": {
                        "S": "Drama"
                    }
                }
            }
        },
        {
            "PutRequest": {
                "Item": {
                    "id": {
                        "S": "140645"
                    },
                    "title": {
                        "S": "Moonrunners (1975)"
                    },
                    "genres": {
                        "S": "Action|Comedy"
                    }
                }
            }
        },
        {
            "PutRequest": {
                "Item": {
                    "id": {
                        "S": "140647"
                    },
                    "title": {
                        "S": "Csocs\u00f3, avagy \u00e9ljen m\u00e1jus elseje! (2001)"
                    },
                    "genres": {
                        "S": "Comedy"
                    }
                }
            }
        }
    ]
}