{
    "movies": [
        {
            "PutRequest": {
                "Item": {
                    "id": {
                        "S": "134981"
                    },
                    "title": {
                        "S": "Attenti al buffone (1975)"
                    },
                    "genres": {
                        "S": "(no genres listed)"
                    }
                }
            }
        },
        {
            "PutRequest": {
                "Item": {
                    "id": {
                        "S": "134985"
                    },
                    "title": {
                        "S": "Girolimoni, il mostro di Roma (1972)"
                    },
                    "genres": {
                        "S": "Comedy|Drama"
                    }
                }
            }
        },
        {
            "PutRequest": {
                "Item": {
                    "id": {
                        "S": "134987"
                    },
                    "title": {
                        "S": "In Love, Every Pleasure Has Its Pain (1971)"
                    },
                    "genres": {
                        "S": "Comedy"
                    }
                }
            }
        },
        {
            "PutRequest": {
                "Item": {
                    "id": {
                        "S": "134989"
                    },
                    "title": {
                        "S": "Trastevere (1971)"
                    },
                    "genres": {
                        "S": "Comedy"
                    }
                }
            }
        },
        {
            "PutRequest": {
                "Item": {
                    "id": {
                        "S": "134991"
                    },
                    "title": {
                        "S": "Roma bene (1971)"
                    },
                    "genres": {
                        "S": "Comedy"
                    }
                }
            }
        },
        {
            "PutRequest": {
                "Item": {
                    "id": {
                        "S": "134997"
                    },
                    "title": {
                        "S": "I picari (1987)"
                    },
                    "genres": {
                        "S": "(no genres listed)"
                    }
                }
            }
        },
        {
            "PutRequest": {
                "Item": {
                    "id": {
                        "S": "135001"
                    },
                    "title": {
                        "S": "Operation Snafu (1970)"
                    },
                    "genres": {
                        "S": "Action|Comedy|Drama|War"
                    }
                }
            }
        },
        {
            "PutRequest": {
                "Item": {
                    "id": {
                        "S": "135003"
                    },
                    "title": {
                        "S": "The American Ruling Class (2005)"
                    },
                    "genres": {
                        "S": "Documentary"
                    }
                }
            }
        },
        {
            "PutRequest": {
                "Item": {
                    "id": {
                        "S": "135005"
                    },
                    "title": {
                        "S": "Vedo nudo (1969)"
                    },
                    "genres": {
                        "S": "(no genres listed)"
                    }
                }
            }
        },
        {
            "PutRequest": {
                "Item": {
                    "id": {
                        "S": "135007"
                    },
                    "title": {
                        "S": "Will Our Heroes Be Able to Find Their Friend Who Has Mysteriously Disappeared in Africa? (1968)"
                    },
                    "genres": {
                        "S": "Adventure|Comedy|Fantasy"
                    }
                }
            }
        },
        {
            "PutRequest": {
                "Item": {
                    "id": {
                        "S": "135009"
                    },
                    "title": {
                        "S": "Straziami, ma di baci saziami (1968)"
                    },
                    "genres": {
                        "S": "(no genres listed)"
                    }
                }
            }
        },
        {
            "PutRequest": {
                "Item": {
                    "id": {
                        "S": "135013"
                    },
                    "title": {
                        "S": "The Head Of The Family (1967)"
                    },
                    "genres": {
                        "S": "Comedy"
                    }
                }
            }
        },
        {
            "PutRequest": {
                "Item": {
                    "id": {
                        "S": "135015"
                    },
                    "title": {
                        "S": "The Treasure of San Gennaro (1966)"
                    },
                    "genres": {
                        "S": "Comedy"
                    }
                }
            }
        },
        {
            "PutRequest": {
                "Item": {
                    "id": {
                        "S": "135017"
                    },
                    "title": {
                        "S": "Me, Me, Me... and the Others (1966)"
                    },
                    "genres": {
                        "S": "(no genres listed)"
                    }
                }
            }
        },
        {
            "PutRequest": {
                "Item": {
                    "id": {
                        "S": "135019"
                    },
                    "title": {
                        "S": "Adultery Italian Style (1966)"
                    },
                    "genres": {
                        "S": "Comedy"
                    }
                }
            }
        },
        {
            "PutRequest": {
                "Item": {
                    "id": {
                        "S": "135021"
                    },
                    "title": {
                        "S": "Made in italy (1965)"
                    },
                    "genres": {
                        "S": "Comedy"
                    }
                }
            }
        },
        {
            "PutRequest": {
                "Item": {
                    "id": {
                        "S": "135023"
                    },
                    "title": {
                        "S": "I Knew Her Well (1965)"
                    },
                    "genres": {
                        "S": "Drama"
                    }
                }
            }
        },
        {
            "PutRequest": {
                "Item": {
                    "id": {
                        "S": "135025"
                    },
                    "title": {
                        "S": "The Topp Twins: Untouchable Girls (2011)"
                    },
                    "genres": {
                        "S": "Comedy|Documentary"
                    }
                }
            }
        },
        {
            "PutRequest": {
                "Item": {
                    "id": {
                        "S": "135031"
                    },
                    "title": {
                        "S": "Toto, Peppino, and the Hussy (1956)"
                    },
                    "genres": {
                        "S": "Comedy"
                    }
                }
            }
        },
        {
            "PutRequest": {
                "Item": {
                    "id": {
                        "S": "135033"
                    },
                    "title": {
                        "S": "Strigoi (2009)"
                    },
                    "genres": {
                        "S": "Comedy|Drama|Fantasy|Horror"
                    }
                }
            }
        },
        {
            "PutRequest": {
                "Item": {
                    "id": {
                        "S": "135035"
                    },
                    "title": {
                        "S": "Guardia, Guardia Scelta, Brigadiere e Maresciallo (1956)"
                    },
                    "genres": {
                        "S": "Comedy"
                    }
                }
            }
        },
        {
            "PutRequest": {
                "Item": {
                    "id": {
                        "S": "135037"
                    },
                    "title": {
                        "S": "The Bachelor (1955)"
                    },
                    "genres": {
                        "S": "(no genres listed)"
                    }
                }
            }
        },
        {
            "PutRequest": {
                "Item": {
                    "id": {
                        "S": "135039"
                    },
                    "title": {
                        "S": "Gli innamorati (1955)"
                    },
                    "genres": {
                        "S": "(no genres listed)"
                    }
                }
            }
        },
        {
            "PutRequest": {
                "Item": {
                    "id": {
                        "S": "135041"
                    },
                    "title": {
                        "S": "Eames: The Architect & The Painter (2011)"
                    },
                    "genres": {
                        "S": "Documentary"
                    }
                }
            }
        },
        {
            "PutRequest": {
                "Item": {
                    "id": {
                        "S": "135049"
                    },
                    "title": {
                        "S": "Herbie Hancock: Possibilities (2006)"
                    },
                    "genres": {
                        "S": "(no genres listed)"
                    }
                }
            }
        }
    ]
}