{
    "movies": [
        {
            "PutRequest": {
                "Item": {
                    "id": {
                        "S": "130810"
                    },
                    "title": {
                        "S": "Wild 90 (1968)"
                    },
                    "genres": {
                        "S": "(no genres listed)"
                    }
                }
            }
        },
        {
            "PutRequest": {
                "Item": {
                    "id": {
                        "S": "130812"
                    },
                    "title": {
                        "S": "Maidstone (1970)"
                    },
                    "genres": {
                        "S": "(no genres listed)"
                    }
                }
            }
        },
        {
            "PutRequest": {
                "Item": {
                    "id": {
                        "S": "130814"
                    },
                    "title": {
                        "S": "Midnight Ride (1990)"
                    },
                    "genres": {
                        "S": "(no genres listed)"
                    }
                }
            }
        },
        {
            "PutRequest": {
                "Item": {
                    "id": {
                        "S": "130816"
                    },
                    "title": {
                        "S": "Duet for One (1987)"
                    },
                    "genres": {
                        "S": "Drama"
                    }
                }
            }
        },
        {
            "PutRequest": {
                "Item": {
                    "id": {
                        "S": "130818"
                    },
                    "title": {
                        "S": "Manifesto (1988)"
                    },
                    "genres": {
                        "S": "(no genres listed)"
                    }
                }
            }
        },
        {
            "PutRequest": {
                "Item": {
                    "id": {
                        "S": "130820"
                    },
                    "title": {
                        "S": "Street Knight (1993)"
                    },
                    "genres": {
                        "S": "(no genres listed)"
                    }
                }
            }
        },
        {
            "PutRequest": {
                "Item": {
                    "id": {
                        "S": "130822"
                    },
                    "title": {
                        "S": "The Stud (1979)"
                    },
                    "genres": {
                        "S": "Drama"
                    }
                }
            }
        },
        {
            "PutRequest": {
                "Item": {
                    "id": {
                        "S": "130824"
                    },
                    "title": {
                        "S": "The Naked Cage (1986)"
                    },
                    "genres": {
                        "S": "Action|Drama"
                    }
                }
            }
        },
        {
            "PutRequest": {
                "Item": {
                    "id": {
                        "S": "130826"
                    },
                    "title": {
                        "S": "Rockula (1990)"
                    },
                    "genres": {
                        "S": "Comedy|Horror|Romance"
                    }
                }
            }
        },
        {
            "PutRequest": {
                "Item": {
                    "id": {
                        "S": "130828"
                    },
                    "title": {
                        "S": "No Place to Hide (1970)"
                    },
                    "genres": {
                        "S": "Thriller"
                    }
                }
            }
        },
        {
            "PutRequest": {
                "Item": {
                    "id": {
                        "S": "130830"
                    },
                    "title": {
                        "S": "No Place To Hide (1992)"
                    },
                    "genres": {
                        "S": "Thriller"
                    }
                }
            }
        },
        {
            "PutRequest": {
                "Item": {
                    "id": {
                        "S": "130832"
                    },
                    "title": {
                        "S": "Rescue Me (1993)"
                    },
                    "genres": {
                        "S": "Action|Comedy"
                    }
                }
            }
        },
        {
            "PutRequest": {
                "Item": {
                    "id": {
                        "S": "130834"
                    },
                    "title": {
                        "S": "Dancers (1987)"
                    },
                    "genres": {
                        "S": "(no genres listed)"
                    }
                }
            }
        },
        {
            "PutRequest": {
                "Item": {
                    "id": {
                        "S": "130836"
                    },
                    "title": {
                        "S": "Fifty/Fifty (1992)"
                    },
                    "genres": {
                        "S": "Action|Comedy|Thriller"
                    }
                }
            }
        },
        {
            "PutRequest": {
                "Item": {
                    "id": {
                        "S": "130838"
                    },
                    "title": {
                        "S": "When the Whales Came (1989)"
                    },
                    "genres": {
                        "S": "Drama"
                    }
                }
            }
        },
        {
            "PutRequest": {
                "Item": {
                    "id": {
                        "S": "130840"
                    },
                    "title": {
                        "S": "Spring (2015)"
                    },
                    "genres": {
                        "S": "Horror|Romance|Sci-Fi"
                    }
                }
            }
        },
        {
            "PutRequest": {
                "Item": {
                    "id": {
                        "S": "130842"
                    },
                    "title": {
                        "S": "Power/Rangers (2015)"
                    },
                    "genres": {
                        "S": "Action|Adventure|Sci-Fi"
                    }
                }
            }
        },
        {
            "PutRequest": {
                "Item": {
                    "id": {
                        "S": "130844"
                    },
                    "title": {
                        "S": "Julie Darling (1983)"
                    },
                    "genres": {
                        "S": "(no genres listed)"
                    }
                }
            }
        },
        {
            "PutRequest": {
                "Item": {
                    "id": {
                        "S": "130846"
                    },
                    "title": {
                        "S": "The Birthday Party (1968)"
                    },
                    "genres": {
                        "S": "(no genres listed)"
                    }
                }
            }
        },
        {
            "PutRequest": {
                "Item": {
                    "id": {
                        "S": "130848"
                    },
                    "title": {
                        "S": "Not My Type (2014)"
                    },
                    "genres": {
                        "S": "Comedy|Romance"
                    }
                }
            }
        },
        {
            "PutRequest": {
                "Item": {
                    "id": {
                        "S": "130850"
                    },
                    "title": {
                        "S": "Mall (2014)"
                    },
                    "genres": {
                        "S": "Drama"
                    }
                }
            }
        },
        {
            "PutRequest": {
                "Item": {
                    "id": {
                        "S": "130852"
                    },
                    "title": {
                        "S": "Brothers on the Line (2012)"
                    },
                    "genres": {
                        "S": "(no genres listed)"
                    }
                }
            }
        },
        {
            "PutRequest": {
                "Item": {
                    "id": {
                        "S": "130854"
                    },
                    "title": {
                        "S": "Beat the Drum (2003)"
                    },
                    "genres": {
                        "S": "Drama"
                    }
                }
            }
        },
        {
            "PutRequest": {
                "Item": {
                    "id": {
                        "S": "130856"
                    },
                    "title": {
                        "S": "Severe Clear (2010)"
                    },
                    "genres": {
                        "S": "Comedy|Documentary"
                    }
                }
            }
        },
        {
            "PutRequest": {
                "Item": {
                    "id": {
                        "S": "130858"
                    },
                    "title": {
                        "S": "Guru, The Mad Monk (1970)"
                    },
                    "genres": {
                        "S": "Horror"
                    }
                }
            }
        }
    ]
}