{
    "movies": [
        {
            "PutRequest": {
                "Item": {
                    "id": {
                        "S": "138386"
                    },
                    "title": {
                        "S": "Il bambino cattivo (2013)"
                    },
                    "genres": {
                        "S": "(no genres listed)"
                    }
                }
            }
        },
        {
            "PutRequest": {
                "Item": {
                    "id": {
                        "S": "138388"
                    },
                    "title": {
                        "S": "Crazy Me (2013)"
                    },
                    "genres": {
                        "S": "Comedy"
                    }
                }
            }
        },
        {
            "PutRequest": {
                "Item": {
                    "id": {
                        "S": "138390"
                    },
                    "title": {
                        "S": "Tutti contro tutti (2013)"
                    },
                    "genres": {
                        "S": "Comedy"
                    }
                }
            }
        },
        {
            "PutRequest": {
                "Item": {
                    "id": {
                        "S": "138392"
                    },
                    "title": {
                        "S": "Buongiorno Pap\u00e0 (2013)"
                    },
                    "genres": {
                        "S": "Comedy"
                    }
                }
            }
        },
        {
            "PutRequest": {
                "Item": {
                    "id": {
                        "S": "138394"
                    },
                    "title": {
                        "S": "Mai Stati Uniti (2012)"
                    },
                    "genres": {
                        "S": "Comedy"
                    }
                }
            }
        },
        {
            "PutRequest": {
                "Item": {
                    "id": {
                        "S": "138396"
                    },
                    "title": {
                        "S": "There Will Come a Day (2013)"
                    },
                    "genres": {
                        "S": "Comedy|Drama"
                    }
                }
            }
        },
        {
            "PutRequest": {
                "Item": {
                    "id": {
                        "S": "138398"
                    },
                    "title": {
                        "S": "Tutto parla di te (2012)"
                    },
                    "genres": {
                        "S": "(no genres listed)"
                    }
                }
            }
        },
        {
            "PutRequest": {
                "Item": {
                    "id": {
                        "S": "138400"
                    },
                    "title": {
                        "S": "Ammutta muddica al cinema (2013)"
                    },
                    "genres": {
                        "S": "Comedy"
                    }
                }
            }
        },
        {
            "PutRequest": {
                "Item": {
                    "id": {
                        "S": "138402"
                    },
                    "title": {
                        "S": "Welcome Mr. President! (2013)"
                    },
                    "genres": {
                        "S": "Comedy"
                    }
                }
            }
        },
        {
            "PutRequest": {
                "Item": {
                    "id": {
                        "S": "138404"
                    },
                    "title": {
                        "S": "The Possessed (2009)"
                    },
                    "genres": {
                        "S": "Documentary|Horror|Thriller"
                    }
                }
            }
        },
        {
            "PutRequest": {
                "Item": {
                    "id": {
                        "S": "138406"
                    },
                    "title": {
                        "S": "Passione sinistra (2013)"
                    },
                    "genres": {
                        "S": "Comedy"
                    }
                }
            }
        },
        {
            "PutRequest": {
                "Item": {
                    "id": {
                        "S": "138408"
                    },
                    "title": {
                        "S": "Bianca come il latte, rossa come il sangue (2013)"
                    },
                    "genres": {
                        "S": "Comedy|Drama"
                    }
                }
            }
        },
        {
            "PutRequest": {
                "Item": {
                    "id": {
                        "S": "138410"
                    },
                    "title": {
                        "S": "Studio illegale (2013)"
                    },
                    "genres": {
                        "S": "Comedy"
                    }
                }
            }
        },
        {
            "PutRequest": {
                "Item": {
                    "id": {
                        "S": "138412"
                    },
                    "title": {
                        "S": "Cha cha cha (2013)"
                    },
                    "genres": {
                        "S": "Crime|Drama"
                    }
                }
            }
        },
        {
            "PutRequest": {
                "Item": {
                    "id": {
                        "S": "138414"
                    },
                    "title": {
                        "S": "Love & Slaps (2010)"
                    },
                    "genres": {
                        "S": "Comedy"
                    }
                }
            }
        },
        {
            "PutRequest": {
                "Item": {
                    "id": {
                        "S": "138416"
                    },
                    "title": {
                        "S": "I Can Quit Whenever I Want (2014)"
                    },
                    "genres": {
                        "S": "Comedy"
                    }
                }
            }
        },
        {
            "PutRequest": {
                "Item": {
                    "id": {
                        "S": "138420"
                    },
                    "title": {
                        "S": "La gente che sta bene (2014)"
                    },
                    "genres": {
                        "S": "Comedy"
                    }
                }
            }
        },
        {
            "PutRequest": {
                "Item": {
                    "id": {
                        "S": "138422"
                    },
                    "title": {
                        "S": "The Devil's Violinist (2013)"
                    },
                    "genres": {
                        "S": "Drama"
                    }
                }
            }
        },
        {
            "PutRequest": {
                "Item": {
                    "id": {
                        "S": "138424"
                    },
                    "title": {
                        "S": "The Future (2013)"
                    },
                    "genres": {
                        "S": "Drama"
                    }
                }
            }
        },
        {
            "PutRequest": {
                "Item": {
                    "id": {
                        "S": "138426"
                    },
                    "title": {
                        "S": "Ti ricordi di me? (2014)"
                    },
                    "genres": {
                        "S": "Comedy"
                    }
                }
            }
        },
        {
            "PutRequest": {
                "Item": {
                    "id": {
                        "S": "138428"
                    },
                    "title": {
                        "S": "As Melhores Coisas do Mundo (2010)"
                    },
                    "genres": {
                        "S": "Comedy"
                    }
                }
            }
        },
        {
            "PutRequest": {
                "Item": {
                    "id": {
                        "S": "138430"
                    },
                    "title": {
                        "S": "Un boss in salotto (2014)"
                    },
                    "genres": {
                        "S": "Comedy"
                    }
                }
            }
        },
        {
            "PutRequest": {
                "Item": {
                    "id": {
                        "S": "138432"
                    },
                    "title": {
                        "S": "Zoran, il mio nipote scemo (2013)"
                    },
                    "genres": {
                        "S": "Comedy"
                    }
                }
            }
        },
        {
            "PutRequest": {
                "Item": {
                    "id": {
                        "S": "138434"
                    },
                    "title": {
                        "S": "A Castle in Italy (2013)"
                    },
                    "genres": {
                        "S": "Comedy|Drama"
                    }
                }
            }
        },
        {
            "PutRequest": {
                "Item": {
                    "id": {
                        "S": "138436"
                    },
                    "title": {
                        "S": "The Human Factor (2013)"
                    },
                    "genres": {
                        "S": "Comedy|Thriller"
                    }
                }
            }
        }
    ]
}