{
    "movies": [
        {
            "PutRequest": {
                "Item": {
                    "id": {
                        "S": "143305"
                    },
                    "title": {
                        "S": "Between the Lines (1977)"
                    },
                    "genres": {
                        "S": "(no genres listed)"
                    }
                }
            }
        },
        {
            "PutRequest": {
                "Item": {
                    "id": {
                        "S": "143307"
                    },
                    "title": {
                        "S": "I Escaped from Devil's Island (1973)"
                    },
                    "genres": {
                        "S": "Action|Adventure"
                    }
                }
            }
        },
        {
            "PutRequest": {
                "Item": {
                    "id": {
                        "S": "143309"
                    },
                    "title": {
                        "S": "Liza, the Fox-Fairy (2015)"
                    },
                    "genres": {
                        "S": "Comedy|Fantasy|Romance"
                    }
                }
            }
        },
        {
            "PutRequest": {
                "Item": {
                    "id": {
                        "S": "143311"
                    },
                    "title": {
                        "S": "Get Santa (2014)"
                    },
                    "genres": {
                        "S": "Children|Comedy"
                    }
                }
            }
        },
        {
            "PutRequest": {
                "Item": {
                    "id": {
                        "S": "143313"
                    },
                    "title": {
                        "S": "The Savage Bees (1976)"
                    },
                    "genres": {
                        "S": "(no genres listed)"
                    }
                }
            }
        },
        {
            "PutRequest": {
                "Item": {
                    "id": {
                        "S": "143315"
                    },
                    "title": {
                        "S": "Il nome del figlio (2015)"
                    },
                    "genres": {
                        "S": "Comedy"
                    }
                }
            }
        },
        {
            "PutRequest": {
                "Item": {
                    "id": {
                        "S": "143317"
                    },
                    "title": {
                        "S": "The Cut (2014)"
                    },
                    "genres": {
                        "S": "Drama"
                    }
                }
            }
        },
        {
            "PutRequest": {
                "Item": {
                    "id": {
                        "S": "143319"
                    },
                    "title": {
                        "S": "The Jackpot (1950)"
                    },
                    "genres": {
                        "S": "Comedy"
                    }
                }
            }
        },
        {
            "PutRequest": {
                "Item": {
                    "id": {
                        "S": "143321"
                    },
                    "title": {
                        "S": "A Teacher's Crime (2008)"
                    },
                    "genres": {
                        "S": "Crime|Drama|Mystery"
                    }
                }
            }
        },
        {
            "PutRequest": {
                "Item": {
                    "id": {
                        "S": "143323"
                    },
                    "title": {
                        "S": "Street Warrior (2008)"
                    },
                    "genres": {
                        "S": "Action"
                    }
                }
            }
        },
        {
            "PutRequest": {
                "Item": {
                    "id": {
                        "S": "143327"
                    },
                    "title": {
                        "S": "Gambling House (1950)"
                    },
                    "genres": {
                        "S": "Crime"
                    }
                }
            }
        },
        {
            "PutRequest": {
                "Item": {
                    "id": {
                        "S": "143329"
                    },
                    "title": {
                        "S": "City Across the River (1949)"
                    },
                    "genres": {
                        "S": "(no genres listed)"
                    }
                }
            }
        },
        {
            "PutRequest": {
                "Item": {
                    "id": {
                        "S": "143331"
                    },
                    "title": {
                        "S": "Nightmare (1956)"
                    },
                    "genres": {
                        "S": "Crime"
                    }
                }
            }
        },
        {
            "PutRequest": {
                "Item": {
                    "id": {
                        "S": "143333"
                    },
                    "title": {
                        "S": "The Work of Director Jonathan Glazer (2005)"
                    },
                    "genres": {
                        "S": "(no genres listed)"
                    }
                }
            }
        },
        {
            "PutRequest": {
                "Item": {
                    "id": {
                        "S": "143335"
                    },
                    "title": {
                        "S": "Deprisa, Deprisa (1981)"
                    },
                    "genres": {
                        "S": "Crime|Drama"
                    }
                }
            }
        },
        {
            "PutRequest": {
                "Item": {
                    "id": {
                        "S": "143337"
                    },
                    "title": {
                        "S": "Alice Cooper: Prime Cuts (1991)"
                    },
                    "genres": {
                        "S": "Documentary"
                    }
                }
            }
        },
        {
            "PutRequest": {
                "Item": {
                    "id": {
                        "S": "143339"
                    },
                    "title": {
                        "S": "Dario Argento: An Eye for Horror (2000)"
                    },
                    "genres": {
                        "S": "Documentary"
                    }
                }
            }
        },
        {
            "PutRequest": {
                "Item": {
                    "id": {
                        "S": "143341"
                    },
                    "title": {
                        "S": "Beyond the Mask (2015)"
                    },
                    "genres": {
                        "S": "Action|Drama"
                    }
                }
            }
        },
        {
            "PutRequest": {
                "Item": {
                    "id": {
                        "S": "143345"
                    },
                    "title": {
                        "S": "Shazam! (2019)"
                    },
                    "genres": {
                        "S": "Action|Adventure|Fantasy|Sci-Fi"
                    }
                }
            }
        },
        {
            "PutRequest": {
                "Item": {
                    "id": {
                        "S": "143347"
                    },
                    "title": {
                        "S": "Aquaman (2018)"
                    },
                    "genres": {
                        "S": "Action|Fantasy|Sci-Fi"
                    }
                }
            }
        },
        {
            "PutRequest": {
                "Item": {
                    "id": {
                        "S": "143355"
                    },
                    "title": {
                        "S": "Wonder Woman (2017)"
                    },
                    "genres": {
                        "S": "Action|Adventure|Fantasy"
                    }
                }
            }
        },
        {
            "PutRequest": {
                "Item": {
                    "id": {
                        "S": "143361"
                    },
                    "title": {
                        "S": "Iron Sky the Coming Race (2016)"
                    },
                    "genres": {
                        "S": "Action|Comedy|Fantasy|Sci-Fi"
                    }
                }
            }
        },
        {
            "PutRequest": {
                "Item": {
                    "id": {
                        "S": "143363"
                    },
                    "title": {
                        "S": "Salt and Fire (2016)"
                    },
                    "genres": {
                        "S": "Thriller"
                    }
                }
            }
        },
        {
            "PutRequest": {
                "Item": {
                    "id": {
                        "S": "143365"
                    },
                    "title": {
                        "S": "The Circle (2016)"
                    },
                    "genres": {
                        "S": "Drama|Sci-Fi|Thriller"
                    }
                }
            }
        },
        {
            "PutRequest": {
                "Item": {
                    "id": {
                        "S": "143367"
                    },
                    "title": {
                        "S": "Silence (2016)"
                    },
                    "genres": {
                        "S": "Drama|Thriller"
                    }
                }
            }
        }
    ]
}