{
    "movies": [
        {
            "PutRequest": {
                "Item": {
                    "id": {
                        "S": "2967"
                    },
                    "title": {
                        "S": "Bad Seed, The (1956)"
                    },
                    "genres": {
                        "S": "Drama|Thriller"
                    }
                }
            }
        },
        {
            "PutRequest": {
                "Item": {
                    "id": {
                        "S": "2968"
                    },
                    "title": {
                        "S": "Time Bandits (1981)"
                    },
                    "genres": {
                        "S": "Adventure|Comedy|Fantasy|Sci-Fi"
                    }
                }
            }
        },
        {
            "PutRequest": {
                "Item": {
                    "id": {
                        "S": "2969"
                    },
                    "title": {
                        "S": "Man and a Woman, A (Un homme et une femme) (1966)"
                    },
                    "genres": {
                        "S": "Drama|Romance"
                    }
                }
            }
        },
        {
            "PutRequest": {
                "Item": {
                    "id": {
                        "S": "2970"
                    },
                    "title": {
                        "S": "Fitzcarraldo (1982)"
                    },
                    "genres": {
                        "S": "Adventure|Drama"
                    }
                }
            }
        },
        {
            "PutRequest": {
                "Item": {
                    "id": {
                        "S": "2971"
                    },
                    "title": {
                        "S": "All That Jazz (1979)"
                    },
                    "genres": {
                        "S": "Drama|Fantasy|Musical"
                    }
                }
            }
        },
        {
            "PutRequest": {
                "Item": {
                    "id": {
                        "S": "2972"
                    },
                    "title": {
                        "S": "Red Sorghum (Hong gao liang) (1987)"
                    },
                    "genres": {
                        "S": "Drama|War"
                    }
                }
            }
        },
        {
            "PutRequest": {
                "Item": {
                    "id": {
                        "S": "2973"
                    },
                    "title": {
                        "S": "Crimes and Misdemeanors (1989)"
                    },
                    "genres": {
                        "S": "Comedy|Crime|Drama"
                    }
                }
            }
        },
        {
            "PutRequest": {
                "Item": {
                    "id": {
                        "S": "2974"
                    },
                    "title": {
                        "S": "Bats (1999)"
                    },
                    "genres": {
                        "S": "Horror|Thriller"
                    }
                }
            }
        },
        {
            "PutRequest": {
                "Item": {
                    "id": {
                        "S": "2975"
                    },
                    "title": {
                        "S": "Best Man, The (1999)"
                    },
                    "genres": {
                        "S": "Comedy|Drama"
                    }
                }
            }
        },
        {
            "PutRequest": {
                "Item": {
                    "id": {
                        "S": "2976"
                    },
                    "title": {
                        "S": "Bringing Out the Dead (1999)"
                    },
                    "genres": {
                        "S": "Drama"
                    }
                }
            }
        },
        {
            "PutRequest": {
                "Item": {
                    "id": {
                        "S": "2977"
                    },
                    "title": {
                        "S": "Crazy in Alabama (1999)"
                    },
                    "genres": {
                        "S": "Comedy|Drama"
                    }
                }
            }
        },
        {
            "PutRequest": {
                "Item": {
                    "id": {
                        "S": "2978"
                    },
                    "title": {
                        "S": "Three to Tango (1999)"
                    },
                    "genres": {
                        "S": "Comedy|Romance"
                    }
                }
            }
        },
        {
            "PutRequest": {
                "Item": {
                    "id": {
                        "S": "2979"
                    },
                    "title": {
                        "S": "Body Shots (1999)"
                    },
                    "genres": {
                        "S": "Drama"
                    }
                }
            }
        },
        {
            "PutRequest": {
                "Item": {
                    "id": {
                        "S": "2980"
                    },
                    "title": {
                        "S": "Men Cry Bullets (1997)"
                    },
                    "genres": {
                        "S": "Comedy|Drama"
                    }
                }
            }
        },
        {
            "PutRequest": {
                "Item": {
                    "id": {
                        "S": "2981"
                    },
                    "title": {
                        "S": "Brother, Can You Spare a Dime? (1975)"
                    },
                    "genres": {
                        "S": "Documentary"
                    }
                }
            }
        },
        {
            "PutRequest": {
                "Item": {
                    "id": {
                        "S": "2982"
                    },
                    "title": {
                        "S": "Guardian, The (1990)"
                    },
                    "genres": {
                        "S": "Horror|Thriller"
                    }
                }
            }
        },
        {
            "PutRequest": {
                "Item": {
                    "id": {
                        "S": "2983"
                    },
                    "title": {
                        "S": "Ipcress File, The (1965)"
                    },
                    "genres": {
                        "S": "Thriller"
                    }
                }
            }
        },
        {
            "PutRequest": {
                "Item": {
                    "id": {
                        "S": "2984"
                    },
                    "title": {
                        "S": "On Any Sunday (1971)"
                    },
                    "genres": {
                        "S": "Documentary"
                    }
                }
            }
        },
        {
            "PutRequest": {
                "Item": {
                    "id": {
                        "S": "2985"
                    },
                    "title": {
                        "S": "RoboCop (1987)"
                    },
                    "genres": {
                        "S": "Action|Crime|Drama|Sci-Fi|Thriller"
                    }
                }
            }
        },
        {
            "PutRequest": {
                "Item": {
                    "id": {
                        "S": "2986"
                    },
                    "title": {
                        "S": "RoboCop 2 (1990)"
                    },
                    "genres": {
                        "S": "Action|Crime|Sci-Fi|Thriller"
                    }
                }
            }
        },
        {
            "PutRequest": {
                "Item": {
                    "id": {
                        "S": "2987"
                    },
                    "title": {
                        "S": "Who Framed Roger Rabbit? (1988)"
                    },
                    "genres": {
                        "S": "Adventure|Animation|Children|Comedy|Crime|Fantasy|Mystery"
                    }
                }
            }
        },
        {
            "PutRequest": {
                "Item": {
                    "id": {
                        "S": "2988"
                    },
                    "title": {
                        "S": "Melvin and Howard (1980)"
                    },
                    "genres": {
                        "S": "Drama"
                    }
                }
            }
        },
        {
            "PutRequest": {
                "Item": {
                    "id": {
                        "S": "2989"
                    },
                    "title": {
                        "S": "For Your Eyes Only (1981)"
                    },
                    "genres": {
                        "S": "Action|Adventure|Thriller"
                    }
                }
            }
        },
        {
            "PutRequest": {
                "Item": {
                    "id": {
                        "S": "2990"
                    },
                    "title": {
                        "S": "Licence to Kill (1989)"
                    },
                    "genres": {
                        "S": "Action|Adventure|Thriller"
                    }
                }
            }
        },
        {
            "PutRequest": {
                "Item": {
                    "id": {
                        "S": "2991"
                    },
                    "title": {
                        "S": "Live and Let Die (1973)"
                    },
                    "genres": {
                        "S": "Action|Adventure|Thriller"
                    }
                }
            }
        }
    ]
}