{
    "movies": [
        {
            "PutRequest": {
                "Item": {
                    "id": {
                        "S": "135180"
                    },
                    "title": {
                        "S": "K2: Siren of the Himalayas (2012)"
                    },
                    "genres": {
                        "S": "Adventure|Documentary"
                    }
                }
            }
        },
        {
            "PutRequest": {
                "Item": {
                    "id": {
                        "S": "135182"
                    },
                    "title": {
                        "S": "The Men Who Built America (2012)"
                    },
                    "genres": {
                        "S": "Documentary"
                    }
                }
            }
        },
        {
            "PutRequest": {
                "Item": {
                    "id": {
                        "S": "135184"
                    },
                    "title": {
                        "S": "Gunnm (1993)"
                    },
                    "genres": {
                        "S": "Action|Animation|Crime"
                    }
                }
            }
        },
        {
            "PutRequest": {
                "Item": {
                    "id": {
                        "S": "135186"
                    },
                    "title": {
                        "S": "Daddy and the Muscle Academy (1991)"
                    },
                    "genres": {
                        "S": "Documentary"
                    }
                }
            }
        },
        {
            "PutRequest": {
                "Item": {
                    "id": {
                        "S": "135188"
                    },
                    "title": {
                        "S": "Sebbe (2010)"
                    },
                    "genres": {
                        "S": "Drama"
                    }
                }
            }
        },
        {
            "PutRequest": {
                "Item": {
                    "id": {
                        "S": "135190"
                    },
                    "title": {
                        "S": "Mission Blue (2014)"
                    },
                    "genres": {
                        "S": "Documentary"
                    }
                }
            }
        },
        {
            "PutRequest": {
                "Item": {
                    "id": {
                        "S": "135192"
                    },
                    "title": {
                        "S": "E-Team (2014)"
                    },
                    "genres": {
                        "S": "Documentary"
                    }
                }
            }
        },
        {
            "PutRequest": {
                "Item": {
                    "id": {
                        "S": "135194"
                    },
                    "title": {
                        "S": "The Man Nobody Knew: In Search of My Father, CIA Spymaster William Colby (2011)"
                    },
                    "genres": {
                        "S": "Documentary|Drama"
                    }
                }
            }
        },
        {
            "PutRequest": {
                "Item": {
                    "id": {
                        "S": "135196"
                    },
                    "title": {
                        "S": "Forced Entry (1975)"
                    },
                    "genres": {
                        "S": "(no genres listed)"
                    }
                }
            }
        },
        {
            "PutRequest": {
                "Item": {
                    "id": {
                        "S": "135198"
                    },
                    "title": {
                        "S": "The Hairdresser (2010)"
                    },
                    "genres": {
                        "S": "Comedy|Drama"
                    }
                }
            }
        },
        {
            "PutRequest": {
                "Item": {
                    "id": {
                        "S": "135200"
                    },
                    "title": {
                        "S": "Chocolate City (2015)"
                    },
                    "genres": {
                        "S": "Drama"
                    }
                }
            }
        },
        {
            "PutRequest": {
                "Item": {
                    "id": {
                        "S": "135202"
                    },
                    "title": {
                        "S": "Prime Suspect: Scent of Darkness (1995)"
                    },
                    "genres": {
                        "S": "(no genres listed)"
                    }
                }
            }
        },
        {
            "PutRequest": {
                "Item": {
                    "id": {
                        "S": "135204"
                    },
                    "title": {
                        "S": "Madras Cafe (2013)"
                    },
                    "genres": {
                        "S": "Thriller"
                    }
                }
            }
        },
        {
            "PutRequest": {
                "Item": {
                    "id": {
                        "S": "135206"
                    },
                    "title": {
                        "S": "Millionaires Express (1986)"
                    },
                    "genres": {
                        "S": "Action|Comedy"
                    }
                }
            }
        },
        {
            "PutRequest": {
                "Item": {
                    "id": {
                        "S": "135208"
                    },
                    "title": {
                        "S": "Drool (2009)"
                    },
                    "genres": {
                        "S": "Comedy|Drama"
                    }
                }
            }
        },
        {
            "PutRequest": {
                "Item": {
                    "id": {
                        "S": "135210"
                    },
                    "title": {
                        "S": "Binta and the Great Idea (2004)"
                    },
                    "genres": {
                        "S": "Children|Drama"
                    }
                }
            }
        },
        {
            "PutRequest": {
                "Item": {
                    "id": {
                        "S": "135212"
                    },
                    "title": {
                        "S": "West Bank Story (2005)"
                    },
                    "genres": {
                        "S": "Comedy"
                    }
                }
            }
        },
        {
            "PutRequest": {
                "Item": {
                    "id": {
                        "S": "135214"
                    },
                    "title": {
                        "S": "Skills Like This (2007)"
                    },
                    "genres": {
                        "S": "Comedy"
                    }
                }
            }
        },
        {
            "PutRequest": {
                "Item": {
                    "id": {
                        "S": "135216"
                    },
                    "title": {
                        "S": "The Star Wars Holiday Special (1978)"
                    },
                    "genres": {
                        "S": "Adventure|Children|Comedy|Sci-Fi"
                    }
                }
            }
        },
        {
            "PutRequest": {
                "Item": {
                    "id": {
                        "S": "135218"
                    },
                    "title": {
                        "S": "Chanthaly (2013)"
                    },
                    "genres": {
                        "S": "Drama|Horror"
                    }
                }
            }
        },
        {
            "PutRequest": {
                "Item": {
                    "id": {
                        "S": "135220"
                    },
                    "title": {
                        "S": "Camp Takota (2014)"
                    },
                    "genres": {
                        "S": "Comedy"
                    }
                }
            }
        },
        {
            "PutRequest": {
                "Item": {
                    "id": {
                        "S": "135222"
                    },
                    "title": {
                        "S": "Blue Summer (1973)"
                    },
                    "genres": {
                        "S": "Comedy|Drama"
                    }
                }
            }
        },
        {
            "PutRequest": {
                "Item": {
                    "id": {
                        "S": "135224"
                    },
                    "title": {
                        "S": "Hamari Adhuri Kahaani (2015)"
                    },
                    "genres": {
                        "S": "(no genres listed)"
                    }
                }
            }
        },
        {
            "PutRequest": {
                "Item": {
                    "id": {
                        "S": "135226"
                    },
                    "title": {
                        "S": "Such Good People (2014)"
                    },
                    "genres": {
                        "S": "Comedy|Mystery"
                    }
                }
            }
        },
        {
            "PutRequest": {
                "Item": {
                    "id": {
                        "S": "135228"
                    },
                    "title": {
                        "S": "The Possibilities Are Endless (2014)"
                    },
                    "genres": {
                        "S": "Documentary"
                    }
                }
            }
        }
    ]
}