{
    "movies": [
        {
            "PutRequest": {
                "Item": {
                    "id": {
                        "S": "127294"
                    },
                    "title": {
                        "S": "Estomago: A Gastronomic Story (2007)"
                    },
                    "genres": {
                        "S": "Drama"
                    }
                }
            }
        },
        {
            "PutRequest": {
                "Item": {
                    "id": {
                        "S": "127296"
                    },
                    "title": {
                        "S": "Suing the Devil (2011)"
                    },
                    "genres": {
                        "S": "Comedy|Drama|Thriller"
                    }
                }
            }
        },
        {
            "PutRequest": {
                "Item": {
                    "id": {
                        "S": "127298"
                    },
                    "title": {
                        "S": "A Pigeon Sat on a Branch Reflecting on Existence (2014)"
                    },
                    "genres": {
                        "S": "Comedy|Drama"
                    }
                }
            }
        },
        {
            "PutRequest": {
                "Item": {
                    "id": {
                        "S": "127302"
                    },
                    "title": {
                        "S": "Nine Miles Down (2009)"
                    },
                    "genres": {
                        "S": "Horror|Mystery|Thriller"
                    }
                }
            }
        },
        {
            "PutRequest": {
                "Item": {
                    "id": {
                        "S": "127305"
                    },
                    "title": {
                        "S": "Miss Julie (2014)"
                    },
                    "genres": {
                        "S": "Drama"
                    }
                }
            }
        },
        {
            "PutRequest": {
                "Item": {
                    "id": {
                        "S": "127307"
                    },
                    "title": {
                        "S": "All Together (2011)"
                    },
                    "genres": {
                        "S": "Comedy|Drama"
                    }
                }
            }
        },
        {
            "PutRequest": {
                "Item": {
                    "id": {
                        "S": "127309"
                    },
                    "title": {
                        "S": "Teen Spirit (2011)"
                    },
                    "genres": {
                        "S": "Comedy|Drama|Fantasy"
                    }
                }
            }
        },
        {
            "PutRequest": {
                "Item": {
                    "id": {
                        "S": "127311"
                    },
                    "title": {
                        "S": "The Forbidden Room (2015)"
                    },
                    "genres": {
                        "S": "Comedy|Drama|Mystery|Romance"
                    }
                }
            }
        },
        {
            "PutRequest": {
                "Item": {
                    "id": {
                        "S": "127313"
                    },
                    "title": {
                        "S": "Evilenko (2004)"
                    },
                    "genres": {
                        "S": "Crime|Horror|Thriller"
                    }
                }
            }
        },
        {
            "PutRequest": {
                "Item": {
                    "id": {
                        "S": "127315"
                    },
                    "title": {
                        "S": "Alien Outpost (2014)"
                    },
                    "genres": {
                        "S": "Action|Sci-Fi|Thriller"
                    }
                }
            }
        },
        {
            "PutRequest": {
                "Item": {
                    "id": {
                        "S": "127317"
                    },
                    "title": {
                        "S": "Foreign Body (2014)"
                    },
                    "genres": {
                        "S": "Drama"
                    }
                }
            }
        },
        {
            "PutRequest": {
                "Item": {
                    "id": {
                        "S": "127319"
                    },
                    "title": {
                        "S": "The Loft (2014)"
                    },
                    "genres": {
                        "S": "Thriller"
                    }
                }
            }
        },
        {
            "PutRequest": {
                "Item": {
                    "id": {
                        "S": "127321"
                    },
                    "title": {
                        "S": "[REC] 4: Apocalypse (2014)"
                    },
                    "genres": {
                        "S": "Horror|Thriller"
                    }
                }
            }
        },
        {
            "PutRequest": {
                "Item": {
                    "id": {
                        "S": "127323"
                    },
                    "title": {
                        "S": "Vice (2015)"
                    },
                    "genres": {
                        "S": "Action|Adventure|Sci-Fi|Thriller"
                    }
                }
            }
        },
        {
            "PutRequest": {
                "Item": {
                    "id": {
                        "S": "127325"
                    },
                    "title": {
                        "S": "The Guard from the Underground (1992)"
                    },
                    "genres": {
                        "S": "Crime|Drama|Horror|Thriller"
                    }
                }
            }
        },
        {
            "PutRequest": {
                "Item": {
                    "id": {
                        "S": "127327"
                    },
                    "title": {
                        "S": "Khan Kluay (2006)"
                    },
                    "genres": {
                        "S": "Adventure|Animation|Children"
                    }
                }
            }
        },
        {
            "PutRequest": {
                "Item": {
                    "id": {
                        "S": "127329"
                    },
                    "title": {
                        "S": "A House is Not a Home (1964)"
                    },
                    "genres": {
                        "S": "Drama"
                    }
                }
            }
        },
        {
            "PutRequest": {
                "Item": {
                    "id": {
                        "S": "127331"
                    },
                    "title": {
                        "S": "The Well (1951)"
                    },
                    "genres": {
                        "S": "Drama|Film-Noir|Thriller"
                    }
                }
            }
        },
        {
            "PutRequest": {
                "Item": {
                    "id": {
                        "S": "127333"
                    },
                    "title": {
                        "S": "Wicked Woman (1953)"
                    },
                    "genres": {
                        "S": "Drama|Film-Noir"
                    }
                }
            }
        },
        {
            "PutRequest": {
                "Item": {
                    "id": {
                        "S": "127335"
                    },
                    "title": {
                        "S": "House of Numbers (1957)"
                    },
                    "genres": {
                        "S": "Crime|Drama|Film-Noir"
                    }
                }
            }
        },
        {
            "PutRequest": {
                "Item": {
                    "id": {
                        "S": "127337"
                    },
                    "title": {
                        "S": "The Caper of the Golden Bulls (1967)"
                    },
                    "genres": {
                        "S": "Action|Comedy"
                    }
                }
            }
        },
        {
            "PutRequest": {
                "Item": {
                    "id": {
                        "S": "127339"
                    },
                    "title": {
                        "S": "Coward of the County (1981)"
                    },
                    "genres": {
                        "S": "Drama"
                    }
                }
            }
        },
        {
            "PutRequest": {
                "Item": {
                    "id": {
                        "S": "127341"
                    },
                    "title": {
                        "S": "Longshot (2001)"
                    },
                    "genres": {
                        "S": "Action|Comedy|Crime|Drama|Romance|Thriller"
                    }
                }
            }
        },
        {
            "PutRequest": {
                "Item": {
                    "id": {
                        "S": "127343"
                    },
                    "title": {
                        "S": "New Morals For Old (1932)"
                    },
                    "genres": {
                        "S": "Drama|Romance"
                    }
                }
            }
        },
        {
            "PutRequest": {
                "Item": {
                    "id": {
                        "S": "127345"
                    },
                    "title": {
                        "S": "Rio Diablo (1993)"
                    },
                    "genres": {
                        "S": "Western"
                    }
                }
            }
        }
    ]
}