{
    "movies": [
        {
            "PutRequest": {
                "Item": {
                    "id": {
                        "S": "2616"
                    },
                    "title": {
                        "S": "Dick Tracy (1990)"
                    },
                    "genres": {
                        "S": "Action|Crime"
                    }
                }
            }
        },
        {
            "PutRequest": {
                "Item": {
                    "id": {
                        "S": "2617"
                    },
                    "title": {
                        "S": "Mummy, The (1999)"
                    },
                    "genres": {
                        "S": "Action|Adventure|Comedy|Fantasy|Horror|Thriller"
                    }
                }
            }
        },
        {
            "PutRequest": {
                "Item": {
                    "id": {
                        "S": "2618"
                    },
                    "title": {
                        "S": "Castle, The (1997)"
                    },
                    "genres": {
                        "S": "Comedy"
                    }
                }
            }
        },
        {
            "PutRequest": {
                "Item": {
                    "id": {
                        "S": "2619"
                    },
                    "title": {
                        "S": "Mascara (1999)"
                    },
                    "genres": {
                        "S": "Drama"
                    }
                }
            }
        },
        {
            "PutRequest": {
                "Item": {
                    "id": {
                        "S": "2620"
                    },
                    "title": {
                        "S": "This Is My Father (1998)"
                    },
                    "genres": {
                        "S": "Drama|Romance"
                    }
                }
            }
        },
        {
            "PutRequest": {
                "Item": {
                    "id": {
                        "S": "2621"
                    },
                    "title": {
                        "S": "Xiu Xiu: The Sent-Down Girl (Tian yu) (1998)"
                    },
                    "genres": {
                        "S": "Drama"
                    }
                }
            }
        },
        {
            "PutRequest": {
                "Item": {
                    "id": {
                        "S": "2622"
                    },
                    "title": {
                        "S": "William Shakespeare's A Midsummer Night's Dream (1999)"
                    },
                    "genres": {
                        "S": "Comedy|Fantasy"
                    }
                }
            }
        },
        {
            "PutRequest": {
                "Item": {
                    "id": {
                        "S": "2623"
                    },
                    "title": {
                        "S": "Trippin' (1999)"
                    },
                    "genres": {
                        "S": "Comedy"
                    }
                }
            }
        },
        {
            "PutRequest": {
                "Item": {
                    "id": {
                        "S": "2624"
                    },
                    "title": {
                        "S": "After Life (Wandafuru raifu) (1998)"
                    },
                    "genres": {
                        "S": "Drama|Fantasy"
                    }
                }
            }
        },
        {
            "PutRequest": {
                "Item": {
                    "id": {
                        "S": "2625"
                    },
                    "title": {
                        "S": "Black Mask (Hak hap) (1996)"
                    },
                    "genres": {
                        "S": "Action|Adventure|Crime|Sci-Fi|Thriller"
                    }
                }
            }
        },
        {
            "PutRequest": {
                "Item": {
                    "id": {
                        "S": "2626"
                    },
                    "title": {
                        "S": "Edge of Seventeen (1998)"
                    },
                    "genres": {
                        "S": "Comedy|Drama|Romance"
                    }
                }
            }
        },
        {
            "PutRequest": {
                "Item": {
                    "id": {
                        "S": "2627"
                    },
                    "title": {
                        "S": "Endurance (1999)"
                    },
                    "genres": {
                        "S": "Documentary|Drama"
                    }
                }
            }
        },
        {
            "PutRequest": {
                "Item": {
                    "id": {
                        "S": "2628"
                    },
                    "title": {
                        "S": "Star Wars: Episode I - The Phantom Menace (1999)"
                    },
                    "genres": {
                        "S": "Action|Adventure|Sci-Fi"
                    }
                }
            }
        },
        {
            "PutRequest": {
                "Item": {
                    "id": {
                        "S": "2629"
                    },
                    "title": {
                        "S": "Love Letter, The (1999)"
                    },
                    "genres": {
                        "S": "Comedy|Romance"
                    }
                }
            }
        },
        {
            "PutRequest": {
                "Item": {
                    "id": {
                        "S": "2630"
                    },
                    "title": {
                        "S": "Besieged (a.k.a. L' Assedio) (1998)"
                    },
                    "genres": {
                        "S": "Drama"
                    }
                }
            }
        },
        {
            "PutRequest": {
                "Item": {
                    "id": {
                        "S": "2631"
                    },
                    "title": {
                        "S": "Frogs for Snakes (1998)"
                    },
                    "genres": {
                        "S": "Comedy|Film-Noir|Thriller"
                    }
                }
            }
        },
        {
            "PutRequest": {
                "Item": {
                    "id": {
                        "S": "2632"
                    },
                    "title": {
                        "S": "Saragossa Manuscript, The (Rekopis znaleziony w Saragossie) (1965)"
                    },
                    "genres": {
                        "S": "Adventure|Drama|Mystery"
                    }
                }
            }
        },
        {
            "PutRequest": {
                "Item": {
                    "id": {
                        "S": "2633"
                    },
                    "title": {
                        "S": "Mummy, The (1932)"
                    },
                    "genres": {
                        "S": "Horror|Romance"
                    }
                }
            }
        },
        {
            "PutRequest": {
                "Item": {
                    "id": {
                        "S": "2634"
                    },
                    "title": {
                        "S": "Mummy, The (1959)"
                    },
                    "genres": {
                        "S": "Horror"
                    }
                }
            }
        },
        {
            "PutRequest": {
                "Item": {
                    "id": {
                        "S": "2635"
                    },
                    "title": {
                        "S": "Mummy's Curse, The (1944)"
                    },
                    "genres": {
                        "S": "Horror"
                    }
                }
            }
        },
        {
            "PutRequest": {
                "Item": {
                    "id": {
                        "S": "2636"
                    },
                    "title": {
                        "S": "Mummy's Ghost, The (1944)"
                    },
                    "genres": {
                        "S": "Horror"
                    }
                }
            }
        },
        {
            "PutRequest": {
                "Item": {
                    "id": {
                        "S": "2637"
                    },
                    "title": {
                        "S": "Mummy's Hand, The (1940)"
                    },
                    "genres": {
                        "S": "Horror"
                    }
                }
            }
        },
        {
            "PutRequest": {
                "Item": {
                    "id": {
                        "S": "2638"
                    },
                    "title": {
                        "S": "Mummy's Tomb, The (1942)"
                    },
                    "genres": {
                        "S": "Horror"
                    }
                }
            }
        },
        {
            "PutRequest": {
                "Item": {
                    "id": {
                        "S": "2639"
                    },
                    "title": {
                        "S": "Mommie Dearest (1981)"
                    },
                    "genres": {
                        "S": "Drama"
                    }
                }
            }
        },
        {
            "PutRequest": {
                "Item": {
                    "id": {
                        "S": "2640"
                    },
                    "title": {
                        "S": "Superman (1978)"
                    },
                    "genres": {
                        "S": "Action|Adventure|Sci-Fi"
                    }
                }
            }
        }
    ]
}