{
    "movies": [
        {
            "PutRequest": {
                "Item": {
                    "id": {
                        "S": "132745"
                    },
                    "title": {
                        "S": "The Naked Street (1955)"
                    },
                    "genres": {
                        "S": "Drama|Thriller"
                    }
                }
            }
        },
        {
            "PutRequest": {
                "Item": {
                    "id": {
                        "S": "132747"
                    },
                    "title": {
                        "S": "The Vagrant (1992)"
                    },
                    "genres": {
                        "S": "Comedy|Horror|Thriller"
                    }
                }
            }
        },
        {
            "PutRequest": {
                "Item": {
                    "id": {
                        "S": "132749"
                    },
                    "title": {
                        "S": "The Wild Party (1929)"
                    },
                    "genres": {
                        "S": "Comedy|Drama"
                    }
                }
            }
        },
        {
            "PutRequest": {
                "Item": {
                    "id": {
                        "S": "132751"
                    },
                    "title": {
                        "S": "The Wild Party (1956)"
                    },
                    "genres": {
                        "S": "Crime|Drama"
                    }
                }
            }
        },
        {
            "PutRequest": {
                "Item": {
                    "id": {
                        "S": "132753"
                    },
                    "title": {
                        "S": "Two on a Guillotine (1965)"
                    },
                    "genres": {
                        "S": "Horror|Mystery"
                    }
                }
            }
        },
        {
            "PutRequest": {
                "Item": {
                    "id": {
                        "S": "132756"
                    },
                    "title": {
                        "S": "You Know My Name (1999)"
                    },
                    "genres": {
                        "S": "Action|Drama|Western"
                    }
                }
            }
        },
        {
            "PutRequest": {
                "Item": {
                    "id": {
                        "S": "132758"
                    },
                    "title": {
                        "S": "Seduction of Mimi, The (Mim\u00ec metallurgico ferito nell'onore) (1972)"
                    },
                    "genres": {
                        "S": "Comedy"
                    }
                }
            }
        },
        {
            "PutRequest": {
                "Item": {
                    "id": {
                        "S": "132760"
                    },
                    "title": {
                        "S": "All Screwed Up (1974)"
                    },
                    "genres": {
                        "S": "(no genres listed)"
                    }
                }
            }
        },
        {
            "PutRequest": {
                "Item": {
                    "id": {
                        "S": "132762"
                    },
                    "title": {
                        "S": "A Night Full of Rain (1978)"
                    },
                    "genres": {
                        "S": "Drama"
                    }
                }
            }
        },
        {
            "PutRequest": {
                "Item": {
                    "id": {
                        "S": "132764"
                    },
                    "title": {
                        "S": "Blood Feud (1978)"
                    },
                    "genres": {
                        "S": "(no genres listed)"
                    }
                }
            }
        },
        {
            "PutRequest": {
                "Item": {
                    "id": {
                        "S": "132766"
                    },
                    "title": {
                        "S": "Summer Night, with Greek Profile, Almond Eyes and Scent of Basil (1986)"
                    },
                    "genres": {
                        "S": "(no genres listed)"
                    }
                }
            }
        },
        {
            "PutRequest": {
                "Item": {
                    "id": {
                        "S": "132768"
                    },
                    "title": {
                        "S": "On a Moonlit Night (1989)"
                    },
                    "genres": {
                        "S": "(no genres listed)"
                    }
                }
            }
        },
        {
            "PutRequest": {
                "Item": {
                    "id": {
                        "S": "132770"
                    },
                    "title": {
                        "S": "Sabato domenica e luned\u00ec (1990)"
                    },
                    "genres": {
                        "S": "Comedy"
                    }
                }
            }
        },
        {
            "PutRequest": {
                "Item": {
                    "id": {
                        "S": "132772"
                    },
                    "title": {
                        "S": "The Blue Collar Worker and the Hairdresser in a Whirl of Sex and Politics (1998)"
                    },
                    "genres": {
                        "S": "Comedy"
                    }
                }
            }
        },
        {
            "PutRequest": {
                "Item": {
                    "id": {
                        "S": "132774"
                    },
                    "title": {
                        "S": "Francesca e Nunziata (2002)"
                    },
                    "genres": {
                        "S": "(no genres listed)"
                    }
                }
            }
        },
        {
            "PutRequest": {
                "Item": {
                    "id": {
                        "S": "132776"
                    },
                    "title": {
                        "S": "Too Much Romance... It's Time for Stuffed Peppers (2006)"
                    },
                    "genres": {
                        "S": "(no genres listed)"
                    }
                }
            }
        },
        {
            "PutRequest": {
                "Item": {
                    "id": {
                        "S": "132778"
                    },
                    "title": {
                        "S": "Mannaggia alla miseria! (2009)"
                    },
                    "genres": {
                        "S": "Comedy|Romance"
                    }
                }
            }
        },
        {
            "PutRequest": {
                "Item": {
                    "id": {
                        "S": "132780"
                    },
                    "title": {
                        "S": "Vanishing Pearls: The Oystermen of Pointe \u00e0 la Hache (2014)"
                    },
                    "genres": {
                        "S": "Documentary"
                    }
                }
            }
        },
        {
            "PutRequest": {
                "Item": {
                    "id": {
                        "S": "132782"
                    },
                    "title": {
                        "S": "The Doberman Gang (1972)"
                    },
                    "genres": {
                        "S": "Action|Comedy|Crime"
                    }
                }
            }
        },
        {
            "PutRequest": {
                "Item": {
                    "id": {
                        "S": "132784"
                    },
                    "title": {
                        "S": "The Daring Dobermans (1973)"
                    },
                    "genres": {
                        "S": "(no genres listed)"
                    }
                }
            }
        },
        {
            "PutRequest": {
                "Item": {
                    "id": {
                        "S": "132786"
                    },
                    "title": {
                        "S": "The Amazing Dobermans (1976)"
                    },
                    "genres": {
                        "S": "Comedy|Crime"
                    }
                }
            }
        },
        {
            "PutRequest": {
                "Item": {
                    "id": {
                        "S": "132788"
                    },
                    "title": {
                        "S": "Funeral Kings (2012)"
                    },
                    "genres": {
                        "S": "Comedy"
                    }
                }
            }
        },
        {
            "PutRequest": {
                "Item": {
                    "id": {
                        "S": "132790"
                    },
                    "title": {
                        "S": "The Least of These (2011)"
                    },
                    "genres": {
                        "S": "Documentary|Drama|Thriller"
                    }
                }
            }
        },
        {
            "PutRequest": {
                "Item": {
                    "id": {
                        "S": "132792"
                    },
                    "title": {
                        "S": "The Great Invisible (2014)"
                    },
                    "genres": {
                        "S": "Documentary"
                    }
                }
            }
        },
        {
            "PutRequest": {
                "Item": {
                    "id": {
                        "S": "132794"
                    },
                    "title": {
                        "S": "Sweet Home (2015)"
                    },
                    "genres": {
                        "S": "Horror"
                    }
                }
            }
        }
    ]
}