{
    "movies": [
        {
            "PutRequest": {
                "Item": {
                    "id": {
                        "S": "148606"
                    },
                    "title": {
                        "S": "The Unseen (1945)"
                    },
                    "genres": {
                        "S": "Mystery"
                    }
                }
            }
        },
        {
            "PutRequest": {
                "Item": {
                    "id": {
                        "S": "148608"
                    },
                    "title": {
                        "S": "The Perfect Marriage (1947)"
                    },
                    "genres": {
                        "S": "(no genres listed)"
                    }
                }
            }
        },
        {
            "PutRequest": {
                "Item": {
                    "id": {
                        "S": "148612"
                    },
                    "title": {
                        "S": "Desert Fury (1947)"
                    },
                    "genres": {
                        "S": "Crime|Drama"
                    }
                }
            }
        },
        {
            "PutRequest": {
                "Item": {
                    "id": {
                        "S": "148614"
                    },
                    "title": {
                        "S": "So Evil My Love (1948)"
                    },
                    "genres": {
                        "S": "Drama"
                    }
                }
            }
        },
        {
            "PutRequest": {
                "Item": {
                    "id": {
                        "S": "148616"
                    },
                    "title": {
                        "S": "Sealed Verdict (1948)"
                    },
                    "genres": {
                        "S": "Drama"
                    }
                }
            }
        },
        {
            "PutRequest": {
                "Item": {
                    "id": {
                        "S": "148618"
                    },
                    "title": {
                        "S": "Dino Time (2012)"
                    },
                    "genres": {
                        "S": "Adventure|Animation|Children|Comedy"
                    }
                }
            }
        },
        {
            "PutRequest": {
                "Item": {
                    "id": {
                        "S": "148620"
                    },
                    "title": {
                        "S": "Our Times (2015)"
                    },
                    "genres": {
                        "S": "Drama|Romance"
                    }
                }
            }
        },
        {
            "PutRequest": {
                "Item": {
                    "id": {
                        "S": "148622"
                    },
                    "title": {
                        "S": "To the Fore (2015)"
                    },
                    "genres": {
                        "S": "Action|Drama|Romance"
                    }
                }
            }
        },
        {
            "PutRequest": {
                "Item": {
                    "id": {
                        "S": "148624"
                    },
                    "title": {
                        "S": "Top Cat The Movie (2011)"
                    },
                    "genres": {
                        "S": "Animation"
                    }
                }
            }
        },
        {
            "PutRequest": {
                "Item": {
                    "id": {
                        "S": "148626"
                    },
                    "title": {
                        "S": "Big Short, The (2015)"
                    },
                    "genres": {
                        "S": "Drama"
                    }
                }
            }
        },
        {
            "PutRequest": {
                "Item": {
                    "id": {
                        "S": "148628"
                    },
                    "title": {
                        "S": "The Throwaways (2015)"
                    },
                    "genres": {
                        "S": "Thriller"
                    }
                }
            }
        },
        {
            "PutRequest": {
                "Item": {
                    "id": {
                        "S": "148630"
                    },
                    "title": {
                        "S": "A Chinese Ghost Story III (1991)"
                    },
                    "genres": {
                        "S": "Action|Comedy|Fantasy|Horror"
                    }
                }
            }
        },
        {
            "PutRequest": {
                "Item": {
                    "id": {
                        "S": "148632"
                    },
                    "title": {
                        "S": "Applesauce (2015)"
                    },
                    "genres": {
                        "S": "Comedy"
                    }
                }
            }
        },
        {
            "PutRequest": {
                "Item": {
                    "id": {
                        "S": "148634"
                    },
                    "title": {
                        "S": "Christmas Eve (2015)"
                    },
                    "genres": {
                        "S": "Comedy"
                    }
                }
            }
        },
        {
            "PutRequest": {
                "Item": {
                    "id": {
                        "S": "148636"
                    },
                    "title": {
                        "S": "John Lennon - Plastic Ono Band (2008)"
                    },
                    "genres": {
                        "S": "Documentary"
                    }
                }
            }
        },
        {
            "PutRequest": {
                "Item": {
                    "id": {
                        "S": "148638"
                    },
                    "title": {
                        "S": "Sherlock Holmes (1916)"
                    },
                    "genres": {
                        "S": "Drama|Mystery"
                    }
                }
            }
        },
        {
            "PutRequest": {
                "Item": {
                    "id": {
                        "S": "148640"
                    },
                    "title": {
                        "S": "The American Mall (2008)"
                    },
                    "genres": {
                        "S": "Comedy|Drama|Romance"
                    }
                }
            }
        },
        {
            "PutRequest": {
                "Item": {
                    "id": {
                        "S": "148642"
                    },
                    "title": {
                        "S": "How to Win at Checkers (Every Time) (2015)"
                    },
                    "genres": {
                        "S": "(no genres listed)"
                    }
                }
            }
        },
        {
            "PutRequest": {
                "Item": {
                    "id": {
                        "S": "148644"
                    },
                    "title": {
                        "S": "Two Tigers (2007)"
                    },
                    "genres": {
                        "S": "Action|Adventure|Thriller"
                    }
                }
            }
        },
        {
            "PutRequest": {
                "Item": {
                    "id": {
                        "S": "148646"
                    },
                    "title": {
                        "S": "Sex, Lies and Death (2011)"
                    },
                    "genres": {
                        "S": "Crime|Drama|Romance|Thriller"
                    }
                }
            }
        },
        {
            "PutRequest": {
                "Item": {
                    "id": {
                        "S": "148648"
                    },
                    "title": {
                        "S": "Pitza e datteri (2015)"
                    },
                    "genres": {
                        "S": "Comedy"
                    }
                }
            }
        },
        {
            "PutRequest": {
                "Item": {
                    "id": {
                        "S": "148650"
                    },
                    "title": {
                        "S": "Mrs. Lambert Remembers Love (1991)"
                    },
                    "genres": {
                        "S": "Drama"
                    }
                }
            }
        },
        {
            "PutRequest": {
                "Item": {
                    "id": {
                        "S": "148652"
                    },
                    "title": {
                        "S": "The Ridiculous 6 (2015)"
                    },
                    "genres": {
                        "S": "Comedy|Western"
                    }
                }
            }
        },
        {
            "PutRequest": {
                "Item": {
                    "id": {
                        "S": "148654"
                    },
                    "title": {
                        "S": "Fighting Fish (2012)"
                    },
                    "genres": {
                        "S": "Action"
                    }
                }
            }
        },
        {
            "PutRequest": {
                "Item": {
                    "id": {
                        "S": "148657"
                    },
                    "title": {
                        "S": "Loham (2015)"
                    },
                    "genres": {
                        "S": "Drama|Thriller"
                    }
                }
            }
        }
    ]
}