{
    "movies": [
        {
            "PutRequest": {
                "Item": {
                    "id": {
                        "S": "134929"
                    },
                    "title": {
                        "S": "To Forget Venice (1979)"
                    },
                    "genres": {
                        "S": "(no genres listed)"
                    }
                }
            }
        },
        {
            "PutRequest": {
                "Item": {
                    "id": {
                        "S": "134931"
                    },
                    "title": {
                        "S": "Tulips of Haarlem (1970)"
                    },
                    "genres": {
                        "S": "(no genres listed)"
                    }
                }
            }
        },
        {
            "PutRequest": {
                "Item": {
                    "id": {
                        "S": "134933"
                    },
                    "title": {
                        "S": "Tenderly (1968)"
                    },
                    "genres": {
                        "S": "Comedy"
                    }
                }
            }
        },
        {
            "PutRequest": {
                "Item": {
                    "id": {
                        "S": "134935"
                    },
                    "title": {
                        "S": "Paul Goodman Changed My Life (2011)"
                    },
                    "genres": {
                        "S": "Documentary|Drama"
                    }
                }
            }
        },
        {
            "PutRequest": {
                "Item": {
                    "id": {
                        "S": "134937"
                    },
                    "title": {
                        "S": "Throw Down Your Heart (2009)"
                    },
                    "genres": {
                        "S": "Documentary"
                    }
                }
            }
        },
        {
            "PutRequest": {
                "Item": {
                    "id": {
                        "S": "134939"
                    },
                    "title": {
                        "S": "The Garden (2008)"
                    },
                    "genres": {
                        "S": "Documentary"
                    }
                }
            }
        },
        {
            "PutRequest": {
                "Item": {
                    "id": {
                        "S": "134941"
                    },
                    "title": {
                        "S": "All My Friends Are Funeral Singers (2010)"
                    },
                    "genres": {
                        "S": "Comedy|Drama"
                    }
                }
            }
        },
        {
            "PutRequest": {
                "Item": {
                    "id": {
                        "S": "134943"
                    },
                    "title": {
                        "S": "Spork (2011)"
                    },
                    "genres": {
                        "S": "Comedy"
                    }
                }
            }
        },
        {
            "PutRequest": {
                "Item": {
                    "id": {
                        "S": "134945"
                    },
                    "title": {
                        "S": "Police Story 2013 (2013)"
                    },
                    "genres": {
                        "S": "Action|Crime|Drama|Thriller"
                    }
                }
            }
        },
        {
            "PutRequest": {
                "Item": {
                    "id": {
                        "S": "134947"
                    },
                    "title": {
                        "S": "Dirt! The Movie (2009)"
                    },
                    "genres": {
                        "S": "Documentary"
                    }
                }
            }
        },
        {
            "PutRequest": {
                "Item": {
                    "id": {
                        "S": "134949"
                    },
                    "title": {
                        "S": "Just Like Home (2007)"
                    },
                    "genres": {
                        "S": "Comedy|Drama"
                    }
                }
            }
        },
        {
            "PutRequest": {
                "Item": {
                    "id": {
                        "S": "134951"
                    },
                    "title": {
                        "S": "Remote Area Medical (2013)"
                    },
                    "genres": {
                        "S": "Documentary"
                    }
                }
            }
        },
        {
            "PutRequest": {
                "Item": {
                    "id": {
                        "S": "134953"
                    },
                    "title": {
                        "S": "The Listening Project (2008)"
                    },
                    "genres": {
                        "S": "Documentary"
                    }
                }
            }
        },
        {
            "PutRequest": {
                "Item": {
                    "id": {
                        "S": "134955"
                    },
                    "title": {
                        "S": "New Muslim Cool (2009)"
                    },
                    "genres": {
                        "S": "Documentary"
                    }
                }
            }
        },
        {
            "PutRequest": {
                "Item": {
                    "id": {
                        "S": "134957"
                    },
                    "title": {
                        "S": "Ada Apa Dengan Cinta? (2002)"
                    },
                    "genres": {
                        "S": "Drama"
                    }
                }
            }
        },
        {
            "PutRequest": {
                "Item": {
                    "id": {
                        "S": "134959"
                    },
                    "title": {
                        "S": "Without You I'm Nothing (1990)"
                    },
                    "genres": {
                        "S": "Comedy"
                    }
                }
            }
        },
        {
            "PutRequest": {
                "Item": {
                    "id": {
                        "S": "134961"
                    },
                    "title": {
                        "S": "La carbonara (2000)"
                    },
                    "genres": {
                        "S": "Comedy"
                    }
                }
            }
        },
        {
            "PutRequest": {
                "Item": {
                    "id": {
                        "S": "134963"
                    },
                    "title": {
                        "S": "Caf\u00e9 Express (1981)"
                    },
                    "genres": {
                        "S": "Comedy"
                    }
                }
            }
        },
        {
            "PutRequest": {
                "Item": {
                    "id": {
                        "S": "134965"
                    },
                    "title": {
                        "S": "Gros c\u00e2lin (1979)"
                    },
                    "genres": {
                        "S": "(no genres listed)"
                    }
                }
            }
        },
        {
            "PutRequest": {
                "Item": {
                    "id": {
                        "S": "134967"
                    },
                    "title": {
                        "S": "Il giocattolo (1979)"
                    },
                    "genres": {
                        "S": "(no genres listed)"
                    }
                }
            }
        },
        {
            "PutRequest": {
                "Item": {
                    "id": {
                        "S": "134969"
                    },
                    "title": {
                        "S": "Nudo di donna (1981)"
                    },
                    "genres": {
                        "S": "(no genres listed)"
                    }
                }
            }
        },
        {
            "PutRequest": {
                "Item": {
                    "id": {
                        "S": "134971"
                    },
                    "title": {
                        "S": "In nome del papa re (1977)"
                    },
                    "genres": {
                        "S": "Drama"
                    }
                }
            }
        },
        {
            "PutRequest": {
                "Item": {
                    "id": {
                        "S": "134973"
                    },
                    "title": {
                        "S": "Quelle strane occasioni (1976)"
                    },
                    "genres": {
                        "S": "(no genres listed)"
                    }
                }
            }
        },
        {
            "PutRequest": {
                "Item": {
                    "id": {
                        "S": "134977"
                    },
                    "title": {
                        "S": "Basta Che Non Si Sappia In Giro! (1976)"
                    },
                    "genres": {
                        "S": "Comedy"
                    }
                }
            }
        },
        {
            "PutRequest": {
                "Item": {
                    "id": {
                        "S": "134979"
                    },
                    "title": {
                        "S": "Goodnight, Ladies and Gentlemen (1976)"
                    },
                    "genres": {
                        "S": "Comedy"
                    }
                }
            }
        }
    ]
}