{
    "movies": [
        {
            "PutRequest": {
                "Item": {
                    "id": {
                        "S": "137064"
                    },
                    "title": {
                        "S": "Twisted Desire (1996)"
                    },
                    "genres": {
                        "S": "Crime|Drama"
                    }
                }
            }
        },
        {
            "PutRequest": {
                "Item": {
                    "id": {
                        "S": "137066"
                    },
                    "title": {
                        "S": "Accused at 17 (2009)"
                    },
                    "genres": {
                        "S": "Drama|Thriller"
                    }
                }
            }
        },
        {
            "PutRequest": {
                "Item": {
                    "id": {
                        "S": "137068"
                    },
                    "title": {
                        "S": "The Preacher's Daughter (2012)"
                    },
                    "genres": {
                        "S": "Drama"
                    }
                }
            }
        },
        {
            "PutRequest": {
                "Item": {
                    "id": {
                        "S": "137070"
                    },
                    "title": {
                        "S": "The Killing Game (2011)"
                    },
                    "genres": {
                        "S": "Mystery|Thriller"
                    }
                }
            }
        },
        {
            "PutRequest": {
                "Item": {
                    "id": {
                        "S": "137072"
                    },
                    "title": {
                        "S": "Born Bad (2011)"
                    },
                    "genres": {
                        "S": "Drama|Thriller"
                    }
                }
            }
        },
        {
            "PutRequest": {
                "Item": {
                    "id": {
                        "S": "137074"
                    },
                    "title": {
                        "S": "The Guy From Harlem (1977)"
                    },
                    "genres": {
                        "S": "Action"
                    }
                }
            }
        },
        {
            "PutRequest": {
                "Item": {
                    "id": {
                        "S": "137076"
                    },
                    "title": {
                        "S": "The Square Peg (1958)"
                    },
                    "genres": {
                        "S": "Comedy"
                    }
                }
            }
        },
        {
            "PutRequest": {
                "Item": {
                    "id": {
                        "S": "137078"
                    },
                    "title": {
                        "S": "Stranger in My House (1999)"
                    },
                    "genres": {
                        "S": "Thriller"
                    }
                }
            }
        },
        {
            "PutRequest": {
                "Item": {
                    "id": {
                        "S": "137082"
                    },
                    "title": {
                        "S": "...And the Earth Did Not Swallow Him (1995)"
                    },
                    "genres": {
                        "S": "(no genres listed)"
                    }
                }
            }
        },
        {
            "PutRequest": {
                "Item": {
                    "id": {
                        "S": "137084"
                    },
                    "title": {
                        "S": "La nuit la plus longue (1965)"
                    },
                    "genres": {
                        "S": "(no genres listed)"
                    }
                }
            }
        },
        {
            "PutRequest": {
                "Item": {
                    "id": {
                        "S": "137088"
                    },
                    "title": {
                        "S": "Treasure Island (1999)"
                    },
                    "genres": {
                        "S": "Adventure|Children"
                    }
                }
            }
        },
        {
            "PutRequest": {
                "Item": {
                    "id": {
                        "S": "137090"
                    },
                    "title": {
                        "S": "The Initiation of Sarah (1978)"
                    },
                    "genres": {
                        "S": "Horror"
                    }
                }
            }
        },
        {
            "PutRequest": {
                "Item": {
                    "id": {
                        "S": "137092"
                    },
                    "title": {
                        "S": "The Last Word (1995)"
                    },
                    "genres": {
                        "S": "Crime|Drama|Thriller"
                    }
                }
            }
        },
        {
            "PutRequest": {
                "Item": {
                    "id": {
                        "S": "137096"
                    },
                    "title": {
                        "S": "Trigger Man (2007)"
                    },
                    "genres": {
                        "S": "Action|Drama|Horror|Thriller"
                    }
                }
            }
        },
        {
            "PutRequest": {
                "Item": {
                    "id": {
                        "S": "137098"
                    },
                    "title": {
                        "S": "Sacred Flesh (2000)"
                    },
                    "genres": {
                        "S": "Drama|Horror"
                    }
                }
            }
        },
        {
            "PutRequest": {
                "Item": {
                    "id": {
                        "S": "137100"
                    },
                    "title": {
                        "S": "Good Chemistry (2008)"
                    },
                    "genres": {
                        "S": "Drama|Thriller"
                    }
                }
            }
        },
        {
            "PutRequest": {
                "Item": {
                    "id": {
                        "S": "137102"
                    },
                    "title": {
                        "S": "Haunted Highway (2006)"
                    },
                    "genres": {
                        "S": "Horror|Thriller"
                    }
                }
            }
        },
        {
            "PutRequest": {
                "Item": {
                    "id": {
                        "S": "137104"
                    },
                    "title": {
                        "S": "The Virginian (2000)"
                    },
                    "genres": {
                        "S": "(no genres listed)"
                    }
                }
            }
        },
        {
            "PutRequest": {
                "Item": {
                    "id": {
                        "S": "137108"
                    },
                    "title": {
                        "S": "Seal Team Six: The Raid on Osama Bin Laden (2012)"
                    },
                    "genres": {
                        "S": "Action|Crime|Drama|Thriller"
                    }
                }
            }
        },
        {
            "PutRequest": {
                "Item": {
                    "id": {
                        "S": "137110"
                    },
                    "title": {
                        "S": "My Zinc Bed (2008)"
                    },
                    "genres": {
                        "S": "Drama"
                    }
                }
            }
        },
        {
            "PutRequest": {
                "Item": {
                    "id": {
                        "S": "137112"
                    },
                    "title": {
                        "S": "Once Upon a Time in Mumbaai (2010)"
                    },
                    "genres": {
                        "S": "Crime|Drama|Thriller"
                    }
                }
            }
        },
        {
            "PutRequest": {
                "Item": {
                    "id": {
                        "S": "137114"
                    },
                    "title": {
                        "S": "Love in a Puff (2010)"
                    },
                    "genres": {
                        "S": "Comedy|Drama|Romance"
                    }
                }
            }
        },
        {
            "PutRequest": {
                "Item": {
                    "id": {
                        "S": "137118"
                    },
                    "title": {
                        "S": "The Ryan White Story (1989)"
                    },
                    "genres": {
                        "S": "Drama"
                    }
                }
            }
        },
        {
            "PutRequest": {
                "Item": {
                    "id": {
                        "S": "137120"
                    },
                    "title": {
                        "S": "Grow Up, Tony Phillips (2013)"
                    },
                    "genres": {
                        "S": "(no genres listed)"
                    }
                }
            }
        },
        {
            "PutRequest": {
                "Item": {
                    "id": {
                        "S": "137122"
                    },
                    "title": {
                        "S": "Thousand Pieces of Gold (1991)"
                    },
                    "genres": {
                        "S": "Drama|Romance"
                    }
                }
            }
        }
    ]
}