{
    "movies": [
        {
            "PutRequest": {
                "Item": {
                    "id": {
                        "S": "122924"
                    },
                    "title": {
                        "S": "X-Men: Apocalypse (2016)"
                    },
                    "genres": {
                        "S": "Action|Adventure|Fantasy|Sci-Fi"
                    }
                }
            }
        },
        {
            "PutRequest": {
                "Item": {
                    "id": {
                        "S": "122926"
                    },
                    "title": {
                        "S": "Untitled Spider-Man Reboot (2017)"
                    },
                    "genres": {
                        "S": "Action|Adventure|Fantasy"
                    }
                }
            }
        },
        {
            "PutRequest": {
                "Item": {
                    "id": {
                        "S": "122928"
                    },
                    "title": {
                        "S": "Manolito Four Eyes (1999)"
                    },
                    "genres": {
                        "S": "Comedy"
                    }
                }
            }
        },
        {
            "PutRequest": {
                "Item": {
                    "id": {
                        "S": "122930"
                    },
                    "title": {
                        "S": "El Robobo De La Jojoya (1991)"
                    },
                    "genres": {
                        "S": "Comedy"
                    }
                }
            }
        },
        {
            "PutRequest": {
                "Item": {
                    "id": {
                        "S": "122932"
                    },
                    "title": {
                        "S": "Elsa & Fred (2014)"
                    },
                    "genres": {
                        "S": "Children|Comedy|Romance"
                    }
                }
            }
        },
        {
            "PutRequest": {
                "Item": {
                    "id": {
                        "S": "122934"
                    },
                    "title": {
                        "S": "Soccer Days (2003)"
                    },
                    "genres": {
                        "S": "Comedy"
                    }
                }
            }
        },
        {
            "PutRequest": {
                "Item": {
                    "id": {
                        "S": "122936"
                    },
                    "title": {
                        "S": "Too Late Blues (1961)"
                    },
                    "genres": {
                        "S": "Drama"
                    }
                }
            }
        },
        {
            "PutRequest": {
                "Item": {
                    "id": {
                        "S": "122938"
                    },
                    "title": {
                        "S": "Melbourne (2014)"
                    },
                    "genres": {
                        "S": "Drama"
                    }
                }
            }
        },
        {
            "PutRequest": {
                "Item": {
                    "id": {
                        "S": "122940"
                    },
                    "title": {
                        "S": "Clear History (2013)"
                    },
                    "genres": {
                        "S": "Comedy"
                    }
                }
            }
        },
        {
            "PutRequest": {
                "Item": {
                    "id": {
                        "S": "122942"
                    },
                    "title": {
                        "S": "The Identical (2014)"
                    },
                    "genres": {
                        "S": "Drama"
                    }
                }
            }
        },
        {
            "PutRequest": {
                "Item": {
                    "id": {
                        "S": "122944"
                    },
                    "title": {
                        "S": "The Trans-Atlantic Mystery (1932)"
                    },
                    "genres": {
                        "S": "(no genres listed)"
                    }
                }
            }
        },
        {
            "PutRequest": {
                "Item": {
                    "id": {
                        "S": "122946"
                    },
                    "title": {
                        "S": "The Gamers: Hands of Fate (2013)"
                    },
                    "genres": {
                        "S": "Comedy|Fantasy|Romance"
                    }
                }
            }
        },
        {
            "PutRequest": {
                "Item": {
                    "id": {
                        "S": "122948"
                    },
                    "title": {
                        "S": "Love at First Fight (2014)"
                    },
                    "genres": {
                        "S": "Comedy|Romance"
                    }
                }
            }
        },
        {
            "PutRequest": {
                "Item": {
                    "id": {
                        "S": "122950"
                    },
                    "title": {
                        "S": "Mare Nostrum (1926)"
                    },
                    "genres": {
                        "S": "War"
                    }
                }
            }
        },
        {
            "PutRequest": {
                "Item": {
                    "id": {
                        "S": "122952"
                    },
                    "title": {
                        "S": "Ring Of The Musketeers (1992)"
                    },
                    "genres": {
                        "S": "Action|Adventure|Comedy"
                    }
                }
            }
        },
        {
            "PutRequest": {
                "Item": {
                    "id": {
                        "S": "122954"
                    },
                    "title": {
                        "S": "Skylark (1941)"
                    },
                    "genres": {
                        "S": "Comedy|Romance"
                    }
                }
            }
        },
        {
            "PutRequest": {
                "Item": {
                    "id": {
                        "S": "122956"
                    },
                    "title": {
                        "S": "The Pagan (1929)"
                    },
                    "genres": {
                        "S": "Drama"
                    }
                }
            }
        },
        {
            "PutRequest": {
                "Item": {
                    "id": {
                        "S": "122958"
                    },
                    "title": {
                        "S": "Scorpio One (1998)"
                    },
                    "genres": {
                        "S": "Sci-Fi"
                    }
                }
            }
        },
        {
            "PutRequest": {
                "Item": {
                    "id": {
                        "S": "122960"
                    },
                    "title": {
                        "S": "The Chinese Ring (1947)"
                    },
                    "genres": {
                        "S": "Comedy|Crime|Drama"
                    }
                }
            }
        },
        {
            "PutRequest": {
                "Item": {
                    "id": {
                        "S": "122962"
                    },
                    "title": {
                        "S": "The Power and the Prize (1956)"
                    },
                    "genres": {
                        "S": "Drama"
                    }
                }
            }
        },
        {
            "PutRequest": {
                "Item": {
                    "id": {
                        "S": "122964"
                    },
                    "title": {
                        "S": "The Gambler Returns: The Luck Of The Draw (1991)"
                    },
                    "genres": {
                        "S": "Western"
                    }
                }
            }
        },
        {
            "PutRequest": {
                "Item": {
                    "id": {
                        "S": "122966"
                    },
                    "title": {
                        "S": "Smart Blonde (1937)"
                    },
                    "genres": {
                        "S": "Crime|Drama|Mystery"
                    }
                }
            }
        },
        {
            "PutRequest": {
                "Item": {
                    "id": {
                        "S": "122968"
                    },
                    "title": {
                        "S": "The Affairs of Annabel (1938)"
                    },
                    "genres": {
                        "S": "Comedy"
                    }
                }
            }
        },
        {
            "PutRequest": {
                "Item": {
                    "id": {
                        "S": "122970"
                    },
                    "title": {
                        "S": "Montana Belle (1952)"
                    },
                    "genres": {
                        "S": "Western"
                    }
                }
            }
        },
        {
            "PutRequest": {
                "Item": {
                    "id": {
                        "S": "122972"
                    },
                    "title": {
                        "S": "The Clown (1953)"
                    },
                    "genres": {
                        "S": "Drama"
                    }
                }
            }
        }
    ]
}