{
    "movies": [
        {
            "PutRequest": {
                "Item": {
                    "id": {
                        "S": "138660"
                    },
                    "title": {
                        "S": "Eadweard (2015)"
                    },
                    "genres": {
                        "S": "Drama"
                    }
                }
            }
        },
        {
            "PutRequest": {
                "Item": {
                    "id": {
                        "S": "138662"
                    },
                    "title": {
                        "S": "Taken in Broad Daylight (2009)"
                    },
                    "genres": {
                        "S": "Mystery|Thriller"
                    }
                }
            }
        },
        {
            "PutRequest": {
                "Item": {
                    "id": {
                        "S": "138664"
                    },
                    "title": {
                        "S": "The Hunt for the I-5 Killer (2011)"
                    },
                    "genres": {
                        "S": "Action|Thriller"
                    }
                }
            }
        },
        {
            "PutRequest": {
                "Item": {
                    "id": {
                        "S": "138666"
                    },
                    "title": {
                        "S": "Hannah's Law (2012)"
                    },
                    "genres": {
                        "S": "Western"
                    }
                }
            }
        },
        {
            "PutRequest": {
                "Item": {
                    "id": {
                        "S": "138668"
                    },
                    "title": {
                        "S": "Black Rain (2009)"
                    },
                    "genres": {
                        "S": "Thriller"
                    }
                }
            }
        },
        {
            "PutRequest": {
                "Item": {
                    "id": {
                        "S": "138670"
                    },
                    "title": {
                        "S": "Paparazzi Princess: The Paris Hilton Story (2008)"
                    },
                    "genres": {
                        "S": "Comedy"
                    }
                }
            }
        },
        {
            "PutRequest": {
                "Item": {
                    "id": {
                        "S": "138672"
                    },
                    "title": {
                        "S": "Brooklyn Boheme (2012)"
                    },
                    "genres": {
                        "S": "Documentary"
                    }
                }
            }
        },
        {
            "PutRequest": {
                "Item": {
                    "id": {
                        "S": "138674"
                    },
                    "title": {
                        "S": "Spiders (2000)"
                    },
                    "genres": {
                        "S": "Horror|Sci-Fi"
                    }
                }
            }
        },
        {
            "PutRequest": {
                "Item": {
                    "id": {
                        "S": "138676"
                    },
                    "title": {
                        "S": "One Last Ride (2006)"
                    },
                    "genres": {
                        "S": "Drama"
                    }
                }
            }
        },
        {
            "PutRequest": {
                "Item": {
                    "id": {
                        "S": "138680"
                    },
                    "title": {
                        "S": "Basilicata Coast to Coast (2010)"
                    },
                    "genres": {
                        "S": "Comedy|Drama"
                    }
                }
            }
        },
        {
            "PutRequest": {
                "Item": {
                    "id": {
                        "S": "138682"
                    },
                    "title": {
                        "S": "Smash Cut (2009)"
                    },
                    "genres": {
                        "S": "Comedy|Horror"
                    }
                }
            }
        },
        {
            "PutRequest": {
                "Item": {
                    "id": {
                        "S": "138684"
                    },
                    "title": {
                        "S": "Waar (2013)"
                    },
                    "genres": {
                        "S": "Action|Drama|Thriller"
                    }
                }
            }
        },
        {
            "PutRequest": {
                "Item": {
                    "id": {
                        "S": "138686"
                    },
                    "title": {
                        "S": "In the Name of God (2008)"
                    },
                    "genres": {
                        "S": "Drama"
                    }
                }
            }
        },
        {
            "PutRequest": {
                "Item": {
                    "id": {
                        "S": "138688"
                    },
                    "title": {
                        "S": "Control Alt Delete (2008)"
                    },
                    "genres": {
                        "S": "Comedy|Drama"
                    }
                }
            }
        },
        {
            "PutRequest": {
                "Item": {
                    "id": {
                        "S": "138690"
                    },
                    "title": {
                        "S": "Almost Blue (2000)"
                    },
                    "genres": {
                        "S": "Thriller"
                    }
                }
            }
        },
        {
            "PutRequest": {
                "Item": {
                    "id": {
                        "S": "138692"
                    },
                    "title": {
                        "S": "Neshoba (2010)"
                    },
                    "genres": {
                        "S": "Documentary"
                    }
                }
            }
        },
        {
            "PutRequest": {
                "Item": {
                    "id": {
                        "S": "138694"
                    },
                    "title": {
                        "S": "Gettin' It (2006)"
                    },
                    "genres": {
                        "S": "Comedy"
                    }
                }
            }
        },
        {
            "PutRequest": {
                "Item": {
                    "id": {
                        "S": "138696"
                    },
                    "title": {
                        "S": "Hands in the Air (2010)"
                    },
                    "genres": {
                        "S": "Comedy|Drama|Romance"
                    }
                }
            }
        },
        {
            "PutRequest": {
                "Item": {
                    "id": {
                        "S": "138698"
                    },
                    "title": {
                        "S": "El vals de los in\u00fatiles (2014)"
                    },
                    "genres": {
                        "S": "Documentary"
                    }
                }
            }
        },
        {
            "PutRequest": {
                "Item": {
                    "id": {
                        "S": "138702"
                    },
                    "title": {
                        "S": "Feast (2014)"
                    },
                    "genres": {
                        "S": "Animation|Children|Comedy|Drama|Romance"
                    }
                }
            }
        },
        {
            "PutRequest": {
                "Item": {
                    "id": {
                        "S": "138704"
                    },
                    "title": {
                        "S": "A Rage To Live (1965)"
                    },
                    "genres": {
                        "S": "Drama|Romance"
                    }
                }
            }
        },
        {
            "PutRequest": {
                "Item": {
                    "id": {
                        "S": "138706"
                    },
                    "title": {
                        "S": "Adventure (1945)"
                    },
                    "genres": {
                        "S": "Comedy|Drama|Romance"
                    }
                }
            }
        },
        {
            "PutRequest": {
                "Item": {
                    "id": {
                        "S": "138708"
                    },
                    "title": {
                        "S": "Alias Jesse James (1959)"
                    },
                    "genres": {
                        "S": "Action|Comedy"
                    }
                }
            }
        },
        {
            "PutRequest": {
                "Item": {
                    "id": {
                        "S": "138713"
                    },
                    "title": {
                        "S": "Bombers B-52 (1957)"
                    },
                    "genres": {
                        "S": "Drama|Romance"
                    }
                }
            }
        },
        {
            "PutRequest": {
                "Item": {
                    "id": {
                        "S": "138719"
                    },
                    "title": {
                        "S": "Dennis Rodman's Big Bang in PyongYang (2015)"
                    },
                    "genres": {
                        "S": "(no genres listed)"
                    }
                }
            }
        }
    ]
}