{
    "movies": [
        {
            "PutRequest": {
                "Item": {
                    "id": {
                        "S": "2942"
                    },
                    "title": {
                        "S": "Flashdance (1983)"
                    },
                    "genres": {
                        "S": "Drama|Romance"
                    }
                }
            }
        },
        {
            "PutRequest": {
                "Item": {
                    "id": {
                        "S": "2943"
                    },
                    "title": {
                        "S": "Indochine (1992)"
                    },
                    "genres": {
                        "S": "Drama|Romance"
                    }
                }
            }
        },
        {
            "PutRequest": {
                "Item": {
                    "id": {
                        "S": "2944"
                    },
                    "title": {
                        "S": "Dirty Dozen, The (1967)"
                    },
                    "genres": {
                        "S": "Action|Drama|War"
                    }
                }
            }
        },
        {
            "PutRequest": {
                "Item": {
                    "id": {
                        "S": "2945"
                    },
                    "title": {
                        "S": "Mike's Murder (1984)"
                    },
                    "genres": {
                        "S": "Mystery"
                    }
                }
            }
        },
        {
            "PutRequest": {
                "Item": {
                    "id": {
                        "S": "2946"
                    },
                    "title": {
                        "S": "Help! (1965)"
                    },
                    "genres": {
                        "S": "Comedy|Musical"
                    }
                }
            }
        },
        {
            "PutRequest": {
                "Item": {
                    "id": {
                        "S": "2947"
                    },
                    "title": {
                        "S": "Goldfinger (1964)"
                    },
                    "genres": {
                        "S": "Action|Adventure|Thriller"
                    }
                }
            }
        },
        {
            "PutRequest": {
                "Item": {
                    "id": {
                        "S": "2948"
                    },
                    "title": {
                        "S": "From Russia with Love (1963)"
                    },
                    "genres": {
                        "S": "Action|Adventure|Thriller"
                    }
                }
            }
        },
        {
            "PutRequest": {
                "Item": {
                    "id": {
                        "S": "2949"
                    },
                    "title": {
                        "S": "Dr. No (1962)"
                    },
                    "genres": {
                        "S": "Action|Adventure|Thriller"
                    }
                }
            }
        },
        {
            "PutRequest": {
                "Item": {
                    "id": {
                        "S": "2950"
                    },
                    "title": {
                        "S": "Blue Lagoon, The (1980)"
                    },
                    "genres": {
                        "S": "Adventure|Drama|Romance"
                    }
                }
            }
        },
        {
            "PutRequest": {
                "Item": {
                    "id": {
                        "S": "2951"
                    },
                    "title": {
                        "S": "Fistful of Dollars, A (Per un pugno di dollari) (1964)"
                    },
                    "genres": {
                        "S": "Action|Western"
                    }
                }
            }
        },
        {
            "PutRequest": {
                "Item": {
                    "id": {
                        "S": "2952"
                    },
                    "title": {
                        "S": "Sydney (Hard Eight) (1996)"
                    },
                    "genres": {
                        "S": "Crime|Drama|Thriller"
                    }
                }
            }
        },
        {
            "PutRequest": {
                "Item": {
                    "id": {
                        "S": "2953"
                    },
                    "title": {
                        "S": "Home Alone 2: Lost in New York (1992)"
                    },
                    "genres": {
                        "S": "Children|Comedy"
                    }
                }
            }
        },
        {
            "PutRequest": {
                "Item": {
                    "id": {
                        "S": "2954"
                    },
                    "title": {
                        "S": "Penitentiary (1979)"
                    },
                    "genres": {
                        "S": "Drama"
                    }
                }
            }
        },
        {
            "PutRequest": {
                "Item": {
                    "id": {
                        "S": "2955"
                    },
                    "title": {
                        "S": "Penitentiary II (1982)"
                    },
                    "genres": {
                        "S": "Drama"
                    }
                }
            }
        },
        {
            "PutRequest": {
                "Item": {
                    "id": {
                        "S": "2956"
                    },
                    "title": {
                        "S": "Someone to Watch Over Me (1987)"
                    },
                    "genres": {
                        "S": "Action|Crime|Thriller"
                    }
                }
            }
        },
        {
            "PutRequest": {
                "Item": {
                    "id": {
                        "S": "2957"
                    },
                    "title": {
                        "S": "Sparrows (1926)"
                    },
                    "genres": {
                        "S": "Drama"
                    }
                }
            }
        },
        {
            "PutRequest": {
                "Item": {
                    "id": {
                        "S": "2958"
                    },
                    "title": {
                        "S": "Naturally Native (1998)"
                    },
                    "genres": {
                        "S": "Drama"
                    }
                }
            }
        },
        {
            "PutRequest": {
                "Item": {
                    "id": {
                        "S": "2959"
                    },
                    "title": {
                        "S": "Fight Club (1999)"
                    },
                    "genres": {
                        "S": "Action|Crime|Drama|Thriller"
                    }
                }
            }
        },
        {
            "PutRequest": {
                "Item": {
                    "id": {
                        "S": "2960"
                    },
                    "title": {
                        "S": "Beefcake (1999)"
                    },
                    "genres": {
                        "S": "Drama"
                    }
                }
            }
        },
        {
            "PutRequest": {
                "Item": {
                    "id": {
                        "S": "2961"
                    },
                    "title": {
                        "S": "Story of Us, The (1999)"
                    },
                    "genres": {
                        "S": "Comedy|Drama"
                    }
                }
            }
        },
        {
            "PutRequest": {
                "Item": {
                    "id": {
                        "S": "2962"
                    },
                    "title": {
                        "S": "Fever Pitch (1997)"
                    },
                    "genres": {
                        "S": "Comedy|Romance"
                    }
                }
            }
        },
        {
            "PutRequest": {
                "Item": {
                    "id": {
                        "S": "2963"
                    },
                    "title": {
                        "S": "Joe the King (1999)"
                    },
                    "genres": {
                        "S": "Crime|Drama"
                    }
                }
            }
        },
        {
            "PutRequest": {
                "Item": {
                    "id": {
                        "S": "2964"
                    },
                    "title": {
                        "S": "Julien Donkey-Boy (1999)"
                    },
                    "genres": {
                        "S": "Drama"
                    }
                }
            }
        },
        {
            "PutRequest": {
                "Item": {
                    "id": {
                        "S": "2965"
                    },
                    "title": {
                        "S": "Omega Code, The (1999)"
                    },
                    "genres": {
                        "S": "Action"
                    }
                }
            }
        },
        {
            "PutRequest": {
                "Item": {
                    "id": {
                        "S": "2966"
                    },
                    "title": {
                        "S": "Straight Story, The (1999)"
                    },
                    "genres": {
                        "S": "Adventure|Drama"
                    }
                }
            }
        }
    ]
}