{
    "movies": [
        {
            "PutRequest": {
                "Item": {
                    "id": {
                        "S": "134254"
                    },
                    "title": {
                        "S": "C'mon, Let's Live a Little"
                    },
                    "genres": {
                        "S": "(no genres listed)"
                    }
                }
            }
        },
        {
            "PutRequest": {
                "Item": {
                    "id": {
                        "S": "134256"
                    },
                    "title": {
                        "S": "Poliisin Poika (1998)"
                    },
                    "genres": {
                        "S": "(no genres listed)"
                    }
                }
            }
        },
        {
            "PutRequest": {
                "Item": {
                    "id": {
                        "S": "134258"
                    },
                    "title": {
                        "S": "Edgar Allan Poe's Buried Alive (1990)"
                    },
                    "genres": {
                        "S": "Horror"
                    }
                }
            }
        },
        {
            "PutRequest": {
                "Item": {
                    "id": {
                        "S": "134260"
                    },
                    "title": {
                        "S": "Ten Little Indians (1989)"
                    },
                    "genres": {
                        "S": "Crime|Mystery|Thriller"
                    }
                }
            }
        },
        {
            "PutRequest": {
                "Item": {
                    "id": {
                        "S": "134262"
                    },
                    "title": {
                        "S": "The Commander (1988)"
                    },
                    "genres": {
                        "S": "Action|War"
                    }
                }
            }
        },
        {
            "PutRequest": {
                "Item": {
                    "id": {
                        "S": "134264"
                    },
                    "title": {
                        "S": "Phantom of Death (1988)"
                    },
                    "genres": {
                        "S": "Horror"
                    }
                }
            }
        },
        {
            "PutRequest": {
                "Item": {
                    "id": {
                        "S": "134266"
                    },
                    "title": {
                        "S": "To Kill a Stranger (1987)"
                    },
                    "genres": {
                        "S": "(no genres listed)"
                    }
                }
            }
        },
        {
            "PutRequest": {
                "Item": {
                    "id": {
                        "S": "134268"
                    },
                    "title": {
                        "S": "Ground Zero (1987)"
                    },
                    "genres": {
                        "S": "Thriller"
                    }
                }
            }
        },
        {
            "PutRequest": {
                "Item": {
                    "id": {
                        "S": "134274"
                    },
                    "title": {
                        "S": "Cobra Mission (1986)"
                    },
                    "genres": {
                        "S": "Action|Adventure"
                    }
                }
            }
        },
        {
            "PutRequest": {
                "Item": {
                    "id": {
                        "S": "134276"
                    },
                    "title": {
                        "S": "Nothing Underneath (1985)"
                    },
                    "genres": {
                        "S": "Thriller"
                    }
                }
            }
        },
        {
            "PutRequest": {
                "Item": {
                    "id": {
                        "S": "134278"
                    },
                    "title": {
                        "S": "The Treasure of the Amazon (1985)"
                    },
                    "genres": {
                        "S": "Action|Thriller"
                    }
                }
            }
        },
        {
            "PutRequest": {
                "Item": {
                    "id": {
                        "S": "134280"
                    },
                    "title": {
                        "S": "Where Is Parsifal? (1985)"
                    },
                    "genres": {
                        "S": "(no genres listed)"
                    }
                }
            }
        },
        {
            "PutRequest": {
                "Item": {
                    "id": {
                        "S": "134282"
                    },
                    "title": {
                        "S": "Jaguar Lives! (1979)"
                    },
                    "genres": {
                        "S": "Action|Comedy"
                    }
                }
            }
        },
        {
            "PutRequest": {
                "Item": {
                    "id": {
                        "S": "134284"
                    },
                    "title": {
                        "S": "Good Luck, Miss Wyckoff (1979)"
                    },
                    "genres": {
                        "S": "(no genres listed)"
                    }
                }
            }
        },
        {
            "PutRequest": {
                "Item": {
                    "id": {
                        "S": "134286"
                    },
                    "title": {
                        "S": "L'Homme en col\u00e8re (1978)"
                    },
                    "genres": {
                        "S": "Drama"
                    }
                }
            }
        },
        {
            "PutRequest": {
                "Item": {
                    "id": {
                        "S": "134290"
                    },
                    "title": {
                        "S": "The Uncanny (1977)"
                    },
                    "genres": {
                        "S": "Horror"
                    }
                }
            }
        },
        {
            "PutRequest": {
                "Item": {
                    "id": {
                        "S": "134292"
                    },
                    "title": {
                        "S": "Land of the Minotaur (1976)"
                    },
                    "genres": {
                        "S": "Drama|Horror"
                    }
                }
            }
        },
        {
            "PutRequest": {
                "Item": {
                    "id": {
                        "S": "134294"
                    },
                    "title": {
                        "S": "Journey Into Fear (1975)"
                    },
                    "genres": {
                        "S": "(no genres listed)"
                    }
                }
            }
        },
        {
            "PutRequest": {
                "Item": {
                    "id": {
                        "S": "134296"
                    },
                    "title": {
                        "S": "Barry McKenzie Holds His Own (1974)"
                    },
                    "genres": {
                        "S": "(no genres listed)"
                    }
                }
            }
        },
        {
            "PutRequest": {
                "Item": {
                    "id": {
                        "S": "134298"
                    },
                    "title": {
                        "S": "The Mutations (1974)"
                    },
                    "genres": {
                        "S": "Horror"
                    }
                }
            }
        },
        {
            "PutRequest": {
                "Item": {
                    "id": {
                        "S": "134302"
                    },
                    "title": {
                        "S": "Wedding in White (1972)"
                    },
                    "genres": {
                        "S": "Drama"
                    }
                }
            }
        },
        {
            "PutRequest": {
                "Item": {
                    "id": {
                        "S": "134304"
                    },
                    "title": {
                        "S": "The Madwoman of Chaillot (1969)"
                    },
                    "genres": {
                        "S": "Comedy|Drama"
                    }
                }
            }
        },
        {
            "PutRequest": {
                "Item": {
                    "id": {
                        "S": "134306"
                    },
                    "title": {
                        "S": "What a Carve Up! (1961)"
                    },
                    "genres": {
                        "S": "Comedy|Horror|Mystery|Thriller"
                    }
                }
            }
        },
        {
            "PutRequest": {
                "Item": {
                    "id": {
                        "S": "134308"
                    },
                    "title": {
                        "S": "Spare the Rod (1961)"
                    },
                    "genres": {
                        "S": "Drama"
                    }
                }
            }
        },
        {
            "PutRequest": {
                "Item": {
                    "id": {
                        "S": "134310"
                    },
                    "title": {
                        "S": "The Wind of Change (1961)"
                    },
                    "genres": {
                        "S": "Drama"
                    }
                }
            }
        }
    ]
}