{
    "movies": [
        {
            "PutRequest": {
                "Item": {
                    "id": {
                        "S": "136604"
                    },
                    "title": {
                        "S": "#1 Cheerleader Camp (2010)"
                    },
                    "genres": {
                        "S": "Comedy|Drama"
                    }
                }
            }
        },
        {
            "PutRequest": {
                "Item": {
                    "id": {
                        "S": "136606"
                    },
                    "title": {
                        "S": "Le chant du Styr\u00e8ne (1958)"
                    },
                    "genres": {
                        "S": "(no genres listed)"
                    }
                }
            }
        },
        {
            "PutRequest": {
                "Item": {
                    "id": {
                        "S": "136608"
                    },
                    "title": {
                        "S": "L'amour existe (1960)"
                    },
                    "genres": {
                        "S": "Documentary"
                    }
                }
            }
        },
        {
            "PutRequest": {
                "Item": {
                    "id": {
                        "S": "136610"
                    },
                    "title": {
                        "S": "Charlotte and Her Boyfriend (1960)"
                    },
                    "genres": {
                        "S": "(no genres listed)"
                    }
                }
            }
        },
        {
            "PutRequest": {
                "Item": {
                    "id": {
                        "S": "136612"
                    },
                    "title": {
                        "S": "The Great Madcap (1949)"
                    },
                    "genres": {
                        "S": "Comedy"
                    }
                }
            }
        },
        {
            "PutRequest": {
                "Item": {
                    "id": {
                        "S": "136614"
                    },
                    "title": {
                        "S": "The Office (1966)"
                    },
                    "genres": {
                        "S": "Documentary"
                    }
                }
            }
        },
        {
            "PutRequest": {
                "Item": {
                    "id": {
                        "S": "136616"
                    },
                    "title": {
                        "S": "Tramway (1966)"
                    },
                    "genres": {
                        "S": "Drama"
                    }
                }
            }
        },
        {
            "PutRequest": {
                "Item": {
                    "id": {
                        "S": "136618"
                    },
                    "title": {
                        "S": "Pok\u00e9mon the Movie: Genesect and the Legend Awakened (2013)"
                    },
                    "genres": {
                        "S": "Action|Adventure|Animation|Children|Fantasy|Sci-Fi"
                    }
                }
            }
        },
        {
            "PutRequest": {
                "Item": {
                    "id": {
                        "S": "136620"
                    },
                    "title": {
                        "S": "Pok\u00e9mon: Arceus and the Jewel of Life (2009)"
                    },
                    "genres": {
                        "S": "Animation|Children"
                    }
                }
            }
        },
        {
            "PutRequest": {
                "Item": {
                    "id": {
                        "S": "136622"
                    },
                    "title": {
                        "S": "Pok\u00e9mon: The Rise of Darkrai (2007)"
                    },
                    "genres": {
                        "S": "Adventure|Animation|Children|Fantasy"
                    }
                }
            }
        },
        {
            "PutRequest": {
                "Item": {
                    "id": {
                        "S": "136624"
                    },
                    "title": {
                        "S": "Pok\u00e9mon: Lucario and the Mystery of Mew (2005)"
                    },
                    "genres": {
                        "S": "Adventure|Animation|Fantasy"
                    }
                }
            }
        },
        {
            "PutRequest": {
                "Item": {
                    "id": {
                        "S": "136626"
                    },
                    "title": {
                        "S": "See No Evil 2 (2014)"
                    },
                    "genres": {
                        "S": "Horror"
                    }
                }
            }
        },
        {
            "PutRequest": {
                "Item": {
                    "id": {
                        "S": "136628"
                    },
                    "title": {
                        "S": "Clerks - The Flying Car (2002)"
                    },
                    "genres": {
                        "S": "Comedy"
                    }
                }
            }
        },
        {
            "PutRequest": {
                "Item": {
                    "id": {
                        "S": "136630"
                    },
                    "title": {
                        "S": "Clerks: The Lost Scene (2004)"
                    },
                    "genres": {
                        "S": "(no genres listed)"
                    }
                }
            }
        },
        {
            "PutRequest": {
                "Item": {
                    "id": {
                        "S": "136632"
                    },
                    "title": {
                        "S": "Jurassic City (2015)"
                    },
                    "genres": {
                        "S": "Action|Sci-Fi"
                    }
                }
            }
        },
        {
            "PutRequest": {
                "Item": {
                    "id": {
                        "S": "136634"
                    },
                    "title": {
                        "S": "Dinosaur Island (2014)"
                    },
                    "genres": {
                        "S": "Children|Fantasy|Sci-Fi"
                    }
                }
            }
        },
        {
            "PutRequest": {
                "Item": {
                    "id": {
                        "S": "136636"
                    },
                    "title": {
                        "S": "The Pact II (2014)"
                    },
                    "genres": {
                        "S": "Horror|Mystery|Thriller"
                    }
                }
            }
        },
        {
            "PutRequest": {
                "Item": {
                    "id": {
                        "S": "136638"
                    },
                    "title": {
                        "S": "The Ouija Experiment 2: Theatre of Death (2015)"
                    },
                    "genres": {
                        "S": "Horror"
                    }
                }
            }
        },
        {
            "PutRequest": {
                "Item": {
                    "id": {
                        "S": "136640"
                    },
                    "title": {
                        "S": "Back to the Jurassic (2015)"
                    },
                    "genres": {
                        "S": "Adventure|Animation|Children"
                    }
                }
            }
        },
        {
            "PutRequest": {
                "Item": {
                    "id": {
                        "S": "136642"
                    },
                    "title": {
                        "S": "Madame Bovary (2014)"
                    },
                    "genres": {
                        "S": "Drama"
                    }
                }
            }
        },
        {
            "PutRequest": {
                "Item": {
                    "id": {
                        "S": "136644"
                    },
                    "title": {
                        "S": "Awakened (2014)"
                    },
                    "genres": {
                        "S": "Drama|Thriller"
                    }
                }
            }
        },
        {
            "PutRequest": {
                "Item": {
                    "id": {
                        "S": "136646"
                    },
                    "title": {
                        "S": "Turkey Shoot (2014)"
                    },
                    "genres": {
                        "S": "Action"
                    }
                }
            }
        },
        {
            "PutRequest": {
                "Item": {
                    "id": {
                        "S": "136648"
                    },
                    "title": {
                        "S": "Bound (2015)"
                    },
                    "genres": {
                        "S": "Drama|Thriller"
                    }
                }
            }
        },
        {
            "PutRequest": {
                "Item": {
                    "id": {
                        "S": "136650"
                    },
                    "title": {
                        "S": "Balls Out (2014)"
                    },
                    "genres": {
                        "S": "Comedy"
                    }
                }
            }
        },
        {
            "PutRequest": {
                "Item": {
                    "id": {
                        "S": "136652"
                    },
                    "title": {
                        "S": "Phantom Halo (2015)"
                    },
                    "genres": {
                        "S": "Crime|Drama|Thriller"
                    }
                }
            }
        }
    ]
}