{
    "movies": [
        {
            "PutRequest": {
                "Item": {
                    "id": {
                        "S": "140379"
                    },
                    "title": {
                        "S": "The Face on the Milk Carton (1995)"
                    },
                    "genres": {
                        "S": "(no genres listed)"
                    }
                }
            }
        },
        {
            "PutRequest": {
                "Item": {
                    "id": {
                        "S": "140381"
                    },
                    "title": {
                        "S": "The Three Stooges (2000)"
                    },
                    "genres": {
                        "S": "Comedy|Documentary|Drama"
                    }
                }
            }
        },
        {
            "PutRequest": {
                "Item": {
                    "id": {
                        "S": "140383"
                    },
                    "title": {
                        "S": "Van Helsing: The London Assignment (2004)"
                    },
                    "genres": {
                        "S": "Action|Animation|Fantasy|Horror"
                    }
                }
            }
        },
        {
            "PutRequest": {
                "Item": {
                    "id": {
                        "S": "140385"
                    },
                    "title": {
                        "S": "A Horse for Danny (1995)"
                    },
                    "genres": {
                        "S": "Children|Drama"
                    }
                }
            }
        },
        {
            "PutRequest": {
                "Item": {
                    "id": {
                        "S": "140387"
                    },
                    "title": {
                        "S": "Missing Pieces (2000)"
                    },
                    "genres": {
                        "S": "(no genres listed)"
                    }
                }
            }
        },
        {
            "PutRequest": {
                "Item": {
                    "id": {
                        "S": "140389"
                    },
                    "title": {
                        "S": "Rose Hill (1997)"
                    },
                    "genres": {
                        "S": "(no genres listed)"
                    }
                }
            }
        },
        {
            "PutRequest": {
                "Item": {
                    "id": {
                        "S": "140391"
                    },
                    "title": {
                        "S": "Pistol: The Birth of a Legend (1991)"
                    },
                    "genres": {
                        "S": "Children|Drama"
                    }
                }
            }
        },
        {
            "PutRequest": {
                "Item": {
                    "id": {
                        "S": "140393"
                    },
                    "title": {
                        "S": "The Christmas Box (1995)"
                    },
                    "genres": {
                        "S": "Drama|Fantasy"
                    }
                }
            }
        },
        {
            "PutRequest": {
                "Item": {
                    "id": {
                        "S": "140395"
                    },
                    "title": {
                        "S": "Where The Red Fern Grows II: The Classic Continues (1992)"
                    },
                    "genres": {
                        "S": "Children"
                    }
                }
            }
        },
        {
            "PutRequest": {
                "Item": {
                    "id": {
                        "S": "140397"
                    },
                    "title": {
                        "S": "Animal Farm (1999)"
                    },
                    "genres": {
                        "S": "Animation|Drama"
                    }
                }
            }
        },
        {
            "PutRequest": {
                "Item": {
                    "id": {
                        "S": "140399"
                    },
                    "title": {
                        "S": "Hellboy Animated: Iron Shoes (2007)"
                    },
                    "genres": {
                        "S": "(no genres listed)"
                    }
                }
            }
        },
        {
            "PutRequest": {
                "Item": {
                    "id": {
                        "S": "140401"
                    },
                    "title": {
                        "S": "The Black Shield Of Falworth (1954)"
                    },
                    "genres": {
                        "S": "Adventure"
                    }
                }
            }
        },
        {
            "PutRequest": {
                "Item": {
                    "id": {
                        "S": "140403"
                    },
                    "title": {
                        "S": "Jonny Quest Vs. The Cyber Insects (1995)"
                    },
                    "genres": {
                        "S": "Action|Adventure|Animation"
                    }
                }
            }
        },
        {
            "PutRequest": {
                "Item": {
                    "id": {
                        "S": "140405"
                    },
                    "title": {
                        "S": "Scared Stiff (1953)"
                    },
                    "genres": {
                        "S": "Comedy"
                    }
                }
            }
        },
        {
            "PutRequest": {
                "Item": {
                    "id": {
                        "S": "140407"
                    },
                    "title": {
                        "S": "Cas & Dylan (2013)"
                    },
                    "genres": {
                        "S": "Comedy|Drama"
                    }
                }
            }
        },
        {
            "PutRequest": {
                "Item": {
                    "id": {
                        "S": "140411"
                    },
                    "title": {
                        "S": "Gladiators 7 (1962)"
                    },
                    "genres": {
                        "S": "Action"
                    }
                }
            }
        },
        {
            "PutRequest": {
                "Item": {
                    "id": {
                        "S": "140413"
                    },
                    "title": {
                        "S": "Charley and the Angel (1973)"
                    },
                    "genres": {
                        "S": "Children|Comedy|Fantasy"
                    }
                }
            }
        },
        {
            "PutRequest": {
                "Item": {
                    "id": {
                        "S": "140415"
                    },
                    "title": {
                        "S": "Atom Man vs Superman (1950)"
                    },
                    "genres": {
                        "S": "Action|Sci-Fi"
                    }
                }
            }
        },
        {
            "PutRequest": {
                "Item": {
                    "id": {
                        "S": "140417"
                    },
                    "title": {
                        "S": "Superman (1948)"
                    },
                    "genres": {
                        "S": "Action|Crime|Sci-Fi"
                    }
                }
            }
        },
        {
            "PutRequest": {
                "Item": {
                    "id": {
                        "S": "140419"
                    },
                    "title": {
                        "S": "The Invisible Boy (1957)"
                    },
                    "genres": {
                        "S": "Adventure|Children|Comedy|Sci-Fi"
                    }
                }
            }
        },
        {
            "PutRequest": {
                "Item": {
                    "id": {
                        "S": "140421"
                    },
                    "title": {
                        "S": "Tired of Kissing Frogs (2006)"
                    },
                    "genres": {
                        "S": "Comedy|Drama|Romance"
                    }
                }
            }
        },
        {
            "PutRequest": {
                "Item": {
                    "id": {
                        "S": "140423"
                    },
                    "title": {
                        "S": "Night Of The Twisters (1996)"
                    },
                    "genres": {
                        "S": "Action|Drama"
                    }
                }
            }
        },
        {
            "PutRequest": {
                "Item": {
                    "id": {
                        "S": "140425"
                    },
                    "title": {
                        "S": "The 4th Tenor (2002)"
                    },
                    "genres": {
                        "S": "Comedy|Romance"
                    }
                }
            }
        },
        {
            "PutRequest": {
                "Item": {
                    "id": {
                        "S": "140427"
                    },
                    "title": {
                        "S": "The Collection (1976)"
                    },
                    "genres": {
                        "S": "(no genres listed)"
                    }
                }
            }
        },
        {
            "PutRequest": {
                "Item": {
                    "id": {
                        "S": "140429"
                    },
                    "title": {
                        "S": "One Wild Oat (1951)"
                    },
                    "genres": {
                        "S": "Comedy"
                    }
                }
            }
        }
    ]
}