{
    "movies": [
        {
            "PutRequest": {
                "Item": {
                    "id": {
                        "S": "122867"
                    },
                    "title": {
                        "S": "Maisie Goes to Reno (1944)"
                    },
                    "genres": {
                        "S": "Comedy|Romance"
                    }
                }
            }
        },
        {
            "PutRequest": {
                "Item": {
                    "id": {
                        "S": "122869"
                    },
                    "title": {
                        "S": "The Hound of the Baskervilles (1972)"
                    },
                    "genres": {
                        "S": "Crime|Mystery"
                    }
                }
            }
        },
        {
            "PutRequest": {
                "Item": {
                    "id": {
                        "S": "122876"
                    },
                    "title": {
                        "S": "Torrente 4: Lethal Crisis (2011)"
                    },
                    "genres": {
                        "S": "Action|Comedy|Crime"
                    }
                }
            }
        },
        {
            "PutRequest": {
                "Item": {
                    "id": {
                        "S": "122878"
                    },
                    "title": {
                        "S": "Torrente 5: Operaci\u00f3n Eurovegas (2014)"
                    },
                    "genres": {
                        "S": "Action|Comedy"
                    }
                }
            }
        },
        {
            "PutRequest": {
                "Item": {
                    "id": {
                        "S": "122880"
                    },
                    "title": {
                        "S": "I Want You (2012)"
                    },
                    "genres": {
                        "S": "Drama|Romance"
                    }
                }
            }
        },
        {
            "PutRequest": {
                "Item": {
                    "id": {
                        "S": "122882"
                    },
                    "title": {
                        "S": "Mad Max: Fury Road (2015)"
                    },
                    "genres": {
                        "S": "Action|Adventure|Sci-Fi|Thriller"
                    }
                }
            }
        },
        {
            "PutRequest": {
                "Item": {
                    "id": {
                        "S": "122884"
                    },
                    "title": {
                        "S": "Insidious: Chapter 3 (2015)"
                    },
                    "genres": {
                        "S": "Fantasy|Horror|Thriller"
                    }
                }
            }
        },
        {
            "PutRequest": {
                "Item": {
                    "id": {
                        "S": "122886"
                    },
                    "title": {
                        "S": "Star Wars: Episode VII - The Force Awakens (2015)"
                    },
                    "genres": {
                        "S": "Action|Adventure|Fantasy|Sci-Fi|IMAX"
                    }
                }
            }
        },
        {
            "PutRequest": {
                "Item": {
                    "id": {
                        "S": "122888"
                    },
                    "title": {
                        "S": "Ben-hur (2016)"
                    },
                    "genres": {
                        "S": "(no genres listed)"
                    }
                }
            }
        },
        {
            "PutRequest": {
                "Item": {
                    "id": {
                        "S": "122890"
                    },
                    "title": {
                        "S": "Warcraft (2016)"
                    },
                    "genres": {
                        "S": "Action|Adventure|Fantasy"
                    }
                }
            }
        },
        {
            "PutRequest": {
                "Item": {
                    "id": {
                        "S": "122892"
                    },
                    "title": {
                        "S": "Avengers: Age of Ultron (2015)"
                    },
                    "genres": {
                        "S": "Action|Adventure|Sci-Fi"
                    }
                }
            }
        },
        {
            "PutRequest": {
                "Item": {
                    "id": {
                        "S": "122896"
                    },
                    "title": {
                        "S": "Pirates of the Caribbean: Dead Men Tell No Tales (2017)"
                    },
                    "genres": {
                        "S": "(no genres listed)"
                    }
                }
            }
        },
        {
            "PutRequest": {
                "Item": {
                    "id": {
                        "S": "122898"
                    },
                    "title": {
                        "S": "Justice League (2017)"
                    },
                    "genres": {
                        "S": "Action|Adventure|Sci-Fi"
                    }
                }
            }
        },
        {
            "PutRequest": {
                "Item": {
                    "id": {
                        "S": "122900"
                    },
                    "title": {
                        "S": "Ant-Man (2015)"
                    },
                    "genres": {
                        "S": "Action|Adventure|Sci-Fi"
                    }
                }
            }
        },
        {
            "PutRequest": {
                "Item": {
                    "id": {
                        "S": "122902"
                    },
                    "title": {
                        "S": "Fantastic Four (2015)"
                    },
                    "genres": {
                        "S": "Action|Adventure|Fantasy|Sci-Fi"
                    }
                }
            }
        },
        {
            "PutRequest": {
                "Item": {
                    "id": {
                        "S": "122904"
                    },
                    "title": {
                        "S": "Deadpool (2016)"
                    },
                    "genres": {
                        "S": "Action|Adventure|Comedy|Sci-Fi"
                    }
                }
            }
        },
        {
            "PutRequest": {
                "Item": {
                    "id": {
                        "S": "122906"
                    },
                    "title": {
                        "S": "Black Panther (2017)"
                    },
                    "genres": {
                        "S": "Action|Adventure|Sci-Fi"
                    }
                }
            }
        },
        {
            "PutRequest": {
                "Item": {
                    "id": {
                        "S": "122908"
                    },
                    "title": {
                        "S": "Inhumans (2018)"
                    },
                    "genres": {
                        "S": "Action|Adventure|Sci-Fi"
                    }
                }
            }
        },
        {
            "PutRequest": {
                "Item": {
                    "id": {
                        "S": "122910"
                    },
                    "title": {
                        "S": "Captain Marvel (2018)"
                    },
                    "genres": {
                        "S": "Action|Adventure|Sci-Fi"
                    }
                }
            }
        },
        {
            "PutRequest": {
                "Item": {
                    "id": {
                        "S": "122912"
                    },
                    "title": {
                        "S": "Avengers: Infinity War - Part I (2018)"
                    },
                    "genres": {
                        "S": "Action|Adventure|Sci-Fi"
                    }
                }
            }
        },
        {
            "PutRequest": {
                "Item": {
                    "id": {
                        "S": "122914"
                    },
                    "title": {
                        "S": "Avengers: Infinity War - Part II (2019)"
                    },
                    "genres": {
                        "S": "Action|Adventure|Sci-Fi"
                    }
                }
            }
        },
        {
            "PutRequest": {
                "Item": {
                    "id": {
                        "S": "122916"
                    },
                    "title": {
                        "S": "Thor: Ragnarok (2017)"
                    },
                    "genres": {
                        "S": "Action|Adventure|Sci-Fi"
                    }
                }
            }
        },
        {
            "PutRequest": {
                "Item": {
                    "id": {
                        "S": "122918"
                    },
                    "title": {
                        "S": "Guardians of the Galaxy 2 (2017)"
                    },
                    "genres": {
                        "S": "Action|Adventure|Sci-Fi"
                    }
                }
            }
        },
        {
            "PutRequest": {
                "Item": {
                    "id": {
                        "S": "122920"
                    },
                    "title": {
                        "S": "Captain America: Civil War (2016)"
                    },
                    "genres": {
                        "S": "Action|Sci-Fi|Thriller"
                    }
                }
            }
        },
        {
            "PutRequest": {
                "Item": {
                    "id": {
                        "S": "122922"
                    },
                    "title": {
                        "S": "Doctor Strange (2016)"
                    },
                    "genres": {
                        "S": "Action|Adventure|Sci-Fi"
                    }
                }
            }
        }
    ]
}