{
    "movies": [
        {
            "PutRequest": {
                "Item": {
                    "id": {
                        "S": "3017"
                    },
                    "title": {
                        "S": "Creepshow 2 (1987)"
                    },
                    "genres": {
                        "S": "Horror"
                    }
                }
            }
        },
        {
            "PutRequest": {
                "Item": {
                    "id": {
                        "S": "3018"
                    },
                    "title": {
                        "S": "Re-Animator (1985)"
                    },
                    "genres": {
                        "S": "Comedy|Horror|Sci-Fi"
                    }
                }
            }
        },
        {
            "PutRequest": {
                "Item": {
                    "id": {
                        "S": "3019"
                    },
                    "title": {
                        "S": "Drugstore Cowboy (1989)"
                    },
                    "genres": {
                        "S": "Crime|Drama"
                    }
                }
            }
        },
        {
            "PutRequest": {
                "Item": {
                    "id": {
                        "S": "3020"
                    },
                    "title": {
                        "S": "Falling Down (1993)"
                    },
                    "genres": {
                        "S": "Action|Drama"
                    }
                }
            }
        },
        {
            "PutRequest": {
                "Item": {
                    "id": {
                        "S": "3021"
                    },
                    "title": {
                        "S": "Funhouse, The (1981)"
                    },
                    "genres": {
                        "S": "Horror"
                    }
                }
            }
        },
        {
            "PutRequest": {
                "Item": {
                    "id": {
                        "S": "3022"
                    },
                    "title": {
                        "S": "General, The (1926)"
                    },
                    "genres": {
                        "S": "Comedy|War"
                    }
                }
            }
        },
        {
            "PutRequest": {
                "Item": {
                    "id": {
                        "S": "3023"
                    },
                    "title": {
                        "S": "My Best Girl (1927)"
                    },
                    "genres": {
                        "S": "Comedy|Romance"
                    }
                }
            }
        },
        {
            "PutRequest": {
                "Item": {
                    "id": {
                        "S": "3024"
                    },
                    "title": {
                        "S": "Piranha (1978)"
                    },
                    "genres": {
                        "S": "Horror|Sci-Fi"
                    }
                }
            }
        },
        {
            "PutRequest": {
                "Item": {
                    "id": {
                        "S": "3025"
                    },
                    "title": {
                        "S": "Rough Night in Jericho (1967)"
                    },
                    "genres": {
                        "S": "Western"
                    }
                }
            }
        },
        {
            "PutRequest": {
                "Item": {
                    "id": {
                        "S": "3026"
                    },
                    "title": {
                        "S": "Slaughterhouse (1987)"
                    },
                    "genres": {
                        "S": "Comedy|Horror"
                    }
                }
            }
        },
        {
            "PutRequest": {
                "Item": {
                    "id": {
                        "S": "3028"
                    },
                    "title": {
                        "S": "Taming of the Shrew, The (1967)"
                    },
                    "genres": {
                        "S": "Comedy"
                    }
                }
            }
        },
        {
            "PutRequest": {
                "Item": {
                    "id": {
                        "S": "3029"
                    },
                    "title": {
                        "S": "Nighthawks (1981)"
                    },
                    "genres": {
                        "S": "Action|Drama"
                    }
                }
            }
        },
        {
            "PutRequest": {
                "Item": {
                    "id": {
                        "S": "3030"
                    },
                    "title": {
                        "S": "Yojimbo (1961)"
                    },
                    "genres": {
                        "S": "Action|Adventure"
                    }
                }
            }
        },
        {
            "PutRequest": {
                "Item": {
                    "id": {
                        "S": "3031"
                    },
                    "title": {
                        "S": "Repossessed (1990)"
                    },
                    "genres": {
                        "S": "Comedy"
                    }
                }
            }
        },
        {
            "PutRequest": {
                "Item": {
                    "id": {
                        "S": "3032"
                    },
                    "title": {
                        "S": "Omega Man, The (1971)"
                    },
                    "genres": {
                        "S": "Action|Drama|Sci-Fi|Thriller"
                    }
                }
            }
        },
        {
            "PutRequest": {
                "Item": {
                    "id": {
                        "S": "3033"
                    },
                    "title": {
                        "S": "Spaceballs (1987)"
                    },
                    "genres": {
                        "S": "Comedy|Sci-Fi"
                    }
                }
            }
        },
        {
            "PutRequest": {
                "Item": {
                    "id": {
                        "S": "3034"
                    },
                    "title": {
                        "S": "Robin Hood (1973)"
                    },
                    "genres": {
                        "S": "Adventure|Animation|Children|Comedy|Musical"
                    }
                }
            }
        },
        {
            "PutRequest": {
                "Item": {
                    "id": {
                        "S": "3035"
                    },
                    "title": {
                        "S": "Mister Roberts (1955)"
                    },
                    "genres": {
                        "S": "Comedy|Drama|War"
                    }
                }
            }
        },
        {
            "PutRequest": {
                "Item": {
                    "id": {
                        "S": "3036"
                    },
                    "title": {
                        "S": "Quest for Fire (Guerre du feu, La) (1981)"
                    },
                    "genres": {
                        "S": "Adventure|Drama"
                    }
                }
            }
        },
        {
            "PutRequest": {
                "Item": {
                    "id": {
                        "S": "3037"
                    },
                    "title": {
                        "S": "Little Big Man (1970)"
                    },
                    "genres": {
                        "S": "Western"
                    }
                }
            }
        },
        {
            "PutRequest": {
                "Item": {
                    "id": {
                        "S": "3038"
                    },
                    "title": {
                        "S": "Face in the Crowd, A (1957)"
                    },
                    "genres": {
                        "S": "Drama"
                    }
                }
            }
        },
        {
            "PutRequest": {
                "Item": {
                    "id": {
                        "S": "3039"
                    },
                    "title": {
                        "S": "Trading Places (1983)"
                    },
                    "genres": {
                        "S": "Comedy"
                    }
                }
            }
        },
        {
            "PutRequest": {
                "Item": {
                    "id": {
                        "S": "3040"
                    },
                    "title": {
                        "S": "Meatballs (1979)"
                    },
                    "genres": {
                        "S": "Comedy"
                    }
                }
            }
        },
        {
            "PutRequest": {
                "Item": {
                    "id": {
                        "S": "3041"
                    },
                    "title": {
                        "S": "Meatballs Part II (1984)"
                    },
                    "genres": {
                        "S": "Comedy"
                    }
                }
            }
        },
        {
            "PutRequest": {
                "Item": {
                    "id": {
                        "S": "3042"
                    },
                    "title": {
                        "S": "Meatballs III (1987)"
                    },
                    "genres": {
                        "S": "Comedy"
                    }
                }
            }
        }
    ]
}