{
    "movies": [
        {
            "PutRequest": {
                "Item": {
                    "id": {
                        "S": "141288"
                    },
                    "title": {
                        "S": "In the Arms of a Killer (1992)"
                    },
                    "genres": {
                        "S": "Thriller"
                    }
                }
            }
        },
        {
            "PutRequest": {
                "Item": {
                    "id": {
                        "S": "141290"
                    },
                    "title": {
                        "S": "It's Tough to Be Famous (1932)"
                    },
                    "genres": {
                        "S": "Comedy|Drama"
                    }
                }
            }
        },
        {
            "PutRequest": {
                "Item": {
                    "id": {
                        "S": "141292"
                    },
                    "title": {
                        "S": "Moving Target (1996)"
                    },
                    "genres": {
                        "S": "(no genres listed)"
                    }
                }
            }
        },
        {
            "PutRequest": {
                "Item": {
                    "id": {
                        "S": "141294"
                    },
                    "title": {
                        "S": "Mr. Imperium (1951)"
                    },
                    "genres": {
                        "S": "Drama|Romance"
                    }
                }
            }
        },
        {
            "PutRequest": {
                "Item": {
                    "id": {
                        "S": "141297"
                    },
                    "title": {
                        "S": "Out on a Limb (1987)"
                    },
                    "genres": {
                        "S": "(no genres listed)"
                    }
                }
            }
        },
        {
            "PutRequest": {
                "Item": {
                    "id": {
                        "S": "141299"
                    },
                    "title": {
                        "S": "Peter Pan (2000)"
                    },
                    "genres": {
                        "S": "Children|Fantasy"
                    }
                }
            }
        },
        {
            "PutRequest": {
                "Item": {
                    "id": {
                        "S": "141301"
                    },
                    "title": {
                        "S": "Peter Pan (1924)"
                    },
                    "genres": {
                        "S": "(no genres listed)"
                    }
                }
            }
        },
        {
            "PutRequest": {
                "Item": {
                    "id": {
                        "S": "141303"
                    },
                    "title": {
                        "S": "Rock, Paper, Scissors (2012)"
                    },
                    "genres": {
                        "S": "Drama"
                    }
                }
            }
        },
        {
            "PutRequest": {
                "Item": {
                    "id": {
                        "S": "141305"
                    },
                    "title": {
                        "S": "Round Trip to Heaven (1992)"
                    },
                    "genres": {
                        "S": "(no genres listed)"
                    }
                }
            }
        },
        {
            "PutRequest": {
                "Item": {
                    "id": {
                        "S": "141307"
                    },
                    "title": {
                        "S": "Society Lawyer (1939)"
                    },
                    "genres": {
                        "S": "Drama"
                    }
                }
            }
        },
        {
            "PutRequest": {
                "Item": {
                    "id": {
                        "S": "141309"
                    },
                    "title": {
                        "S": "Street Kings 2: Motor City (2011)"
                    },
                    "genres": {
                        "S": "Crime|Drama|Thriller"
                    }
                }
            }
        },
        {
            "PutRequest": {
                "Item": {
                    "id": {
                        "S": "141311"
                    },
                    "title": {
                        "S": "Tapped Out (2014)"
                    },
                    "genres": {
                        "S": "Action|Drama"
                    }
                }
            }
        },
        {
            "PutRequest": {
                "Item": {
                    "id": {
                        "S": "141313"
                    },
                    "title": {
                        "S": "Tarzan's Hidden Jungle (1955)"
                    },
                    "genres": {
                        "S": "Action|Adventure|Drama|Romance"
                    }
                }
            }
        },
        {
            "PutRequest": {
                "Item": {
                    "id": {
                        "S": "141315"
                    },
                    "title": {
                        "S": "The 25th Hour (1967)"
                    },
                    "genres": {
                        "S": "Drama|War"
                    }
                }
            }
        },
        {
            "PutRequest": {
                "Item": {
                    "id": {
                        "S": "141317"
                    },
                    "title": {
                        "S": "The Cabining (2013)"
                    },
                    "genres": {
                        "S": "Horror|Thriller"
                    }
                }
            }
        },
        {
            "PutRequest": {
                "Item": {
                    "id": {
                        "S": "141319"
                    },
                    "title": {
                        "S": "The Marseille Contract (1974)"
                    },
                    "genres": {
                        "S": "Thriller"
                    }
                }
            }
        },
        {
            "PutRequest": {
                "Item": {
                    "id": {
                        "S": "141321"
                    },
                    "title": {
                        "S": "The Gazebo (1971)"
                    },
                    "genres": {
                        "S": "Comedy"
                    }
                }
            }
        },
        {
            "PutRequest": {
                "Item": {
                    "id": {
                        "S": "141323"
                    },
                    "title": {
                        "S": "The Great Garrick (1937)"
                    },
                    "genres": {
                        "S": "(no genres listed)"
                    }
                }
            }
        },
        {
            "PutRequest": {
                "Item": {
                    "id": {
                        "S": "141325"
                    },
                    "title": {
                        "S": "The Great Lover (1949)"
                    },
                    "genres": {
                        "S": "Comedy"
                    }
                }
            }
        },
        {
            "PutRequest": {
                "Item": {
                    "id": {
                        "S": "141327"
                    },
                    "title": {
                        "S": "The Naked and the Dead (1958)"
                    },
                    "genres": {
                        "S": "War"
                    }
                }
            }
        },
        {
            "PutRequest": {
                "Item": {
                    "id": {
                        "S": "141329"
                    },
                    "title": {
                        "S": "The Narrow Corner (1933)"
                    },
                    "genres": {
                        "S": "Drama"
                    }
                }
            }
        },
        {
            "PutRequest": {
                "Item": {
                    "id": {
                        "S": "141333"
                    },
                    "title": {
                        "S": "The Premonition (1976)"
                    },
                    "genres": {
                        "S": "Horror|Sci-Fi"
                    }
                }
            }
        },
        {
            "PutRequest": {
                "Item": {
                    "id": {
                        "S": "141335"
                    },
                    "title": {
                        "S": "Siege at Red River (1954)"
                    },
                    "genres": {
                        "S": "Action|War|Western"
                    }
                }
            }
        },
        {
            "PutRequest": {
                "Item": {
                    "id": {
                        "S": "141341"
                    },
                    "title": {
                        "S": "The Three Investigators and the Secret of Terror Castle (2009)"
                    },
                    "genres": {
                        "S": "Adventure|Children|Mystery"
                    }
                }
            }
        },
        {
            "PutRequest": {
                "Item": {
                    "id": {
                        "S": "141343"
                    },
                    "title": {
                        "S": "Times Square Lady (1935)"
                    },
                    "genres": {
                        "S": "(no genres listed)"
                    }
                }
            }
        }
    ]
}