{
    "movies": [
        {
            "PutRequest": {
                "Item": {
                    "id": {
                        "S": "125369"
                    },
                    "title": {
                        "S": "Snow White: A Deadly Summer (2012)"
                    },
                    "genres": {
                        "S": "Horror|Thriller"
                    }
                }
            }
        },
        {
            "PutRequest": {
                "Item": {
                    "id": {
                        "S": "125371"
                    },
                    "title": {
                        "S": "Medium Raw (2010)"
                    },
                    "genres": {
                        "S": "Fantasy|Horror|Thriller"
                    }
                }
            }
        },
        {
            "PutRequest": {
                "Item": {
                    "id": {
                        "S": "125373"
                    },
                    "title": {
                        "S": "Love on the Side (2004)"
                    },
                    "genres": {
                        "S": "Comedy|Romance"
                    }
                }
            }
        },
        {
            "PutRequest": {
                "Item": {
                    "id": {
                        "S": "125375"
                    },
                    "title": {
                        "S": "Three Violent People (1957)"
                    },
                    "genres": {
                        "S": "Drama|Western"
                    }
                }
            }
        },
        {
            "PutRequest": {
                "Item": {
                    "id": {
                        "S": "125377"
                    },
                    "title": {
                        "S": "The Sheriff of Fractured Jaw (1959)"
                    },
                    "genres": {
                        "S": "(no genres listed)"
                    }
                }
            }
        },
        {
            "PutRequest": {
                "Item": {
                    "id": {
                        "S": "125379"
                    },
                    "title": {
                        "S": "Let's Make It Legal (1951)"
                    },
                    "genres": {
                        "S": "Comedy|Romance"
                    }
                }
            }
        },
        {
            "PutRequest": {
                "Item": {
                    "id": {
                        "S": "125381"
                    },
                    "title": {
                        "S": "Silent Partner (2005)"
                    },
                    "genres": {
                        "S": "Action|Mystery|Thriller"
                    }
                }
            }
        },
        {
            "PutRequest": {
                "Item": {
                    "id": {
                        "S": "125383"
                    },
                    "title": {
                        "S": "Woman Wanted (1999)"
                    },
                    "genres": {
                        "S": "Drama|Romance"
                    }
                }
            }
        },
        {
            "PutRequest": {
                "Item": {
                    "id": {
                        "S": "125385"
                    },
                    "title": {
                        "S": "Trust Me (2010)"
                    },
                    "genres": {
                        "S": "(no genres listed)"
                    }
                }
            }
        },
        {
            "PutRequest": {
                "Item": {
                    "id": {
                        "S": "125387"
                    },
                    "title": {
                        "S": "Hail Caesar (1994)"
                    },
                    "genres": {
                        "S": "Comedy"
                    }
                }
            }
        },
        {
            "PutRequest": {
                "Item": {
                    "id": {
                        "S": "125389"
                    },
                    "title": {
                        "S": "The Gong Show Movie (1980)"
                    },
                    "genres": {
                        "S": "Comedy"
                    }
                }
            }
        },
        {
            "PutRequest": {
                "Item": {
                    "id": {
                        "S": "125391"
                    },
                    "title": {
                        "S": "Saturday Morning Mystery (2012)"
                    },
                    "genres": {
                        "S": "Comedy|Horror"
                    }
                }
            }
        },
        {
            "PutRequest": {
                "Item": {
                    "id": {
                        "S": "125393"
                    },
                    "title": {
                        "S": "Ride, Vaquero! (1953)"
                    },
                    "genres": {
                        "S": "Western"
                    }
                }
            }
        },
        {
            "PutRequest": {
                "Item": {
                    "id": {
                        "S": "125395"
                    },
                    "title": {
                        "S": "Lullaby of Broadway (1951)"
                    },
                    "genres": {
                        "S": "Romance"
                    }
                }
            }
        },
        {
            "PutRequest": {
                "Item": {
                    "id": {
                        "S": "125397"
                    },
                    "title": {
                        "S": "The Virginian (1946)"
                    },
                    "genres": {
                        "S": "Romance|Western"
                    }
                }
            }
        },
        {
            "PutRequest": {
                "Item": {
                    "id": {
                        "S": "125399"
                    },
                    "title": {
                        "S": "The Story of Alexander Graham Bell (1939)"
                    },
                    "genres": {
                        "S": "Drama"
                    }
                }
            }
        },
        {
            "PutRequest": {
                "Item": {
                    "id": {
                        "S": "125401"
                    },
                    "title": {
                        "S": "Hansel and Gretel (1987)"
                    },
                    "genres": {
                        "S": "Children|Fantasy"
                    }
                }
            }
        },
        {
            "PutRequest": {
                "Item": {
                    "id": {
                        "S": "125403"
                    },
                    "title": {
                        "S": "Phantom Punch (2009)"
                    },
                    "genres": {
                        "S": "Drama"
                    }
                }
            }
        },
        {
            "PutRequest": {
                "Item": {
                    "id": {
                        "S": "125405"
                    },
                    "title": {
                        "S": "Hot Saturday (1932)"
                    },
                    "genres": {
                        "S": "Drama"
                    }
                }
            }
        },
        {
            "PutRequest": {
                "Item": {
                    "id": {
                        "S": "125407"
                    },
                    "title": {
                        "S": "Only The Brave (2006)"
                    },
                    "genres": {
                        "S": "Action|Drama"
                    }
                }
            }
        },
        {
            "PutRequest": {
                "Item": {
                    "id": {
                        "S": "125409"
                    },
                    "title": {
                        "S": "Robin of Locksley (1996)"
                    },
                    "genres": {
                        "S": "Adventure|Drama"
                    }
                }
            }
        },
        {
            "PutRequest": {
                "Item": {
                    "id": {
                        "S": "125411"
                    },
                    "title": {
                        "S": "The Men's Club (1986)"
                    },
                    "genres": {
                        "S": "Drama"
                    }
                }
            }
        },
        {
            "PutRequest": {
                "Item": {
                    "id": {
                        "S": "125413"
                    },
                    "title": {
                        "S": "Soul Power (2008)"
                    },
                    "genres": {
                        "S": "Documentary"
                    }
                }
            }
        },
        {
            "PutRequest": {
                "Item": {
                    "id": {
                        "S": "125415"
                    },
                    "title": {
                        "S": "The Waiting City (2010)"
                    },
                    "genres": {
                        "S": "Drama|Romance"
                    }
                }
            }
        },
        {
            "PutRequest": {
                "Item": {
                    "id": {
                        "S": "125417"
                    },
                    "title": {
                        "S": "Stars and Stripes Forever (1952)"
                    },
                    "genres": {
                        "S": "Drama"
                    }
                }
            }
        }
    ]
}