{
    "movies": [
        {
            "PutRequest": {
                "Item": {
                    "id": {
                        "S": "3573"
                    },
                    "title": {
                        "S": "Carnosaur 2 (1995)"
                    },
                    "genres": {
                        "S": "Horror|Sci-Fi"
                    }
                }
            }
        },
        {
            "PutRequest": {
                "Item": {
                    "id": {
                        "S": "3574"
                    },
                    "title": {
                        "S": "Carnosaur 3: Primal Species (1996)"
                    },
                    "genres": {
                        "S": "Horror|Sci-Fi"
                    }
                }
            }
        },
        {
            "PutRequest": {
                "Item": {
                    "id": {
                        "S": "3575"
                    },
                    "title": {
                        "S": "Defying Gravity (1997)"
                    },
                    "genres": {
                        "S": "Drama"
                    }
                }
            }
        },
        {
            "PutRequest": {
                "Item": {
                    "id": {
                        "S": "3576"
                    },
                    "title": {
                        "S": "Hidden, The (1987)"
                    },
                    "genres": {
                        "S": "Action|Horror|Sci-Fi"
                    }
                }
            }
        },
        {
            "PutRequest": {
                "Item": {
                    "id": {
                        "S": "3577"
                    },
                    "title": {
                        "S": "Two Moon Junction (1988)"
                    },
                    "genres": {
                        "S": "Drama|Romance"
                    }
                }
            }
        },
        {
            "PutRequest": {
                "Item": {
                    "id": {
                        "S": "3578"
                    },
                    "title": {
                        "S": "Gladiator (2000)"
                    },
                    "genres": {
                        "S": "Action|Adventure|Drama"
                    }
                }
            }
        },
        {
            "PutRequest": {
                "Item": {
                    "id": {
                        "S": "3579"
                    },
                    "title": {
                        "S": "I Dreamed of Africa (2000)"
                    },
                    "genres": {
                        "S": "Drama"
                    }
                }
            }
        },
        {
            "PutRequest": {
                "Item": {
                    "id": {
                        "S": "3580"
                    },
                    "title": {
                        "S": "Up at the Villa (2000)"
                    },
                    "genres": {
                        "S": "Drama"
                    }
                }
            }
        },
        {
            "PutRequest": {
                "Item": {
                    "id": {
                        "S": "3581"
                    },
                    "title": {
                        "S": "Human Traffic (1999)"
                    },
                    "genres": {
                        "S": "Comedy"
                    }
                }
            }
        },
        {
            "PutRequest": {
                "Item": {
                    "id": {
                        "S": "3582"
                    },
                    "title": {
                        "S": "Jails, Hospitals & Hip-Hop (2000)"
                    },
                    "genres": {
                        "S": "Comedy|Documentary|Drama"
                    }
                }
            }
        },
        {
            "PutRequest": {
                "Item": {
                    "id": {
                        "S": "3583"
                    },
                    "title": {
                        "S": "Black Tights (1-2-3-4 ou Les Collants noirs) (1960)"
                    },
                    "genres": {
                        "S": "Drama|Musical"
                    }
                }
            }
        },
        {
            "PutRequest": {
                "Item": {
                    "id": {
                        "S": "3584"
                    },
                    "title": {
                        "S": "Breathless (1983)"
                    },
                    "genres": {
                        "S": "Action|Drama|Romance|Thriller"
                    }
                }
            }
        },
        {
            "PutRequest": {
                "Item": {
                    "id": {
                        "S": "3585"
                    },
                    "title": {
                        "S": "Great Locomotive Chase, The (1956)"
                    },
                    "genres": {
                        "S": "Adventure|War"
                    }
                }
            }
        },
        {
            "PutRequest": {
                "Item": {
                    "id": {
                        "S": "3586"
                    },
                    "title": {
                        "S": "The Idolmaker (1980)"
                    },
                    "genres": {
                        "S": "Drama|Romance"
                    }
                }
            }
        },
        {
            "PutRequest": {
                "Item": {
                    "id": {
                        "S": "3587"
                    },
                    "title": {
                        "S": "Inferno (1980)"
                    },
                    "genres": {
                        "S": "Horror"
                    }
                }
            }
        },
        {
            "PutRequest": {
                "Item": {
                    "id": {
                        "S": "3588"
                    },
                    "title": {
                        "S": "King of Marvin Gardens, The (1972)"
                    },
                    "genres": {
                        "S": "Crime|Drama"
                    }
                }
            }
        },
        {
            "PutRequest": {
                "Item": {
                    "id": {
                        "S": "3589"
                    },
                    "title": {
                        "S": "Whom the Gods Wish to Destroy (Nibelungen, Teil 1: Siegfried, Die) (1966)"
                    },
                    "genres": {
                        "S": "Adventure|Fantasy"
                    }
                }
            }
        },
        {
            "PutRequest": {
                "Item": {
                    "id": {
                        "S": "3590"
                    },
                    "title": {
                        "S": "Lords of Flatbush, The (1974)"
                    },
                    "genres": {
                        "S": "Comedy|Drama"
                    }
                }
            }
        },
        {
            "PutRequest": {
                "Item": {
                    "id": {
                        "S": "3591"
                    },
                    "title": {
                        "S": "Mr. Mom (1983)"
                    },
                    "genres": {
                        "S": "Comedy|Drama"
                    }
                }
            }
        },
        {
            "PutRequest": {
                "Item": {
                    "id": {
                        "S": "3592"
                    },
                    "title": {
                        "S": "Time Masters (Ma\u00eetres du temps, Les) (1982)"
                    },
                    "genres": {
                        "S": "Animation|Sci-Fi"
                    }
                }
            }
        },
        {
            "PutRequest": {
                "Item": {
                    "id": {
                        "S": "3593"
                    },
                    "title": {
                        "S": "Battlefield Earth (2000)"
                    },
                    "genres": {
                        "S": "Action|Sci-Fi"
                    }
                }
            }
        },
        {
            "PutRequest": {
                "Item": {
                    "id": {
                        "S": "3594"
                    },
                    "title": {
                        "S": "Center Stage (2000)"
                    },
                    "genres": {
                        "S": "Drama|Musical"
                    }
                }
            }
        },
        {
            "PutRequest": {
                "Item": {
                    "id": {
                        "S": "3595"
                    },
                    "title": {
                        "S": "Held Up (1999)"
                    },
                    "genres": {
                        "S": "Comedy"
                    }
                }
            }
        },
        {
            "PutRequest": {
                "Item": {
                    "id": {
                        "S": "3596"
                    },
                    "title": {
                        "S": "Screwed (2000)"
                    },
                    "genres": {
                        "S": "Comedy"
                    }
                }
            }
        },
        {
            "PutRequest": {
                "Item": {
                    "id": {
                        "S": "3597"
                    },
                    "title": {
                        "S": "Whipped (2000)"
                    },
                    "genres": {
                        "S": "Comedy"
                    }
                }
            }
        }
    ]
}