{
    "movies": [
        {
            "PutRequest": {
                "Item": {
                    "id": {
                        "S": "133127"
                    },
                    "title": {
                        "S": "Barbie of Swan Lake (2003)"
                    },
                    "genres": {
                        "S": "Animation|Children"
                    }
                }
            }
        },
        {
            "PutRequest": {
                "Item": {
                    "id": {
                        "S": "133129"
                    },
                    "title": {
                        "S": "Barbie in Princess Power (2015)"
                    },
                    "genres": {
                        "S": "Animation|Children"
                    }
                }
            }
        },
        {
            "PutRequest": {
                "Item": {
                    "id": {
                        "S": "133131"
                    },
                    "title": {
                        "S": "Barbie Diaries (2005)"
                    },
                    "genres": {
                        "S": "Animation|Children"
                    }
                }
            }
        },
        {
            "PutRequest": {
                "Item": {
                    "id": {
                        "S": "133133"
                    },
                    "title": {
                        "S": "Barbie: Princess Charm School (2011)"
                    },
                    "genres": {
                        "S": "Animation|Children|Fantasy"
                    }
                }
            }
        },
        {
            "PutRequest": {
                "Item": {
                    "id": {
                        "S": "133135"
                    },
                    "title": {
                        "S": "Barbie and the Secret Door (2014)"
                    },
                    "genres": {
                        "S": "Adventure|Animation|Children|Fantasy"
                    }
                }
            }
        },
        {
            "PutRequest": {
                "Item": {
                    "id": {
                        "S": "133137"
                    },
                    "title": {
                        "S": "Barbie: A Fairy Secret (2011)"
                    },
                    "genres": {
                        "S": "Animation|Children|Fantasy"
                    }
                }
            }
        },
        {
            "PutRequest": {
                "Item": {
                    "id": {
                        "S": "133139"
                    },
                    "title": {
                        "S": "Barbie in the 12 Dancing Princesses (2006)"
                    },
                    "genres": {
                        "S": "Animation|Children"
                    }
                }
            }
        },
        {
            "PutRequest": {
                "Item": {
                    "id": {
                        "S": "133141"
                    },
                    "title": {
                        "S": "Barbie: The Princess & The Popstar (2012)"
                    },
                    "genres": {
                        "S": "Animation|Children"
                    }
                }
            }
        },
        {
            "PutRequest": {
                "Item": {
                    "id": {
                        "S": "133143"
                    },
                    "title": {
                        "S": "Barbie and the Diamond Castle (2008)"
                    },
                    "genres": {
                        "S": "Animation|Children"
                    }
                }
            }
        },
        {
            "PutRequest": {
                "Item": {
                    "id": {
                        "S": "133145"
                    },
                    "title": {
                        "S": "Barbie in A Mermaid Tale (2010)"
                    },
                    "genres": {
                        "S": "Animation|Children|Fantasy"
                    }
                }
            }
        },
        {
            "PutRequest": {
                "Item": {
                    "id": {
                        "S": "133147"
                    },
                    "title": {
                        "S": "Barbie as the Island Princess (2007)"
                    },
                    "genres": {
                        "S": "Animation|Children"
                    }
                }
            }
        },
        {
            "PutRequest": {
                "Item": {
                    "id": {
                        "S": "133149"
                    },
                    "title": {
                        "S": "Barbie in A Mermaid Tale 2 (2012)"
                    },
                    "genres": {
                        "S": "Animation|Children"
                    }
                }
            }
        },
        {
            "PutRequest": {
                "Item": {
                    "id": {
                        "S": "133151"
                    },
                    "title": {
                        "S": "Barbie and the Three Musketeers (2009)"
                    },
                    "genres": {
                        "S": "Animation|Children"
                    }
                }
            }
        },
        {
            "PutRequest": {
                "Item": {
                    "id": {
                        "S": "133153"
                    },
                    "title": {
                        "S": "Barbie in the Pink Shoes (2013)"
                    },
                    "genres": {
                        "S": "Animation|Children"
                    }
                }
            }
        },
        {
            "PutRequest": {
                "Item": {
                    "id": {
                        "S": "133155"
                    },
                    "title": {
                        "S": "Barbie in 'A Christmas Carol' (2008)"
                    },
                    "genres": {
                        "S": "Animation|Children"
                    }
                }
            }
        },
        {
            "PutRequest": {
                "Item": {
                    "id": {
                        "S": "133157"
                    },
                    "title": {
                        "S": "Barbie: The Pearl Princess (2014)"
                    },
                    "genres": {
                        "S": "Animation|Children"
                    }
                }
            }
        },
        {
            "PutRequest": {
                "Item": {
                    "id": {
                        "S": "133159"
                    },
                    "title": {
                        "S": "Barbie: Mariposa and The Fairy Princess (2013)"
                    },
                    "genres": {
                        "S": "Animation|Children|Fantasy"
                    }
                }
            }
        },
        {
            "PutRequest": {
                "Item": {
                    "id": {
                        "S": "133161"
                    },
                    "title": {
                        "S": "Barbie Presents: Thumbelina (2009)"
                    },
                    "genres": {
                        "S": "Animation|Children"
                    }
                }
            }
        },
        {
            "PutRequest": {
                "Item": {
                    "id": {
                        "S": "133163"
                    },
                    "title": {
                        "S": "Barbie Fairytopia: Magic of the Rainbow (2007)"
                    },
                    "genres": {
                        "S": "Animation|Children|Fantasy|Romance"
                    }
                }
            }
        },
        {
            "PutRequest": {
                "Item": {
                    "id": {
                        "S": "133165"
                    },
                    "title": {
                        "S": "Barbie Fairytopia: Mermaidia (2006)"
                    },
                    "genres": {
                        "S": "Adventure|Animation|Children|Fantasy"
                    }
                }
            }
        },
        {
            "PutRequest": {
                "Item": {
                    "id": {
                        "S": "133167"
                    },
                    "title": {
                        "S": "Barbie as Rapunzel (2002)"
                    },
                    "genres": {
                        "S": "Animation|Children"
                    }
                }
            }
        },
        {
            "PutRequest": {
                "Item": {
                    "id": {
                        "S": "133169"
                    },
                    "title": {
                        "S": "Barbie and the Magic of Pegasus 3-D (2005)"
                    },
                    "genres": {
                        "S": "Animation|Children|Romance"
                    }
                }
            }
        },
        {
            "PutRequest": {
                "Item": {
                    "id": {
                        "S": "133171"
                    },
                    "title": {
                        "S": "Barbie & Her Sisters in A Pony Tale (2013)"
                    },
                    "genres": {
                        "S": "Animation|Children"
                    }
                }
            }
        },
        {
            "PutRequest": {
                "Item": {
                    "id": {
                        "S": "133173"
                    },
                    "title": {
                        "S": "Barbie Mariposa and Her Butterfly Fairy Friends (2008)"
                    },
                    "genres": {
                        "S": "Animation|Children|Fantasy"
                    }
                }
            }
        },
        {
            "PutRequest": {
                "Item": {
                    "id": {
                        "S": "133175"
                    },
                    "title": {
                        "S": "Barbie and the Rockers: Out Of This World (1987)"
                    },
                    "genres": {
                        "S": "Animation"
                    }
                }
            }
        }
    ]
}