{
    "movies": [
        {
            "PutRequest": {
                "Item": {
                    "id": {
                        "S": "139763"
                    },
                    "title": {
                        "S": "The Deceased (1965)"
                    },
                    "genres": {
                        "S": "(no genres listed)"
                    }
                }
            }
        },
        {
            "PutRequest": {
                "Item": {
                    "id": {
                        "S": "139765"
                    },
                    "title": {
                        "S": "For Here or to Go? (2015)"
                    },
                    "genres": {
                        "S": "(no genres listed)"
                    }
                }
            }
        },
        {
            "PutRequest": {
                "Item": {
                    "id": {
                        "S": "139769"
                    },
                    "title": {
                        "S": "Erotic Ghost Story (1987)"
                    },
                    "genres": {
                        "S": "Drama"
                    }
                }
            }
        },
        {
            "PutRequest": {
                "Item": {
                    "id": {
                        "S": "139771"
                    },
                    "title": {
                        "S": "Chloe and Theo (2015)"
                    },
                    "genres": {
                        "S": "Drama"
                    }
                }
            }
        },
        {
            "PutRequest": {
                "Item": {
                    "id": {
                        "S": "139773"
                    },
                    "title": {
                        "S": "The Burning Dead (2015)"
                    },
                    "genres": {
                        "S": "Horror"
                    }
                }
            }
        },
        {
            "PutRequest": {
                "Item": {
                    "id": {
                        "S": "139775"
                    },
                    "title": {
                        "S": "I Am Big Bird: The Caroll Spinney Story (2014)"
                    },
                    "genres": {
                        "S": "Documentary"
                    }
                }
            }
        },
        {
            "PutRequest": {
                "Item": {
                    "id": {
                        "S": "139777"
                    },
                    "title": {
                        "S": "Forks Over Knives Presents: The Engine 2 Kitchen Rescue (2011)"
                    },
                    "genres": {
                        "S": "Documentary"
                    }
                }
            }
        },
        {
            "PutRequest": {
                "Item": {
                    "id": {
                        "S": "139779"
                    },
                    "title": {
                        "S": "The Phoenix Project (2015)"
                    },
                    "genres": {
                        "S": "Drama|Sci-Fi"
                    }
                }
            }
        },
        {
            "PutRequest": {
                "Item": {
                    "id": {
                        "S": "139781"
                    },
                    "title": {
                        "S": "Cocaine Unwrapped (2012)"
                    },
                    "genres": {
                        "S": "Documentary"
                    }
                }
            }
        },
        {
            "PutRequest": {
                "Item": {
                    "id": {
                        "S": "139783"
                    },
                    "title": {
                        "S": "Eugene Mirman: Vegan on His Way to the Complain Store (2015)"
                    },
                    "genres": {
                        "S": "Comedy"
                    }
                }
            }
        },
        {
            "PutRequest": {
                "Item": {
                    "id": {
                        "S": "139785"
                    },
                    "title": {
                        "S": "The Last Lullaby (2008)"
                    },
                    "genres": {
                        "S": "Mystery|Thriller"
                    }
                }
            }
        },
        {
            "PutRequest": {
                "Item": {
                    "id": {
                        "S": "139789"
                    },
                    "title": {
                        "S": "Filomena Marturano (1951)"
                    },
                    "genres": {
                        "S": "Comedy"
                    }
                }
            }
        },
        {
            "PutRequest": {
                "Item": {
                    "id": {
                        "S": "139791"
                    },
                    "title": {
                        "S": "Book of Numbers (1973)"
                    },
                    "genres": {
                        "S": "Crime|Drama"
                    }
                }
            }
        },
        {
            "PutRequest": {
                "Item": {
                    "id": {
                        "S": "139793"
                    },
                    "title": {
                        "S": "Walk Cheerfully (1930)"
                    },
                    "genres": {
                        "S": "(no genres listed)"
                    }
                }
            }
        },
        {
            "PutRequest": {
                "Item": {
                    "id": {
                        "S": "139795"
                    },
                    "title": {
                        "S": "Hard Luck (1921)"
                    },
                    "genres": {
                        "S": "Comedy"
                    }
                }
            }
        },
        {
            "PutRequest": {
                "Item": {
                    "id": {
                        "S": "139797"
                    },
                    "title": {
                        "S": "Smosh: The Movie (2015)"
                    },
                    "genres": {
                        "S": "Action|Adventure|Comedy"
                    }
                }
            }
        },
        {
            "PutRequest": {
                "Item": {
                    "id": {
                        "S": "139799"
                    },
                    "title": {
                        "S": "The Skulls II (2002)"
                    },
                    "genres": {
                        "S": "Action|Comedy|Romance|Thriller"
                    }
                }
            }
        },
        {
            "PutRequest": {
                "Item": {
                    "id": {
                        "S": "139801"
                    },
                    "title": {
                        "S": "The Skulls III (2004)"
                    },
                    "genres": {
                        "S": "Thriller"
                    }
                }
            }
        },
        {
            "PutRequest": {
                "Item": {
                    "id": {
                        "S": "139803"
                    },
                    "title": {
                        "S": "Marina (2013)"
                    },
                    "genres": {
                        "S": "Drama|Romance"
                    }
                }
            }
        },
        {
            "PutRequest": {
                "Item": {
                    "id": {
                        "S": "139805"
                    },
                    "title": {
                        "S": "Bad Turn Worse (2014)"
                    },
                    "genres": {
                        "S": "Crime|Drama|Thriller"
                    }
                }
            }
        },
        {
            "PutRequest": {
                "Item": {
                    "id": {
                        "S": "139807"
                    },
                    "title": {
                        "S": "Firequake (2014)"
                    },
                    "genres": {
                        "S": "Action|Sci-Fi|Thriller"
                    }
                }
            }
        },
        {
            "PutRequest": {
                "Item": {
                    "id": {
                        "S": "139811"
                    },
                    "title": {
                        "S": "Dog Eat Dog (2009)"
                    },
                    "genres": {
                        "S": "Action|Drama|Romance|Thriller"
                    }
                }
            }
        },
        {
            "PutRequest": {
                "Item": {
                    "id": {
                        "S": "139813"
                    },
                    "title": {
                        "S": "Sand Castles (2014)"
                    },
                    "genres": {
                        "S": "Crime|Drama|Thriller"
                    }
                }
            }
        },
        {
            "PutRequest": {
                "Item": {
                    "id": {
                        "S": "139815"
                    },
                    "title": {
                        "S": "Skeeter (1993)"
                    },
                    "genres": {
                        "S": "Horror|Sci-Fi|Thriller"
                    }
                }
            }
        },
        {
            "PutRequest": {
                "Item": {
                    "id": {
                        "S": "139817"
                    },
                    "title": {
                        "S": "Doors Open (2012)"
                    },
                    "genres": {
                        "S": "Crime|Drama"
                    }
                }
            }
        }
    ]
}