{
    "movies": [
        {
            "PutRequest": {
                "Item": {
                    "id": {
                        "S": "135055"
                    },
                    "title": {
                        "S": "The End of a Mystery (2003)"
                    },
                    "genres": {
                        "S": "Drama"
                    }
                }
            }
        },
        {
            "PutRequest": {
                "Item": {
                    "id": {
                        "S": "135057"
                    },
                    "title": {
                        "S": "De Vliegende Hollander (1995)"
                    },
                    "genres": {
                        "S": "(no genres listed)"
                    }
                }
            }
        },
        {
            "PutRequest": {
                "Item": {
                    "id": {
                        "S": "135061"
                    },
                    "title": {
                        "S": "In nome del popolo sovrano (1990)"
                    },
                    "genres": {
                        "S": "(no genres listed)"
                    }
                }
            }
        },
        {
            "PutRequest": {
                "Item": {
                    "id": {
                        "S": "135065"
                    },
                    "title": {
                        "S": "Complexes (1965)"
                    },
                    "genres": {
                        "S": "(no genres listed)"
                    }
                }
            }
        },
        {
            "PutRequest": {
                "Item": {
                    "id": {
                        "S": "135067"
                    },
                    "title": {
                        "S": "Il Gaucho (1964)"
                    },
                    "genres": {
                        "S": "Comedy"
                    }
                }
            }
        },
        {
            "PutRequest": {
                "Item": {
                    "id": {
                        "S": "135069"
                    },
                    "title": {
                        "S": "Questa volta parliamo di uomini (1965)"
                    },
                    "genres": {
                        "S": "Comedy"
                    }
                }
            }
        },
        {
            "PutRequest": {
                "Item": {
                    "id": {
                        "S": "135071"
                    },
                    "title": {
                        "S": "The Dolls (1965)"
                    },
                    "genres": {
                        "S": "Comedy|Romance"
                    }
                }
            }
        },
        {
            "PutRequest": {
                "Item": {
                    "id": {
                        "S": "135073"
                    },
                    "title": {
                        "S": "High Infidelity (1964)"
                    },
                    "genres": {
                        "S": "(no genres listed)"
                    }
                }
            }
        },
        {
            "PutRequest": {
                "Item": {
                    "id": {
                        "S": "135077"
                    },
                    "title": {
                        "S": "La Parmigiana (1963)"
                    },
                    "genres": {
                        "S": "(no genres listed)"
                    }
                }
            }
        },
        {
            "PutRequest": {
                "Item": {
                    "id": {
                        "S": "135079"
                    },
                    "title": {
                        "S": "I Motorizzati (1962)"
                    },
                    "genres": {
                        "S": "(no genres listed)"
                    }
                }
            }
        },
        {
            "PutRequest": {
                "Item": {
                    "id": {
                        "S": "135081"
                    },
                    "title": {
                        "S": "Circo (2011)"
                    },
                    "genres": {
                        "S": "Documentary"
                    }
                }
            }
        },
        {
            "PutRequest": {
                "Item": {
                    "id": {
                        "S": "135083"
                    },
                    "title": {
                        "S": "Anni ruggenti (1962)"
                    },
                    "genres": {
                        "S": "(no genres listed)"
                    }
                }
            }
        },
        {
            "PutRequest": {
                "Item": {
                    "id": {
                        "S": "135085"
                    },
                    "title": {
                        "S": "On the Tiger's Back (1961)"
                    },
                    "genres": {
                        "S": "Comedy|Drama"
                    }
                }
            }
        },
        {
            "PutRequest": {
                "Item": {
                    "id": {
                        "S": "135087"
                    },
                    "title": {
                        "S": "The Last Judgment (1961)"
                    },
                    "genres": {
                        "S": "(no genres listed)"
                    }
                }
            }
        },
        {
            "PutRequest": {
                "Item": {
                    "id": {
                        "S": "135095"
                    },
                    "title": {
                        "S": "Tot\u00f2, Fabrizi e i giovani d'oggi (1960)"
                    },
                    "genres": {
                        "S": "Comedy"
                    }
                }
            }
        },
        {
            "PutRequest": {
                "Item": {
                    "id": {
                        "S": "135097"
                    },
                    "title": {
                        "S": "L'Impiegato (1960)"
                    },
                    "genres": {
                        "S": "Comedy"
                    }
                }
            }
        },
        {
            "PutRequest": {
                "Item": {
                    "id": {
                        "S": "135099"
                    },
                    "title": {
                        "S": "Fiasco in Milan (1959)"
                    },
                    "genres": {
                        "S": "Comedy"
                    }
                }
            }
        },
        {
            "PutRequest": {
                "Item": {
                    "id": {
                        "S": "135103"
                    },
                    "title": {
                        "S": "Venice, the Moon and You (1958)"
                    },
                    "genres": {
                        "S": "Comedy"
                    }
                }
            }
        },
        {
            "PutRequest": {
                "Item": {
                    "id": {
                        "S": "135105"
                    },
                    "title": {
                        "S": "Adorabili e bugiarde (1958)"
                    },
                    "genres": {
                        "S": "(no genres listed)"
                    }
                }
            }
        },
        {
            "PutRequest": {
                "Item": {
                    "id": {
                        "S": "135113"
                    },
                    "title": {
                        "S": "Edie & Thea: A Very Long Engagement (2009)"
                    },
                    "genres": {
                        "S": "Children|Documentary|Drama|Romance"
                    }
                }
            }
        },
        {
            "PutRequest": {
                "Item": {
                    "id": {
                        "S": "135115"
                    },
                    "title": {
                        "S": "Men Who Swim (2010)"
                    },
                    "genres": {
                        "S": "Documentary"
                    }
                }
            }
        },
        {
            "PutRequest": {
                "Item": {
                    "id": {
                        "S": "135117"
                    },
                    "title": {
                        "S": "Before Stonewall (1984)"
                    },
                    "genres": {
                        "S": "Documentary"
                    }
                }
            }
        },
        {
            "PutRequest": {
                "Item": {
                    "id": {
                        "S": "135119"
                    },
                    "title": {
                        "S": "Iphigenia (1977)"
                    },
                    "genres": {
                        "S": "Action|Drama"
                    }
                }
            }
        },
        {
            "PutRequest": {
                "Item": {
                    "id": {
                        "S": "135121"
                    },
                    "title": {
                        "S": "Big Time (1989)"
                    },
                    "genres": {
                        "S": "Documentary|Drama|Romance"
                    }
                }
            }
        },
        {
            "PutRequest": {
                "Item": {
                    "id": {
                        "S": "135123"
                    },
                    "title": {
                        "S": "Jess + Moss (2011)"
                    },
                    "genres": {
                        "S": "Drama|Romance"
                    }
                }
            }
        }
    ]
}