{
    "movies": [
        {
            "PutRequest": {
                "Item": {
                    "id": {
                        "S": "133227"
                    },
                    "title": {
                        "S": "Billy the Kid (1930)"
                    },
                    "genres": {
                        "S": "Drama|Romance|Western"
                    }
                }
            }
        },
        {
            "PutRequest": {
                "Item": {
                    "id": {
                        "S": "133229"
                    },
                    "title": {
                        "S": "Court (2014)"
                    },
                    "genres": {
                        "S": "(no genres listed)"
                    }
                }
            }
        },
        {
            "PutRequest": {
                "Item": {
                    "id": {
                        "S": "133231"
                    },
                    "title": {
                        "S": "The Secret Lives of Dorks (2013)"
                    },
                    "genres": {
                        "S": "Comedy"
                    }
                }
            }
        },
        {
            "PutRequest": {
                "Item": {
                    "id": {
                        "S": "133233"
                    },
                    "title": {
                        "S": "Run & Jump (2014)"
                    },
                    "genres": {
                        "S": "Drama"
                    }
                }
            }
        },
        {
            "PutRequest": {
                "Item": {
                    "id": {
                        "S": "133235"
                    },
                    "title": {
                        "S": "A Fighting Man (2014)"
                    },
                    "genres": {
                        "S": "Drama"
                    }
                }
            }
        },
        {
            "PutRequest": {
                "Item": {
                    "id": {
                        "S": "133237"
                    },
                    "title": {
                        "S": "The Last Sentence (2012)"
                    },
                    "genres": {
                        "S": "Drama"
                    }
                }
            }
        },
        {
            "PutRequest": {
                "Item": {
                    "id": {
                        "S": "133239"
                    },
                    "title": {
                        "S": "When Comedy Went to School (2013)"
                    },
                    "genres": {
                        "S": "Comedy|Documentary|Drama"
                    }
                }
            }
        },
        {
            "PutRequest": {
                "Item": {
                    "id": {
                        "S": "133241"
                    },
                    "title": {
                        "S": "Jimmy P.: Psychotherapy of a Plains Indian (2013)"
                    },
                    "genres": {
                        "S": "Drama"
                    }
                }
            }
        },
        {
            "PutRequest": {
                "Item": {
                    "id": {
                        "S": "133243"
                    },
                    "title": {
                        "S": "Call + Response (2008)"
                    },
                    "genres": {
                        "S": "(no genres listed)"
                    }
                }
            }
        },
        {
            "PutRequest": {
                "Item": {
                    "id": {
                        "S": "133255"
                    },
                    "title": {
                        "S": "Regret (2013)"
                    },
                    "genres": {
                        "S": "Drama"
                    }
                }
            }
        },
        {
            "PutRequest": {
                "Item": {
                    "id": {
                        "S": "133259"
                    },
                    "title": {
                        "S": "Yasmin (2004)"
                    },
                    "genres": {
                        "S": "Drama"
                    }
                }
            }
        },
        {
            "PutRequest": {
                "Item": {
                    "id": {
                        "S": "133262"
                    },
                    "title": {
                        "S": "Bluebird (2014)"
                    },
                    "genres": {
                        "S": "Drama"
                    }
                }
            }
        },
        {
            "PutRequest": {
                "Item": {
                    "id": {
                        "S": "133264"
                    },
                    "title": {
                        "S": "Charlie Bubbles (1967)"
                    },
                    "genres": {
                        "S": "(no genres listed)"
                    }
                }
            }
        },
        {
            "PutRequest": {
                "Item": {
                    "id": {
                        "S": "133266"
                    },
                    "title": {
                        "S": "Man About the House (1974)"
                    },
                    "genres": {
                        "S": "Comedy"
                    }
                }
            }
        },
        {
            "PutRequest": {
                "Item": {
                    "id": {
                        "S": "133268"
                    },
                    "title": {
                        "S": "George & Mildred (1980)"
                    },
                    "genres": {
                        "S": "Comedy"
                    }
                }
            }
        },
        {
            "PutRequest": {
                "Item": {
                    "id": {
                        "S": "133270"
                    },
                    "title": {
                        "S": "One Little Pill (2014)"
                    },
                    "genres": {
                        "S": "Documentary|Drama"
                    }
                }
            }
        },
        {
            "PutRequest": {
                "Item": {
                    "id": {
                        "S": "133272"
                    },
                    "title": {
                        "S": "The Killing Kind (1973)"
                    },
                    "genres": {
                        "S": "Horror"
                    }
                }
            }
        },
        {
            "PutRequest": {
                "Item": {
                    "id": {
                        "S": "133274"
                    },
                    "title": {
                        "S": "Bukowski: The Last Straw (1980)"
                    },
                    "genres": {
                        "S": "Documentary"
                    }
                }
            }
        },
        {
            "PutRequest": {
                "Item": {
                    "id": {
                        "S": "133276"
                    },
                    "title": {
                        "S": "The Dead Lands"
                    },
                    "genres": {
                        "S": "Action"
                    }
                }
            }
        },
        {
            "PutRequest": {
                "Item": {
                    "id": {
                        "S": "133279"
                    },
                    "title": {
                        "S": "Two Raging Grannies (2013)"
                    },
                    "genres": {
                        "S": "Documentary"
                    }
                }
            }
        },
        {
            "PutRequest": {
                "Item": {
                    "id": {
                        "S": "133281"
                    },
                    "title": {
                        "S": "Ricki and the Flash (2015)"
                    },
                    "genres": {
                        "S": "Comedy|Drama"
                    }
                }
            }
        },
        {
            "PutRequest": {
                "Item": {
                    "id": {
                        "S": "133283"
                    },
                    "title": {
                        "S": "Lignes de Front (2010)"
                    },
                    "genres": {
                        "S": "Drama"
                    }
                }
            }
        },
        {
            "PutRequest": {
                "Item": {
                    "id": {
                        "S": "133285"
                    },
                    "title": {
                        "S": "Back Issues: The Hustler Magazine Story (2014)"
                    },
                    "genres": {
                        "S": "Documentary|Drama"
                    }
                }
            }
        },
        {
            "PutRequest": {
                "Item": {
                    "id": {
                        "S": "133287"
                    },
                    "title": {
                        "S": "Kissinger (2011)"
                    },
                    "genres": {
                        "S": "Documentary"
                    }
                }
            }
        },
        {
            "PutRequest": {
                "Item": {
                    "id": {
                        "S": "133289"
                    },
                    "title": {
                        "S": "100 Degrees Below Zero (2013)"
                    },
                    "genres": {
                        "S": "Action|Sci-Fi"
                    }
                }
            }
        }
    ]
}