{
    "movies": [
        {
            "PutRequest": {
                "Item": {
                    "id": {
                        "S": "141986"
                    },
                    "title": {
                        "S": "Santa Baby 2 (2009)"
                    },
                    "genres": {
                        "S": "Children|Comedy"
                    }
                }
            }
        },
        {
            "PutRequest": {
                "Item": {
                    "id": {
                        "S": "141988"
                    },
                    "title": {
                        "S": "The Coed and the Zombie Stoner (2014)"
                    },
                    "genres": {
                        "S": "Comedy"
                    }
                }
            }
        },
        {
            "PutRequest": {
                "Item": {
                    "id": {
                        "S": "141990"
                    },
                    "title": {
                        "S": "Wildeye (2015)"
                    },
                    "genres": {
                        "S": "(no genres listed)"
                    }
                }
            }
        },
        {
            "PutRequest": {
                "Item": {
                    "id": {
                        "S": "141992"
                    },
                    "title": {
                        "S": "Lasting (2013)"
                    },
                    "genres": {
                        "S": "Drama|Romance"
                    }
                }
            }
        },
        {
            "PutRequest": {
                "Item": {
                    "id": {
                        "S": "141994"
                    },
                    "title": {
                        "S": "Saving Christmas (2014)"
                    },
                    "genres": {
                        "S": "Children|Comedy"
                    }
                }
            }
        },
        {
            "PutRequest": {
                "Item": {
                    "id": {
                        "S": "141996"
                    },
                    "title": {
                        "S": "The Possessed (1965)"
                    },
                    "genres": {
                        "S": "Crime|Drama|Mystery"
                    }
                }
            }
        },
        {
            "PutRequest": {
                "Item": {
                    "id": {
                        "S": "141998"
                    },
                    "title": {
                        "S": "Pride and Vengeance (1967)"
                    },
                    "genres": {
                        "S": "Action|Drama|Romance|Western"
                    }
                }
            }
        },
        {
            "PutRequest": {
                "Item": {
                    "id": {
                        "S": "142000"
                    },
                    "title": {
                        "S": "Blu Gang e vissero per sempre felici e ammazzati (1973)"
                    },
                    "genres": {
                        "S": "(no genres listed)"
                    }
                }
            }
        },
        {
            "PutRequest": {
                "Item": {
                    "id": {
                        "S": "142002"
                    },
                    "title": {
                        "S": "Young, Violent, Dangerous (1976)"
                    },
                    "genres": {
                        "S": "(no genres listed)"
                    }
                }
            }
        },
        {
            "PutRequest": {
                "Item": {
                    "id": {
                        "S": "142004"
                    },
                    "title": {
                        "S": "City Under Seige (1974)"
                    },
                    "genres": {
                        "S": "Crime|Thriller"
                    }
                }
            }
        },
        {
            "PutRequest": {
                "Item": {
                    "id": {
                        "S": "142008"
                    },
                    "title": {
                        "S": "La gorilla (1982)"
                    },
                    "genres": {
                        "S": "Comedy"
                    }
                }
            }
        },
        {
            "PutRequest": {
                "Item": {
                    "id": {
                        "S": "142010"
                    },
                    "title": {
                        "S": "The Last Warrior (1984)"
                    },
                    "genres": {
                        "S": "Action|Sci-Fi"
                    }
                }
            }
        },
        {
            "PutRequest": {
                "Item": {
                    "id": {
                        "S": "142012"
                    },
                    "title": {
                        "S": "The Double (1971)"
                    },
                    "genres": {
                        "S": "Mystery|Thriller"
                    }
                }
            }
        },
        {
            "PutRequest": {
                "Item": {
                    "id": {
                        "S": "142016"
                    },
                    "title": {
                        "S": "Ring of Death (1969)"
                    },
                    "genres": {
                        "S": "Crime|Drama"
                    }
                }
            }
        },
        {
            "PutRequest": {
                "Item": {
                    "id": {
                        "S": "142018"
                    },
                    "title": {
                        "S": "10,000 Dollars for a Massacre (1967)"
                    },
                    "genres": {
                        "S": "Western"
                    }
                }
            }
        },
        {
            "PutRequest": {
                "Item": {
                    "id": {
                        "S": "142020"
                    },
                    "title": {
                        "S": "Oscar (1967)"
                    },
                    "genres": {
                        "S": "Comedy"
                    }
                }
            }
        },
        {
            "PutRequest": {
                "Item": {
                    "id": {
                        "S": "142022"
                    },
                    "title": {
                        "S": "Johnny Yuma (1966)"
                    },
                    "genres": {
                        "S": "Action|Drama|Western"
                    }
                }
            }
        },
        {
            "PutRequest": {
                "Item": {
                    "id": {
                        "S": "142024"
                    },
                    "title": {
                        "S": "Seven Guns for Timothy (1966)"
                    },
                    "genres": {
                        "S": "Western"
                    }
                }
            }
        },
        {
            "PutRequest": {
                "Item": {
                    "id": {
                        "S": "142028"
                    },
                    "title": {
                        "S": "La sedia della felicit\u00e0 (2013)"
                    },
                    "genres": {
                        "S": "Comedy"
                    }
                }
            }
        },
        {
            "PutRequest": {
                "Item": {
                    "id": {
                        "S": "142030"
                    },
                    "title": {
                        "S": "Zid (2014)"
                    },
                    "genres": {
                        "S": "Romance|Thriller"
                    }
                }
            }
        },
        {
            "PutRequest": {
                "Item": {
                    "id": {
                        "S": "142032"
                    },
                    "title": {
                        "S": "The Transporter Refuelled (2015)"
                    },
                    "genres": {
                        "S": "Action|Crime|Thriller"
                    }
                }
            }
        },
        {
            "PutRequest": {
                "Item": {
                    "id": {
                        "S": "142034"
                    },
                    "title": {
                        "S": "Stan (2006)"
                    },
                    "genres": {
                        "S": "(no genres listed)"
                    }
                }
            }
        },
        {
            "PutRequest": {
                "Item": {
                    "id": {
                        "S": "142036"
                    },
                    "title": {
                        "S": "Liste noire (1995)"
                    },
                    "genres": {
                        "S": "Drama|Thriller"
                    }
                }
            }
        },
        {
            "PutRequest": {
                "Item": {
                    "id": {
                        "S": "142038"
                    },
                    "title": {
                        "S": "Redemption (2013)"
                    },
                    "genres": {
                        "S": "(no genres listed)"
                    }
                }
            }
        },
        {
            "PutRequest": {
                "Item": {
                    "id": {
                        "S": "142040"
                    },
                    "title": {
                        "S": "Artists Under the Big Top: Perplexed (1968)"
                    },
                    "genres": {
                        "S": "Drama"
                    }
                }
            }
        }
    ]
}