{
    "movies": [
        {
            "PutRequest": {
                "Item": {
                    "id": {
                        "S": "140481"
                    },
                    "title": {
                        "S": "Family Guy Presents: Something, Something, Something, Dark Side (2009)"
                    },
                    "genres": {
                        "S": "Animation|Comedy|Sci-Fi"
                    }
                }
            }
        },
        {
            "PutRequest": {
                "Item": {
                    "id": {
                        "S": "140483"
                    },
                    "title": {
                        "S": "Mary and Rhoda (2000)"
                    },
                    "genres": {
                        "S": "Comedy|Drama|Romance"
                    }
                }
            }
        },
        {
            "PutRequest": {
                "Item": {
                    "id": {
                        "S": "140485"
                    },
                    "title": {
                        "S": "Michael Jordan: An American Hero (1999)"
                    },
                    "genres": {
                        "S": "Drama"
                    }
                }
            }
        },
        {
            "PutRequest": {
                "Item": {
                    "id": {
                        "S": "140487"
                    },
                    "title": {
                        "S": "Come On, Get Happy: The Partridge Family Story (1999)"
                    },
                    "genres": {
                        "S": "(no genres listed)"
                    }
                }
            }
        },
        {
            "PutRequest": {
                "Item": {
                    "id": {
                        "S": "140489"
                    },
                    "title": {
                        "S": "Daydream Believers: The Monkees Story (2000)"
                    },
                    "genres": {
                        "S": "Documentary|Drama"
                    }
                }
            }
        },
        {
            "PutRequest": {
                "Item": {
                    "id": {
                        "S": "140491"
                    },
                    "title": {
                        "S": "Puff the Magic Dragon (1978)"
                    },
                    "genres": {
                        "S": "Animation|Children"
                    }
                }
            }
        },
        {
            "PutRequest": {
                "Item": {
                    "id": {
                        "S": "140493"
                    },
                    "title": {
                        "S": "Planet Outlaws (1953)"
                    },
                    "genres": {
                        "S": "Sci-Fi"
                    }
                }
            }
        },
        {
            "PutRequest": {
                "Item": {
                    "id": {
                        "S": "140495"
                    },
                    "title": {
                        "S": "The Shadow Strikes (1937)"
                    },
                    "genres": {
                        "S": "Mystery"
                    }
                }
            }
        },
        {
            "PutRequest": {
                "Item": {
                    "id": {
                        "S": "140497"
                    },
                    "title": {
                        "S": "Walk the Proud Land (1956)"
                    },
                    "genres": {
                        "S": "Western"
                    }
                }
            }
        },
        {
            "PutRequest": {
                "Item": {
                    "id": {
                        "S": "140499"
                    },
                    "title": {
                        "S": "Sailor Beware (1952)"
                    },
                    "genres": {
                        "S": "Comedy"
                    }
                }
            }
        },
        {
            "PutRequest": {
                "Item": {
                    "id": {
                        "S": "140501"
                    },
                    "title": {
                        "S": "Island of the Blue Dolphins (1964)"
                    },
                    "genres": {
                        "S": "Children|Drama"
                    }
                }
            }
        },
        {
            "PutRequest": {
                "Item": {
                    "id": {
                        "S": "140503"
                    },
                    "title": {
                        "S": "The Biscuit Eater (1972)"
                    },
                    "genres": {
                        "S": "Children|Drama"
                    }
                }
            }
        },
        {
            "PutRequest": {
                "Item": {
                    "id": {
                        "S": "140505"
                    },
                    "title": {
                        "S": "Fatal Bond (1991)"
                    },
                    "genres": {
                        "S": "Drama|Thriller"
                    }
                }
            }
        },
        {
            "PutRequest": {
                "Item": {
                    "id": {
                        "S": "140507"
                    },
                    "title": {
                        "S": "Dan Aykroyd - Unplugged On UFO's (2006)"
                    },
                    "genres": {
                        "S": "Documentary"
                    }
                }
            }
        },
        {
            "PutRequest": {
                "Item": {
                    "id": {
                        "S": "140509"
                    },
                    "title": {
                        "S": "Operation Dalmatian: The Big Adventure (1997)"
                    },
                    "genres": {
                        "S": "(no genres listed)"
                    }
                }
            }
        },
        {
            "PutRequest": {
                "Item": {
                    "id": {
                        "S": "140511"
                    },
                    "title": {
                        "S": "Hellboy Animated: Blood and Iron (2007)"
                    },
                    "genres": {
                        "S": "Action|Animation|Fantasy|Horror|Sci-Fi|Thriller"
                    }
                }
            }
        },
        {
            "PutRequest": {
                "Item": {
                    "id": {
                        "S": "140513"
                    },
                    "title": {
                        "S": "Divina Confusi\u00f3n (2008)"
                    },
                    "genres": {
                        "S": "Comedy|Drama|Romance"
                    }
                }
            }
        },
        {
            "PutRequest": {
                "Item": {
                    "id": {
                        "S": "140515"
                    },
                    "title": {
                        "S": "Nancy Drew... Reporter (1939)"
                    },
                    "genres": {
                        "S": "Comedy|Crime|Mystery"
                    }
                }
            }
        },
        {
            "PutRequest": {
                "Item": {
                    "id": {
                        "S": "140517"
                    },
                    "title": {
                        "S": "Charro! (1969)"
                    },
                    "genres": {
                        "S": "Action|Drama|Western"
                    }
                }
            }
        },
        {
            "PutRequest": {
                "Item": {
                    "id": {
                        "S": "140519"
                    },
                    "title": {
                        "S": "Hidden Secrets (2006)"
                    },
                    "genres": {
                        "S": "Comedy|Drama"
                    }
                }
            }
        },
        {
            "PutRequest": {
                "Item": {
                    "id": {
                        "S": "140521"
                    },
                    "title": {
                        "S": "The First Snow of Winter (1998)"
                    },
                    "genres": {
                        "S": "Children"
                    }
                }
            }
        },
        {
            "PutRequest": {
                "Item": {
                    "id": {
                        "S": "140523"
                    },
                    "title": {
                        "S": "Visit, The (2015)"
                    },
                    "genres": {
                        "S": "Comedy|Horror"
                    }
                }
            }
        },
        {
            "PutRequest": {
                "Item": {
                    "id": {
                        "S": "140525"
                    },
                    "title": {
                        "S": "Secret in Their Eyes (2015)"
                    },
                    "genres": {
                        "S": "Crime|Drama|Mystery"
                    }
                }
            }
        },
        {
            "PutRequest": {
                "Item": {
                    "id": {
                        "S": "140527"
                    },
                    "title": {
                        "S": "Princess Iron Fan (1941)"
                    },
                    "genres": {
                        "S": "Animation|Drama"
                    }
                }
            }
        },
        {
            "PutRequest": {
                "Item": {
                    "id": {
                        "S": "140529"
                    },
                    "title": {
                        "S": "Sinister 2 (2015)"
                    },
                    "genres": {
                        "S": "Horror|Mystery|Thriller"
                    }
                }
            }
        }
    ]
}