{
    "movies": [
        {
            "PutRequest": {
                "Item": {
                    "id": {
                        "S": "128381"
                    },
                    "title": {
                        "S": "Mark of the Cop (1975)"
                    },
                    "genres": {
                        "S": "Crime|Drama|Romance"
                    }
                }
            }
        },
        {
            "PutRequest": {
                "Item": {
                    "id": {
                        "S": "128383"
                    },
                    "title": {
                        "S": "Mark Shoots First (1975)"
                    },
                    "genres": {
                        "S": "(no genres listed)"
                    }
                }
            }
        },
        {
            "PutRequest": {
                "Item": {
                    "id": {
                        "S": "128385"
                    },
                    "title": {
                        "S": "La Legge Violenta Della Squadra Anticrimine (1976)"
                    },
                    "genres": {
                        "S": "Crime"
                    }
                }
            }
        },
        {
            "PutRequest": {
                "Item": {
                    "id": {
                        "S": "128387"
                    },
                    "title": {
                        "S": "The Last Round (1976)"
                    },
                    "genres": {
                        "S": "Action|Thriller"
                    }
                }
            }
        },
        {
            "PutRequest": {
                "Item": {
                    "id": {
                        "S": "128389"
                    },
                    "title": {
                        "S": "The .44 Specialist (1976)"
                    },
                    "genres": {
                        "S": "Action"
                    }
                }
            }
        },
        {
            "PutRequest": {
                "Item": {
                    "id": {
                        "S": "128391"
                    },
                    "title": {
                        "S": "Destruction Force (1977)"
                    },
                    "genres": {
                        "S": "Crime"
                    }
                }
            }
        },
        {
            "PutRequest": {
                "Item": {
                    "id": {
                        "S": "128393"
                    },
                    "title": {
                        "S": "Highway Racer (1977)"
                    },
                    "genres": {
                        "S": "(no genres listed)"
                    }
                }
            }
        },
        {
            "PutRequest": {
                "Item": {
                    "id": {
                        "S": "128395"
                    },
                    "title": {
                        "S": "The Iron Commissioner (1978)"
                    },
                    "genres": {
                        "S": "(no genres listed)"
                    }
                }
            }
        },
        {
            "PutRequest": {
                "Item": {
                    "id": {
                        "S": "128397"
                    },
                    "title": {
                        "S": "Magnum Cop (Poliziotto senza paura) (1978)"
                    },
                    "genres": {
                        "S": "Action|Crime|Thriller"
                    }
                }
            }
        },
        {
            "PutRequest": {
                "Item": {
                    "id": {
                        "S": "128399"
                    },
                    "title": {
                        "S": "Un Poliziotto Scomodo (1978)"
                    },
                    "genres": {
                        "S": "Action|Crime|Thriller"
                    }
                }
            }
        },
        {
            "PutRequest": {
                "Item": {
                    "id": {
                        "S": "128401"
                    },
                    "title": {
                        "S": "Hunted City (1979)"
                    },
                    "genres": {
                        "S": "(no genres listed)"
                    }
                }
            }
        },
        {
            "PutRequest": {
                "Item": {
                    "id": {
                        "S": "128403"
                    },
                    "title": {
                        "S": "Speed Cross (1980)"
                    },
                    "genres": {
                        "S": "Action"
                    }
                }
            }
        },
        {
            "PutRequest": {
                "Item": {
                    "id": {
                        "S": "128405"
                    },
                    "title": {
                        "S": "Speed Driver (1980)"
                    },
                    "genres": {
                        "S": "(no genres listed)"
                    }
                }
            }
        },
        {
            "PutRequest": {
                "Item": {
                    "id": {
                        "S": "128407"
                    },
                    "title": {
                        "S": "Mondo Cane Oggi (1985)"
                    },
                    "genres": {
                        "S": "Documentary"
                    }
                }
            }
        },
        {
            "PutRequest": {
                "Item": {
                    "id": {
                        "S": "128413"
                    },
                    "title": {
                        "S": "The Black Cobra (1987)"
                    },
                    "genres": {
                        "S": "Action|Crime"
                    }
                }
            }
        },
        {
            "PutRequest": {
                "Item": {
                    "id": {
                        "S": "128417"
                    },
                    "title": {
                        "S": "Arabella: Black Angel (1989)"
                    },
                    "genres": {
                        "S": "Crime"
                    }
                }
            }
        },
        {
            "PutRequest": {
                "Item": {
                    "id": {
                        "S": "128421"
                    },
                    "title": {
                        "S": "Balkan Runner (1994)"
                    },
                    "genres": {
                        "S": "(no genres listed)"
                    }
                }
            }
        },
        {
            "PutRequest": {
                "Item": {
                    "id": {
                        "S": "128423"
                    },
                    "title": {
                        "S": "No One Would Tell (1996)"
                    },
                    "genres": {
                        "S": "Crime|Drama"
                    }
                }
            }
        },
        {
            "PutRequest": {
                "Item": {
                    "id": {
                        "S": "128425"
                    },
                    "title": {
                        "S": "Stray Dogs (2014)"
                    },
                    "genres": {
                        "S": "Drama"
                    }
                }
            }
        },
        {
            "PutRequest": {
                "Item": {
                    "id": {
                        "S": "128427"
                    },
                    "title": {
                        "S": "Super Bitch (1973)"
                    },
                    "genres": {
                        "S": "Action"
                    }
                }
            }
        },
        {
            "PutRequest": {
                "Item": {
                    "id": {
                        "S": "128429"
                    },
                    "title": {
                        "S": "What Have You Done to Solange? (1972)"
                    },
                    "genres": {
                        "S": "Crime"
                    }
                }
            }
        },
        {
            "PutRequest": {
                "Item": {
                    "id": {
                        "S": "128431"
                    },
                    "title": {
                        "S": "Blood Story (1972)"
                    },
                    "genres": {
                        "S": "(no genres listed)"
                    }
                }
            }
        },
        {
            "PutRequest": {
                "Item": {
                    "id": {
                        "S": "128433"
                    },
                    "title": {
                        "S": "Goodbye and Amen (1978)"
                    },
                    "genres": {
                        "S": "(no genres listed)"
                    }
                }
            }
        },
        {
            "PutRequest": {
                "Item": {
                    "id": {
                        "S": "128435"
                    },
                    "title": {
                        "S": "A Man on His Knees (1979)"
                    },
                    "genres": {
                        "S": "Thriller"
                    }
                }
            }
        },
        {
            "PutRequest": {
                "Item": {
                    "id": {
                        "S": "128437"
                    },
                    "title": {
                        "S": "L'avvertimento (1980)"
                    },
                    "genres": {
                        "S": "Crime"
                    }
                }
            }
        }
    ]
}