{
    "movies": [
        {
            "PutRequest": {
                "Item": {
                    "id": {
                        "S": "141834"
                    },
                    "title": {
                        "S": "For the Matches (1980)"
                    },
                    "genres": {
                        "S": "Comedy"
                    }
                }
            }
        },
        {
            "PutRequest": {
                "Item": {
                    "id": {
                        "S": "141836"
                    },
                    "title": {
                        "S": "It Can't Be! (1975)"
                    },
                    "genres": {
                        "S": "Comedy"
                    }
                }
            }
        },
        {
            "PutRequest": {
                "Item": {
                    "id": {
                        "S": "141838"
                    },
                    "title": {
                        "S": "Incognito from St.Petersburg (1977)"
                    },
                    "genres": {
                        "S": "Comedy"
                    }
                }
            }
        },
        {
            "PutRequest": {
                "Item": {
                    "id": {
                        "S": "141840"
                    },
                    "title": {
                        "S": "Sportloto-82 (1982)"
                    },
                    "genres": {
                        "S": "Comedy"
                    }
                }
            }
        },
        {
            "PutRequest": {
                "Item": {
                    "id": {
                        "S": "141842"
                    },
                    "title": {
                        "S": "Running the Sahara (2009)"
                    },
                    "genres": {
                        "S": "Documentary"
                    }
                }
            }
        },
        {
            "PutRequest": {
                "Item": {
                    "id": {
                        "S": "141844"
                    },
                    "title": {
                        "S": "12 Chairs (1971)"
                    },
                    "genres": {
                        "S": "Adventure|Comedy"
                    }
                }
            }
        },
        {
            "PutRequest": {
                "Item": {
                    "id": {
                        "S": "141846"
                    },
                    "title": {
                        "S": "Steve Jobs: The Man in the Machine (2015)"
                    },
                    "genres": {
                        "S": "Documentary"
                    }
                }
            }
        },
        {
            "PutRequest": {
                "Item": {
                    "id": {
                        "S": "141848"
                    },
                    "title": {
                        "S": "The Forbidden Girl (2013)"
                    },
                    "genres": {
                        "S": "Mystery"
                    }
                }
            }
        },
        {
            "PutRequest": {
                "Item": {
                    "id": {
                        "S": "141850"
                    },
                    "title": {
                        "S": "Inkubus (2011)"
                    },
                    "genres": {
                        "S": "Horror"
                    }
                }
            }
        },
        {
            "PutRequest": {
                "Item": {
                    "id": {
                        "S": "141852"
                    },
                    "title": {
                        "S": "Wasting Away (2007)"
                    },
                    "genres": {
                        "S": "Comedy|Horror"
                    }
                }
            }
        },
        {
            "PutRequest": {
                "Item": {
                    "id": {
                        "S": "141854"
                    },
                    "title": {
                        "S": "Among Friends (2012)"
                    },
                    "genres": {
                        "S": "Comedy|Horror"
                    }
                }
            }
        },
        {
            "PutRequest": {
                "Item": {
                    "id": {
                        "S": "141856"
                    },
                    "title": {
                        "S": "Ejecta (2014)"
                    },
                    "genres": {
                        "S": "Sci-Fi"
                    }
                }
            }
        },
        {
            "PutRequest": {
                "Item": {
                    "id": {
                        "S": "141858"
                    },
                    "title": {
                        "S": "OMG, I'm a Robot!"
                    },
                    "genres": {
                        "S": "(no genres listed)"
                    }
                }
            }
        },
        {
            "PutRequest": {
                "Item": {
                    "id": {
                        "S": "141860"
                    },
                    "title": {
                        "S": "Broken Horses (2015)"
                    },
                    "genres": {
                        "S": "Action|Crime|Drama|Mystery|Thriller"
                    }
                }
            }
        },
        {
            "PutRequest": {
                "Item": {
                    "id": {
                        "S": "141862"
                    },
                    "title": {
                        "S": "N'importe Qui (2014)"
                    },
                    "genres": {
                        "S": "Comedy"
                    }
                }
            }
        },
        {
            "PutRequest": {
                "Item": {
                    "id": {
                        "S": "141864"
                    },
                    "title": {
                        "S": "Burning (2014)"
                    },
                    "genres": {
                        "S": "Action|Comedy"
                    }
                }
            }
        },
        {
            "PutRequest": {
                "Item": {
                    "id": {
                        "S": "141866"
                    },
                    "title": {
                        "S": "Green Room (2015)"
                    },
                    "genres": {
                        "S": "(no genres listed)"
                    }
                }
            }
        },
        {
            "PutRequest": {
                "Item": {
                    "id": {
                        "S": "141868"
                    },
                    "title": {
                        "S": "Last Embrace (1979)"
                    },
                    "genres": {
                        "S": "Mystery|Romance|Thriller"
                    }
                }
            }
        },
        {
            "PutRequest": {
                "Item": {
                    "id": {
                        "S": "141870"
                    },
                    "title": {
                        "S": "One-Two, Soldiers Were Going... (1976)"
                    },
                    "genres": {
                        "S": "Drama|War"
                    }
                }
            }
        },
        {
            "PutRequest": {
                "Item": {
                    "id": {
                        "S": "141872"
                    },
                    "title": {
                        "S": "The Overcoat (1959)"
                    },
                    "genres": {
                        "S": "(no genres listed)"
                    }
                }
            }
        },
        {
            "PutRequest": {
                "Item": {
                    "id": {
                        "S": "141874"
                    },
                    "title": {
                        "S": "The Adventures of Buratino (1975)"
                    },
                    "genres": {
                        "S": "Adventure|Children|Fantasy"
                    }
                }
            }
        },
        {
            "PutRequest": {
                "Item": {
                    "id": {
                        "S": "141878"
                    },
                    "title": {
                        "S": "The Runner Stumbles (1979)"
                    },
                    "genres": {
                        "S": "Drama"
                    }
                }
            }
        },
        {
            "PutRequest": {
                "Item": {
                    "id": {
                        "S": "141880"
                    },
                    "title": {
                        "S": "Freeway: Crack in the System (2014)"
                    },
                    "genres": {
                        "S": "Documentary"
                    }
                }
            }
        },
        {
            "PutRequest": {
                "Item": {
                    "id": {
                        "S": "141882"
                    },
                    "title": {
                        "S": "A Bunny's Tale (1985)"
                    },
                    "genres": {
                        "S": "(no genres listed)"
                    }
                }
            }
        },
        {
            "PutRequest": {
                "Item": {
                    "id": {
                        "S": "141884"
                    },
                    "title": {
                        "S": "A Diva's Christmas Carol (2000)"
                    },
                    "genres": {
                        "S": "Children|Comedy"
                    }
                }
            }
        }
    ]
}