{
    "movies": [
        {
            "PutRequest": {
                "Item": {
                    "id": {
                        "S": "146558"
                    },
                    "title": {
                        "S": "The Painted Desert (1931)"
                    },
                    "genres": {
                        "S": "Western"
                    }
                }
            }
        },
        {
            "PutRequest": {
                "Item": {
                    "id": {
                        "S": "146560"
                    },
                    "title": {
                        "S": "The Secret Fury (1950)"
                    },
                    "genres": {
                        "S": "Mystery"
                    }
                }
            }
        },
        {
            "PutRequest": {
                "Item": {
                    "id": {
                        "S": "146562"
                    },
                    "title": {
                        "S": "The Victors (1963)"
                    },
                    "genres": {
                        "S": "Drama|War"
                    }
                }
            }
        },
        {
            "PutRequest": {
                "Item": {
                    "id": {
                        "S": "146564"
                    },
                    "title": {
                        "S": "Underground (1928)"
                    },
                    "genres": {
                        "S": "Drama"
                    }
                }
            }
        },
        {
            "PutRequest": {
                "Item": {
                    "id": {
                        "S": "146566"
                    },
                    "title": {
                        "S": "Underground (1970)"
                    },
                    "genres": {
                        "S": "Drama|Thriller|War"
                    }
                }
            }
        },
        {
            "PutRequest": {
                "Item": {
                    "id": {
                        "S": "146568"
                    },
                    "title": {
                        "S": "Underground (2007)"
                    },
                    "genres": {
                        "S": "Action"
                    }
                }
            }
        },
        {
            "PutRequest": {
                "Item": {
                    "id": {
                        "S": "146570"
                    },
                    "title": {
                        "S": "Underground (2011)"
                    },
                    "genres": {
                        "S": "Horror"
                    }
                }
            }
        },
        {
            "PutRequest": {
                "Item": {
                    "id": {
                        "S": "146574"
                    },
                    "title": {
                        "S": "Asignatura pendiente (1977)"
                    },
                    "genres": {
                        "S": "Drama"
                    }
                }
            }
        },
        {
            "PutRequest": {
                "Item": {
                    "id": {
                        "S": "146576"
                    },
                    "title": {
                        "S": "Within the Law (1939)"
                    },
                    "genres": {
                        "S": "Crime|Drama|Romance"
                    }
                }
            }
        },
        {
            "PutRequest": {
                "Item": {
                    "id": {
                        "S": "146578"
                    },
                    "title": {
                        "S": "Wrath (2012)"
                    },
                    "genres": {
                        "S": "Adventure|Thriller"
                    }
                }
            }
        },
        {
            "PutRequest": {
                "Item": {
                    "id": {
                        "S": "146580"
                    },
                    "title": {
                        "S": "Alien Zone (1978)"
                    },
                    "genres": {
                        "S": "Action|Horror|Sci-Fi|Thriller"
                    }
                }
            }
        },
        {
            "PutRequest": {
                "Item": {
                    "id": {
                        "S": "146582"
                    },
                    "title": {
                        "S": "Isla bonita (2015)"
                    },
                    "genres": {
                        "S": "(no genres listed)"
                    }
                }
            }
        },
        {
            "PutRequest": {
                "Item": {
                    "id": {
                        "S": "146584"
                    },
                    "title": {
                        "S": "Boogie Boy (1998)"
                    },
                    "genres": {
                        "S": "(no genres listed)"
                    }
                }
            }
        },
        {
            "PutRequest": {
                "Item": {
                    "id": {
                        "S": "146586"
                    },
                    "title": {
                        "S": "Positive I.D. (1986)"
                    },
                    "genres": {
                        "S": "Crime|Drama|Thriller"
                    }
                }
            }
        },
        {
            "PutRequest": {
                "Item": {
                    "id": {
                        "S": "146588"
                    },
                    "title": {
                        "S": "Douro, Faina Fluvial (1931)"
                    },
                    "genres": {
                        "S": "Documentary"
                    }
                }
            }
        },
        {
            "PutRequest": {
                "Item": {
                    "id": {
                        "S": "146590"
                    },
                    "title": {
                        "S": "Falling For You (1995)"
                    },
                    "genres": {
                        "S": "Thriller"
                    }
                }
            }
        },
        {
            "PutRequest": {
                "Item": {
                    "id": {
                        "S": "146592"
                    },
                    "title": {
                        "S": "Tobruk (2008)"
                    },
                    "genres": {
                        "S": "(no genres listed)"
                    }
                }
            }
        },
        {
            "PutRequest": {
                "Item": {
                    "id": {
                        "S": "146595"
                    },
                    "title": {
                        "S": "Last Images of the Shipwreck (1989)"
                    },
                    "genres": {
                        "S": "Drama"
                    }
                }
            }
        },
        {
            "PutRequest": {
                "Item": {
                    "id": {
                        "S": "146598"
                    },
                    "title": {
                        "S": "Another Nice Mess (1972)"
                    },
                    "genres": {
                        "S": "(no genres listed)"
                    }
                }
            }
        },
        {
            "PutRequest": {
                "Item": {
                    "id": {
                        "S": "146600"
                    },
                    "title": {
                        "S": "Gardener of Eden (2007)"
                    },
                    "genres": {
                        "S": "Comedy|Drama"
                    }
                }
            }
        },
        {
            "PutRequest": {
                "Item": {
                    "id": {
                        "S": "146604"
                    },
                    "title": {
                        "S": "Naomi and Ely's No Kiss List (2015)"
                    },
                    "genres": {
                        "S": "Comedy|Drama|Romance"
                    }
                }
            }
        },
        {
            "PutRequest": {
                "Item": {
                    "id": {
                        "S": "146606"
                    },
                    "title": {
                        "S": "The Subjects (2015)"
                    },
                    "genres": {
                        "S": "Sci-Fi|Thriller"
                    }
                }
            }
        },
        {
            "PutRequest": {
                "Item": {
                    "id": {
                        "S": "146608"
                    },
                    "title": {
                        "S": "Geppo il folle (1978)"
                    },
                    "genres": {
                        "S": "(no genres listed)"
                    }
                }
            }
        },
        {
            "PutRequest": {
                "Item": {
                    "id": {
                        "S": "146610"
                    },
                    "title": {
                        "S": "Joan Lui (1985)"
                    },
                    "genres": {
                        "S": "(no genres listed)"
                    }
                }
            }
        },
        {
            "PutRequest": {
                "Item": {
                    "id": {
                        "S": "146612"
                    },
                    "title": {
                        "S": "Robbery Roman Style (1964)"
                    },
                    "genres": {
                        "S": "Comedy|Crime|Thriller"
                    }
                }
            }
        }
    ]
}