{
    "movies": [
        {
            "PutRequest": {
                "Item": {
                    "id": {
                        "S": "133443"
                    },
                    "title": {
                        "S": "Mutant World (2014)"
                    },
                    "genres": {
                        "S": "Sci-Fi"
                    }
                }
            }
        },
        {
            "PutRequest": {
                "Item": {
                    "id": {
                        "S": "133445"
                    },
                    "title": {
                        "S": "The Tartars (1961)"
                    },
                    "genres": {
                        "S": "Action|Adventure|Drama"
                    }
                }
            }
        },
        {
            "PutRequest": {
                "Item": {
                    "id": {
                        "S": "133447"
                    },
                    "title": {
                        "S": "Duel of Champions (1961)"
                    },
                    "genres": {
                        "S": "Adventure"
                    }
                }
            }
        },
        {
            "PutRequest": {
                "Item": {
                    "id": {
                        "S": "133453"
                    },
                    "title": {
                        "S": "In the shadow of the eagles (1966)"
                    },
                    "genres": {
                        "S": "Adventure"
                    }
                }
            }
        },
        {
            "PutRequest": {
                "Item": {
                    "id": {
                        "S": "133455"
                    },
                    "title": {
                        "S": "Crazy Westerners (1967)"
                    },
                    "genres": {
                        "S": "Western"
                    }
                }
            }
        },
        {
            "PutRequest": {
                "Item": {
                    "id": {
                        "S": "133457"
                    },
                    "title": {
                        "S": "Django, Prepare a Coffin (1968)"
                    },
                    "genres": {
                        "S": "Action|Western"
                    }
                }
            }
        },
        {
            "PutRequest": {
                "Item": {
                    "id": {
                        "S": "133461"
                    },
                    "title": {
                        "S": "Massacre in the Black Forest (1977)"
                    },
                    "genres": {
                        "S": "Action|Adventure|Drama|War"
                    }
                }
            }
        },
        {
            "PutRequest": {
                "Item": {
                    "id": {
                        "S": "133463"
                    },
                    "title": {
                        "S": "Forgotten Pistolero (1969)"
                    },
                    "genres": {
                        "S": "Western"
                    }
                }
            }
        },
        {
            "PutRequest": {
                "Item": {
                    "id": {
                        "S": "133465"
                    },
                    "title": {
                        "S": "Geometra Prinetti, selvaggiamente Osvaldo (1976)"
                    },
                    "genres": {
                        "S": "Comedy"
                    }
                }
            }
        },
        {
            "PutRequest": {
                "Item": {
                    "id": {
                        "S": "133467"
                    },
                    "title": {
                        "S": "Warbus (1986)"
                    },
                    "genres": {
                        "S": "Action|War"
                    }
                }
            }
        },
        {
            "PutRequest": {
                "Item": {
                    "id": {
                        "S": "133469"
                    },
                    "title": {
                        "S": "Ten Zan - Ultimate Mission (1988)"
                    },
                    "genres": {
                        "S": "Action"
                    }
                }
            }
        },
        {
            "PutRequest": {
                "Item": {
                    "id": {
                        "S": "133471"
                    },
                    "title": {
                        "S": "Just A Damned Soldier (1988)"
                    },
                    "genres": {
                        "S": "Action"
                    }
                }
            }
        },
        {
            "PutRequest": {
                "Item": {
                    "id": {
                        "S": "133473"
                    },
                    "title": {
                        "S": "The Prince and the Pauper (2000)"
                    },
                    "genres": {
                        "S": "(no genres listed)"
                    }
                }
            }
        },
        {
            "PutRequest": {
                "Item": {
                    "id": {
                        "S": "133475"
                    },
                    "title": {
                        "S": "Naked and Cruel"
                    },
                    "genres": {
                        "S": "(no genres listed)"
                    }
                }
            }
        },
        {
            "PutRequest": {
                "Item": {
                    "id": {
                        "S": "133477"
                    },
                    "title": {
                        "S": "Che casino... con Pierino! (1982)"
                    },
                    "genres": {
                        "S": "Comedy"
                    }
                }
            }
        },
        {
            "PutRequest": {
                "Item": {
                    "id": {
                        "S": "133479"
                    },
                    "title": {
                        "S": "Escape from Galaxy 3 (1981)"
                    },
                    "genres": {
                        "S": "Sci-Fi"
                    }
                }
            }
        },
        {
            "PutRequest": {
                "Item": {
                    "id": {
                        "S": "133481"
                    },
                    "title": {
                        "S": "Yellow Emmanuelle (1977)"
                    },
                    "genres": {
                        "S": "Drama"
                    }
                }
            }
        },
        {
            "PutRequest": {
                "Item": {
                    "id": {
                        "S": "133483"
                    },
                    "title": {
                        "S": "Supermen Against the Orient (1973)"
                    },
                    "genres": {
                        "S": "(no genres listed)"
                    }
                }
            }
        },
        {
            "PutRequest": {
                "Item": {
                    "id": {
                        "S": "133485"
                    },
                    "title": {
                        "S": "Return of Shanghai Joe (1975)"
                    },
                    "genres": {
                        "S": "Action|Western"
                    }
                }
            }
        },
        {
            "PutRequest": {
                "Item": {
                    "id": {
                        "S": "133489"
                    },
                    "title": {
                        "S": "Human Cobras (1971)"
                    },
                    "genres": {
                        "S": "Crime|Thriller"
                    }
                }
            }
        },
        {
            "PutRequest": {
                "Item": {
                    "id": {
                        "S": "133493"
                    },
                    "title": {
                        "S": "Three Supermen in the Jungle (1970)"
                    },
                    "genres": {
                        "S": "(no genres listed)"
                    }
                }
            }
        },
        {
            "PutRequest": {
                "Item": {
                    "id": {
                        "S": "133497"
                    },
                    "title": {
                        "S": "Goldface il fantastico Superman (1967)"
                    },
                    "genres": {
                        "S": "Adventure|Crime"
                    }
                }
            }
        },
        {
            "PutRequest": {
                "Item": {
                    "id": {
                        "S": "133499"
                    },
                    "title": {
                        "S": "The Ten Million Dollar Grab (1967)"
                    },
                    "genres": {
                        "S": "Crime|Thriller"
                    }
                }
            }
        },
        {
            "PutRequest": {
                "Item": {
                    "id": {
                        "S": "133501"
                    },
                    "title": {
                        "S": "I guappi non si toccano (1979)"
                    },
                    "genres": {
                        "S": "(no genres listed)"
                    }
                }
            }
        },
        {
            "PutRequest": {
                "Item": {
                    "id": {
                        "S": "133503"
                    },
                    "title": {
                        "S": "September Vacation (1979)"
                    },
                    "genres": {
                        "S": "Drama"
                    }
                }
            }
        }
    ]
}