{
    "movies": [
        {
            "PutRequest": {
                "Item": {
                    "id": {
                        "S": "127188"
                    },
                    "title": {
                        "S": "Advantageous (2015)"
                    },
                    "genres": {
                        "S": "Children|Drama|Sci-Fi"
                    }
                }
            }
        },
        {
            "PutRequest": {
                "Item": {
                    "id": {
                        "S": "127192"
                    },
                    "title": {
                        "S": "The Bronze (2015)"
                    },
                    "genres": {
                        "S": "Comedy|Drama"
                    }
                }
            }
        },
        {
            "PutRequest": {
                "Item": {
                    "id": {
                        "S": "127194"
                    },
                    "title": {
                        "S": "The D Train (2015)"
                    },
                    "genres": {
                        "S": "Comedy"
                    }
                }
            }
        },
        {
            "PutRequest": {
                "Item": {
                    "id": {
                        "S": "127196"
                    },
                    "title": {
                        "S": "The Diary of a Teenage Girl (2015)"
                    },
                    "genres": {
                        "S": "Drama"
                    }
                }
            }
        },
        {
            "PutRequest": {
                "Item": {
                    "id": {
                        "S": "127198"
                    },
                    "title": {
                        "S": "Dope (2015)"
                    },
                    "genres": {
                        "S": "Comedy|Drama"
                    }
                }
            }
        },
        {
            "PutRequest": {
                "Item": {
                    "id": {
                        "S": "127200"
                    },
                    "title": {
                        "S": "I Smile Back (2015)"
                    },
                    "genres": {
                        "S": "Drama"
                    }
                }
            }
        },
        {
            "PutRequest": {
                "Item": {
                    "id": {
                        "S": "127202"
                    },
                    "title": {
                        "S": "Me and Earl and the Dying Girl (2015)"
                    },
                    "genres": {
                        "S": "Drama"
                    }
                }
            }
        },
        {
            "PutRequest": {
                "Item": {
                    "id": {
                        "S": "127204"
                    },
                    "title": {
                        "S": "The Overnight (2015)"
                    },
                    "genres": {
                        "S": "Comedy"
                    }
                }
            }
        },
        {
            "PutRequest": {
                "Item": {
                    "id": {
                        "S": "127206"
                    },
                    "title": {
                        "S": "People, Places, Things (2015)"
                    },
                    "genres": {
                        "S": "Comedy"
                    }
                }
            }
        },
        {
            "PutRequest": {
                "Item": {
                    "id": {
                        "S": "127208"
                    },
                    "title": {
                        "S": "Results (2015)"
                    },
                    "genres": {
                        "S": "Comedy|Romance"
                    }
                }
            }
        },
        {
            "PutRequest": {
                "Item": {
                    "id": {
                        "S": "127210"
                    },
                    "title": {
                        "S": "Songs My Brothers Taught Me (2015)"
                    },
                    "genres": {
                        "S": "Drama"
                    }
                }
            }
        },
        {
            "PutRequest": {
                "Item": {
                    "id": {
                        "S": "127212"
                    },
                    "title": {
                        "S": "The Stanford Prison Experiment (2015)"
                    },
                    "genres": {
                        "S": "Drama|Thriller"
                    }
                }
            }
        },
        {
            "PutRequest": {
                "Item": {
                    "id": {
                        "S": "127214"
                    },
                    "title": {
                        "S": "Stockholm, Pennsylvania (2015)"
                    },
                    "genres": {
                        "S": "Drama|Thriller"
                    }
                }
            }
        },
        {
            "PutRequest": {
                "Item": {
                    "id": {
                        "S": "127216"
                    },
                    "title": {
                        "S": "Unexpected (2015)"
                    },
                    "genres": {
                        "S": "Comedy|Drama"
                    }
                }
            }
        },
        {
            "PutRequest": {
                "Item": {
                    "id": {
                        "S": "127218"
                    },
                    "title": {
                        "S": "Z for Zachariah (2015)"
                    },
                    "genres": {
                        "S": "Sci-Fi"
                    }
                }
            }
        },
        {
            "PutRequest": {
                "Item": {
                    "id": {
                        "S": "127220"
                    },
                    "title": {
                        "S": "The Student (1988)"
                    },
                    "genres": {
                        "S": "Comedy|Romance"
                    }
                }
            }
        },
        {
            "PutRequest": {
                "Item": {
                    "id": {
                        "S": "127222"
                    },
                    "title": {
                        "S": "Nothing's All Bad (2010)"
                    },
                    "genres": {
                        "S": "Drama"
                    }
                }
            }
        },
        {
            "PutRequest": {
                "Item": {
                    "id": {
                        "S": "127224"
                    },
                    "title": {
                        "S": "Northwest (2013)"
                    },
                    "genres": {
                        "S": "Action|Crime|Drama"
                    }
                }
            }
        },
        {
            "PutRequest": {
                "Item": {
                    "id": {
                        "S": "127226"
                    },
                    "title": {
                        "S": "Stations of the Cross (2014)"
                    },
                    "genres": {
                        "S": "Drama"
                    }
                }
            }
        },
        {
            "PutRequest": {
                "Item": {
                    "id": {
                        "S": "127228"
                    },
                    "title": {
                        "S": "The Referees (2009)"
                    },
                    "genres": {
                        "S": "Documentary"
                    }
                }
            }
        },
        {
            "PutRequest": {
                "Item": {
                    "id": {
                        "S": "127230"
                    },
                    "title": {
                        "S": "The World Forgotten (2011)"
                    },
                    "genres": {
                        "S": "Adventure|Documentary"
                    }
                }
            }
        },
        {
            "PutRequest": {
                "Item": {
                    "id": {
                        "S": "127232"
                    },
                    "title": {
                        "S": "The Referee (2013)"
                    },
                    "genres": {
                        "S": "Comedy"
                    }
                }
            }
        },
        {
            "PutRequest": {
                "Item": {
                    "id": {
                        "S": "127234"
                    },
                    "title": {
                        "S": "Reality (2012)"
                    },
                    "genres": {
                        "S": "Comedy|Drama"
                    }
                }
            }
        },
        {
            "PutRequest": {
                "Item": {
                    "id": {
                        "S": "127236"
                    },
                    "title": {
                        "S": "Amn\u00e8sia (2002)"
                    },
                    "genres": {
                        "S": "Comedy|Crime|Drama"
                    }
                }
            }
        },
        {
            "PutRequest": {
                "Item": {
                    "id": {
                        "S": "127238"
                    },
                    "title": {
                        "S": "Three-Step Dance (2003)"
                    },
                    "genres": {
                        "S": "Drama"
                    }
                }
            }
        }
    ]
}