{
    "movies": [
        {
            "PutRequest": {
                "Item": {
                    "id": {
                        "S": "135854"
                    },
                    "title": {
                        "S": "Eddie Izzard: Sexie (2003)"
                    },
                    "genres": {
                        "S": "Comedy"
                    }
                }
            }
        },
        {
            "PutRequest": {
                "Item": {
                    "id": {
                        "S": "135856"
                    },
                    "title": {
                        "S": "Beyond Gay: The Politics of Pride (2010)"
                    },
                    "genres": {
                        "S": "Documentary"
                    }
                }
            }
        },
        {
            "PutRequest": {
                "Item": {
                    "id": {
                        "S": "135859"
                    },
                    "title": {
                        "S": "Rewind (2013)"
                    },
                    "genres": {
                        "S": "Sci-Fi"
                    }
                }
            }
        },
        {
            "PutRequest": {
                "Item": {
                    "id": {
                        "S": "135861"
                    },
                    "title": {
                        "S": "Ted 2 (2015)"
                    },
                    "genres": {
                        "S": "Comedy"
                    }
                }
            }
        },
        {
            "PutRequest": {
                "Item": {
                    "id": {
                        "S": "135863"
                    },
                    "title": {
                        "S": "Fortress (2012)"
                    },
                    "genres": {
                        "S": "Action|War"
                    }
                }
            }
        },
        {
            "PutRequest": {
                "Item": {
                    "id": {
                        "S": "135865"
                    },
                    "title": {
                        "S": "Mothman (2010)"
                    },
                    "genres": {
                        "S": "Horror|Sci-Fi"
                    }
                }
            }
        },
        {
            "PutRequest": {
                "Item": {
                    "id": {
                        "S": "135867"
                    },
                    "title": {
                        "S": "Rabbit Fire (1951)"
                    },
                    "genres": {
                        "S": "Animation|Children|Comedy"
                    }
                }
            }
        },
        {
            "PutRequest": {
                "Item": {
                    "id": {
                        "S": "135869"
                    },
                    "title": {
                        "S": "The Valley Below (2014)"
                    },
                    "genres": {
                        "S": "(no genres listed)"
                    }
                }
            }
        },
        {
            "PutRequest": {
                "Item": {
                    "id": {
                        "S": "135871"
                    },
                    "title": {
                        "S": "The Invisible Front (2014)"
                    },
                    "genres": {
                        "S": "Documentary|Drama"
                    }
                }
            }
        },
        {
            "PutRequest": {
                "Item": {
                    "id": {
                        "S": "135873"
                    },
                    "title": {
                        "S": "Elizabeth Ekadashi (2014)"
                    },
                    "genres": {
                        "S": "Comedy|Drama"
                    }
                }
            }
        },
        {
            "PutRequest": {
                "Item": {
                    "id": {
                        "S": "135875"
                    },
                    "title": {
                        "S": "Queen (2014)"
                    },
                    "genres": {
                        "S": "Comedy"
                    }
                }
            }
        },
        {
            "PutRequest": {
                "Item": {
                    "id": {
                        "S": "135877"
                    },
                    "title": {
                        "S": "Indigenous (2014)"
                    },
                    "genres": {
                        "S": "Horror"
                    }
                }
            }
        },
        {
            "PutRequest": {
                "Item": {
                    "id": {
                        "S": "135881"
                    },
                    "title": {
                        "S": "Sex Is Zero (2002)"
                    },
                    "genres": {
                        "S": "Comedy|Drama"
                    }
                }
            }
        },
        {
            "PutRequest": {
                "Item": {
                    "id": {
                        "S": "135883"
                    },
                    "title": {
                        "S": "Romantic Warriors (2003)"
                    },
                    "genres": {
                        "S": "(no genres listed)"
                    }
                }
            }
        },
        {
            "PutRequest": {
                "Item": {
                    "id": {
                        "S": "135885"
                    },
                    "title": {
                        "S": "Absolutely Anything (2015)"
                    },
                    "genres": {
                        "S": "Comedy|Sci-Fi"
                    }
                }
            }
        },
        {
            "PutRequest": {
                "Item": {
                    "id": {
                        "S": "135887"
                    },
                    "title": {
                        "S": "Minions (2015)"
                    },
                    "genres": {
                        "S": "Adventure|Animation|Children|Comedy"
                    }
                }
            }
        },
        {
            "PutRequest": {
                "Item": {
                    "id": {
                        "S": "135889"
                    },
                    "title": {
                        "S": "The House at the End of Time (2013)"
                    },
                    "genres": {
                        "S": "Horror"
                    }
                }
            }
        },
        {
            "PutRequest": {
                "Item": {
                    "id": {
                        "S": "135891"
                    },
                    "title": {
                        "S": "Candy Stripe Nurses (1974)"
                    },
                    "genres": {
                        "S": "(no genres listed)"
                    }
                }
            }
        },
        {
            "PutRequest": {
                "Item": {
                    "id": {
                        "S": "135893"
                    },
                    "title": {
                        "S": "Rough Cut (1980)"
                    },
                    "genres": {
                        "S": "Action|Adventure|Comedy|Crime|Mystery|Romance"
                    }
                }
            }
        },
        {
            "PutRequest": {
                "Item": {
                    "id": {
                        "S": "135895"
                    },
                    "title": {
                        "S": "Hound-Dog Man (1959)"
                    },
                    "genres": {
                        "S": "(no genres listed)"
                    }
                }
            }
        },
        {
            "PutRequest": {
                "Item": {
                    "id": {
                        "S": "135897"
                    },
                    "title": {
                        "S": "An Annapolis Story (1955)"
                    },
                    "genres": {
                        "S": "Drama"
                    }
                }
            }
        },
        {
            "PutRequest": {
                "Item": {
                    "id": {
                        "S": "135899"
                    },
                    "title": {
                        "S": "China Venture (1953)"
                    },
                    "genres": {
                        "S": "War"
                    }
                }
            }
        },
        {
            "PutRequest": {
                "Item": {
                    "id": {
                        "S": "135901"
                    },
                    "title": {
                        "S": "Count the Hours (1953)"
                    },
                    "genres": {
                        "S": "Crime"
                    }
                }
            }
        },
        {
            "PutRequest": {
                "Item": {
                    "id": {
                        "S": "135905"
                    },
                    "title": {
                        "S": "Baby Face Nelson (1957)"
                    },
                    "genres": {
                        "S": "Crime|Drama"
                    }
                }
            }
        },
        {
            "PutRequest": {
                "Item": {
                    "id": {
                        "S": "135907"
                    },
                    "title": {
                        "S": "The Nickel Ride (1975)"
                    },
                    "genres": {
                        "S": "Crime"
                    }
                }
            }
        }
    ]
}