{
    "movies": [
        {
            "PutRequest": {
                "Item": {
                    "id": {
                        "S": "140112"
                    },
                    "title": {
                        "S": "Blue Water, White Death (1971)"
                    },
                    "genres": {
                        "S": "Documentary"
                    }
                }
            }
        },
        {
            "PutRequest": {
                "Item": {
                    "id": {
                        "S": "140115"
                    },
                    "title": {
                        "S": "Batman Unlimited: Monster Mayhem (2015)"
                    },
                    "genres": {
                        "S": "Action|Animation"
                    }
                }
            }
        },
        {
            "PutRequest": {
                "Item": {
                    "id": {
                        "S": "140119"
                    },
                    "title": {
                        "S": "Venial (2014)"
                    },
                    "genres": {
                        "S": "Thriller"
                    }
                }
            }
        },
        {
            "PutRequest": {
                "Item": {
                    "id": {
                        "S": "140121"
                    },
                    "title": {
                        "S": "Sam Steele and the Junior Detective Agency (2011)"
                    },
                    "genres": {
                        "S": "(no genres listed)"
                    }
                }
            }
        },
        {
            "PutRequest": {
                "Item": {
                    "id": {
                        "S": "140123"
                    },
                    "title": {
                        "S": "One's Own Choice (1972)"
                    },
                    "genres": {
                        "S": "Drama"
                    }
                }
            }
        },
        {
            "PutRequest": {
                "Item": {
                    "id": {
                        "S": "140125"
                    },
                    "title": {
                        "S": "St. Nick (2009)"
                    },
                    "genres": {
                        "S": "Drama"
                    }
                }
            }
        },
        {
            "PutRequest": {
                "Item": {
                    "id": {
                        "S": "140127"
                    },
                    "title": {
                        "S": "Little Jerusalem (2006)"
                    },
                    "genres": {
                        "S": "Drama"
                    }
                }
            }
        },
        {
            "PutRequest": {
                "Item": {
                    "id": {
                        "S": "140129"
                    },
                    "title": {
                        "S": "The Near Room"
                    },
                    "genres": {
                        "S": "(no genres listed)"
                    }
                }
            }
        },
        {
            "PutRequest": {
                "Item": {
                    "id": {
                        "S": "140131"
                    },
                    "title": {
                        "S": "Extinction (2015)"
                    },
                    "genres": {
                        "S": "Drama|Horror|Sci-Fi"
                    }
                }
            }
        },
        {
            "PutRequest": {
                "Item": {
                    "id": {
                        "S": "140133"
                    },
                    "title": {
                        "S": "Hollywood Chainsaw Hookers (1988)"
                    },
                    "genres": {
                        "S": "Comedy|Horror"
                    }
                }
            }
        },
        {
            "PutRequest": {
                "Item": {
                    "id": {
                        "S": "140135"
                    },
                    "title": {
                        "S": "Intrepido: A Lonely Hero (2013)"
                    },
                    "genres": {
                        "S": "Comedy"
                    }
                }
            }
        },
        {
            "PutRequest": {
                "Item": {
                    "id": {
                        "S": "140137"
                    },
                    "title": {
                        "S": "I Will Walk Like a Crazy Horse (1973)"
                    },
                    "genres": {
                        "S": "Drama"
                    }
                }
            }
        },
        {
            "PutRequest": {
                "Item": {
                    "id": {
                        "S": "140140"
                    },
                    "title": {
                        "S": "Bad Boy Street (2012)"
                    },
                    "genres": {
                        "S": "Drama|Romance"
                    }
                }
            }
        },
        {
            "PutRequest": {
                "Item": {
                    "id": {
                        "S": "140142"
                    },
                    "title": {
                        "S": "Bhuvan Shome (1969)"
                    },
                    "genres": {
                        "S": "(no genres listed)"
                    }
                }
            }
        },
        {
            "PutRequest": {
                "Item": {
                    "id": {
                        "S": "140144"
                    },
                    "title": {
                        "S": "The Story of O Part 2 (1984)"
                    },
                    "genres": {
                        "S": "(no genres listed)"
                    }
                }
            }
        },
        {
            "PutRequest": {
                "Item": {
                    "id": {
                        "S": "140146"
                    },
                    "title": {
                        "S": "The Suicide Theory (2015)"
                    },
                    "genres": {
                        "S": "Drama|Thriller"
                    }
                }
            }
        },
        {
            "PutRequest": {
                "Item": {
                    "id": {
                        "S": "140148"
                    },
                    "title": {
                        "S": "A Bottle in the Gaza Sea (2012)"
                    },
                    "genres": {
                        "S": "Drama"
                    }
                }
            }
        },
        {
            "PutRequest": {
                "Item": {
                    "id": {
                        "S": "140150"
                    },
                    "title": {
                        "S": "Chelsea Handler Uganda Be Kidding Me Live (2014)"
                    },
                    "genres": {
                        "S": "Comedy"
                    }
                }
            }
        },
        {
            "PutRequest": {
                "Item": {
                    "id": {
                        "S": "140152"
                    },
                    "title": {
                        "S": "Dreamcatcher (2015)"
                    },
                    "genres": {
                        "S": "Children|Crime|Documentary"
                    }
                }
            }
        },
        {
            "PutRequest": {
                "Item": {
                    "id": {
                        "S": "140154"
                    },
                    "title": {
                        "S": "The Paw Project (2013)"
                    },
                    "genres": {
                        "S": "Documentary"
                    }
                }
            }
        },
        {
            "PutRequest": {
                "Item": {
                    "id": {
                        "S": "140156"
                    },
                    "title": {
                        "S": "The Truth About Webcam Girls (2014)"
                    },
                    "genres": {
                        "S": "Documentary"
                    }
                }
            }
        },
        {
            "PutRequest": {
                "Item": {
                    "id": {
                        "S": "140158"
                    },
                    "title": {
                        "S": "American Courtesans (2013)"
                    },
                    "genres": {
                        "S": "Documentary"
                    }
                }
            }
        },
        {
            "PutRequest": {
                "Item": {
                    "id": {
                        "S": "140160"
                    },
                    "title": {
                        "S": "Descendants (2015)"
                    },
                    "genres": {
                        "S": "Action|Adventure|Comedy"
                    }
                }
            }
        },
        {
            "PutRequest": {
                "Item": {
                    "id": {
                        "S": "140162"
                    },
                    "title": {
                        "S": "Love (2015)"
                    },
                    "genres": {
                        "S": "Drama|Romance"
                    }
                }
            }
        },
        {
            "PutRequest": {
                "Item": {
                    "id": {
                        "S": "140164"
                    },
                    "title": {
                        "S": "Questions for Crazy Horse (2010)"
                    },
                    "genres": {
                        "S": "(no genres listed)"
                    }
                }
            }
        }
    ]
}