{
    "movies": [
        {
            "PutRequest": {
                "Item": {
                    "id": {
                        "S": "147238"
                    },
                    "title": {
                        "S": "The New Adventures of the Elusive Avengers (1968)"
                    },
                    "genres": {
                        "S": "Action|Adventure|Children"
                    }
                }
            }
        },
        {
            "PutRequest": {
                "Item": {
                    "id": {
                        "S": "147240"
                    },
                    "title": {
                        "S": "Koroleva Benzokolonki (1963)"
                    },
                    "genres": {
                        "S": "Comedy"
                    }
                }
            }
        },
        {
            "PutRequest": {
                "Item": {
                    "id": {
                        "S": "147242"
                    },
                    "title": {
                        "S": "Crown of Russian Empire, or the Elusives Again (1971)"
                    },
                    "genres": {
                        "S": "Action|Adventure|Children"
                    }
                }
            }
        },
        {
            "PutRequest": {
                "Item": {
                    "id": {
                        "S": "147244"
                    },
                    "title": {
                        "S": "Magicians (1982)"
                    },
                    "genres": {
                        "S": "Comedy|Fantasy|Romance"
                    }
                }
            }
        },
        {
            "PutRequest": {
                "Item": {
                    "id": {
                        "S": "147246"
                    },
                    "title": {
                        "S": "Adventures of Mowgli (1973)"
                    },
                    "genres": {
                        "S": "Animation|Children"
                    }
                }
            }
        },
        {
            "PutRequest": {
                "Item": {
                    "id": {
                        "S": "147248"
                    },
                    "title": {
                        "S": "The Isle of Lost Ships (1987)"
                    },
                    "genres": {
                        "S": "Adventure|Drama|Romance|Sci-Fi"
                    }
                }
            }
        },
        {
            "PutRequest": {
                "Item": {
                    "id": {
                        "S": "147250"
                    },
                    "title": {
                        "S": "The Adventures of Sherlock Holmes and Doctor Watson"
                    },
                    "genres": {
                        "S": "(no genres listed)"
                    }
                }
            }
        },
        {
            "PutRequest": {
                "Item": {
                    "id": {
                        "S": "147252"
                    },
                    "title": {
                        "S": "The Untold History of the United States (2013)"
                    },
                    "genres": {
                        "S": "Documentary"
                    }
                }
            }
        },
        {
            "PutRequest": {
                "Item": {
                    "id": {
                        "S": "147254"
                    },
                    "title": {
                        "S": "Petrovka Street, Number 38 (1980)"
                    },
                    "genres": {
                        "S": "Crime|Mystery"
                    }
                }
            }
        },
        {
            "PutRequest": {
                "Item": {
                    "id": {
                        "S": "147256"
                    },
                    "title": {
                        "S": "Ogaryova Street, Number 6 (1980)"
                    },
                    "genres": {
                        "S": "Crime|Mystery"
                    }
                }
            }
        },
        {
            "PutRequest": {
                "Item": {
                    "id": {
                        "S": "147258"
                    },
                    "title": {
                        "S": "Start Liquidation (1983)"
                    },
                    "genres": {
                        "S": "Action|Crime|Drama"
                    }
                }
            }
        },
        {
            "PutRequest": {
                "Item": {
                    "id": {
                        "S": "147260"
                    },
                    "title": {
                        "S": "Ku! Kin-dza-dza (2013)"
                    },
                    "genres": {
                        "S": "Animation|Comedy|Sci-Fi"
                    }
                }
            }
        },
        {
            "PutRequest": {
                "Item": {
                    "id": {
                        "S": "147262"
                    },
                    "title": {
                        "S": "Faster than Rabbits (2014)"
                    },
                    "genres": {
                        "S": "Comedy"
                    }
                }
            }
        },
        {
            "PutRequest": {
                "Item": {
                    "id": {
                        "S": "147264"
                    },
                    "title": {
                        "S": "Vive la France (2013)"
                    },
                    "genres": {
                        "S": "Comedy"
                    }
                }
            }
        },
        {
            "PutRequest": {
                "Item": {
                    "id": {
                        "S": "147266"
                    },
                    "title": {
                        "S": "The Brides Are Coming (1978)"
                    },
                    "genres": {
                        "S": "Drama"
                    }
                }
            }
        },
        {
            "PutRequest": {
                "Item": {
                    "id": {
                        "S": "147268"
                    },
                    "title": {
                        "S": "Hornblower: The Even Chance (1998)"
                    },
                    "genres": {
                        "S": "Action|Adventure|Drama|War"
                    }
                }
            }
        },
        {
            "PutRequest": {
                "Item": {
                    "id": {
                        "S": "147270"
                    },
                    "title": {
                        "S": "Ne Pokiday (1989)"
                    },
                    "genres": {
                        "S": "Children|Comedy|Romance"
                    }
                }
            }
        },
        {
            "PutRequest": {
                "Item": {
                    "id": {
                        "S": "147272"
                    },
                    "title": {
                        "S": "Serafino (1968)"
                    },
                    "genres": {
                        "S": "Comedy"
                    }
                }
            }
        },
        {
            "PutRequest": {
                "Item": {
                    "id": {
                        "S": "147274"
                    },
                    "title": {
                        "S": "Baryshnya i khuligan (1918)"
                    },
                    "genres": {
                        "S": "(no genres listed)"
                    }
                }
            }
        },
        {
            "PutRequest": {
                "Item": {
                    "id": {
                        "S": "147276"
                    },
                    "title": {
                        "S": "Turf (2013)"
                    },
                    "genres": {
                        "S": "Comedy"
                    }
                }
            }
        },
        {
            "PutRequest": {
                "Item": {
                    "id": {
                        "S": "147278"
                    },
                    "title": {
                        "S": "Fine Things (1990)"
                    },
                    "genres": {
                        "S": "Drama|Romance"
                    }
                }
            }
        },
        {
            "PutRequest": {
                "Item": {
                    "id": {
                        "S": "147280"
                    },
                    "title": {
                        "S": "The Sunshine Boys (1996)"
                    },
                    "genres": {
                        "S": "Comedy"
                    }
                }
            }
        },
        {
            "PutRequest": {
                "Item": {
                    "id": {
                        "S": "147282"
                    },
                    "title": {
                        "S": "What Men Still Talk About (2011)"
                    },
                    "genres": {
                        "S": "Comedy"
                    }
                }
            }
        },
        {
            "PutRequest": {
                "Item": {
                    "id": {
                        "S": "147284"
                    },
                    "title": {
                        "S": "The Return of Bruno (1987)"
                    },
                    "genres": {
                        "S": "(no genres listed)"
                    }
                }
            }
        },
        {
            "PutRequest": {
                "Item": {
                    "id": {
                        "S": "147288"
                    },
                    "title": {
                        "S": "Tsirk Sgorel, i Klouny Razbezhalis (1998)"
                    },
                    "genres": {
                        "S": "Drama"
                    }
                }
            }
        }
    ]
}