{
    "movies": [
        {
            "PutRequest": {
                "Item": {
                    "id": {
                        "S": "124601"
                    },
                    "title": {
                        "S": "I'm Losing You (1998)"
                    },
                    "genres": {
                        "S": "Drama"
                    }
                }
            }
        },
        {
            "PutRequest": {
                "Item": {
                    "id": {
                        "S": "124603"
                    },
                    "title": {
                        "S": "Eldorado (2012)"
                    },
                    "genres": {
                        "S": "Comedy|Horror|Western"
                    }
                }
            }
        },
        {
            "PutRequest": {
                "Item": {
                    "id": {
                        "S": "124605"
                    },
                    "title": {
                        "S": "The Conspirators (1969)"
                    },
                    "genres": {
                        "S": "Comedy|Drama"
                    }
                }
            }
        },
        {
            "PutRequest": {
                "Item": {
                    "id": {
                        "S": "124607"
                    },
                    "title": {
                        "S": "One Night of Love (1934)"
                    },
                    "genres": {
                        "S": "Romance"
                    }
                }
            }
        },
        {
            "PutRequest": {
                "Item": {
                    "id": {
                        "S": "124609"
                    },
                    "title": {
                        "S": "Our Betters (1933)"
                    },
                    "genres": {
                        "S": "Comedy|Drama|Romance"
                    }
                }
            }
        },
        {
            "PutRequest": {
                "Item": {
                    "id": {
                        "S": "124611"
                    },
                    "title": {
                        "S": "Great Day in the Morning (1956)"
                    },
                    "genres": {
                        "S": "Western"
                    }
                }
            }
        },
        {
            "PutRequest": {
                "Item": {
                    "id": {
                        "S": "124613"
                    },
                    "title": {
                        "S": "Posse from Hell (1961)"
                    },
                    "genres": {
                        "S": "Western"
                    }
                }
            }
        },
        {
            "PutRequest": {
                "Item": {
                    "id": {
                        "S": "124615"
                    },
                    "title": {
                        "S": "On Approval (1944)"
                    },
                    "genres": {
                        "S": "Comedy|Romance"
                    }
                }
            }
        },
        {
            "PutRequest": {
                "Item": {
                    "id": {
                        "S": "124617"
                    },
                    "title": {
                        "S": "Guns of Diablo (1965)"
                    },
                    "genres": {
                        "S": "Western"
                    }
                }
            }
        },
        {
            "PutRequest": {
                "Item": {
                    "id": {
                        "S": "124619"
                    },
                    "title": {
                        "S": "Night and Fog (2009)"
                    },
                    "genres": {
                        "S": "Drama"
                    }
                }
            }
        },
        {
            "PutRequest": {
                "Item": {
                    "id": {
                        "S": "124621"
                    },
                    "title": {
                        "S": "Shaolin Mantis (1978)"
                    },
                    "genres": {
                        "S": "Action"
                    }
                }
            }
        },
        {
            "PutRequest": {
                "Item": {
                    "id": {
                        "S": "124623"
                    },
                    "title": {
                        "S": "Evel Knievel (2004)"
                    },
                    "genres": {
                        "S": "Drama"
                    }
                }
            }
        },
        {
            "PutRequest": {
                "Item": {
                    "id": {
                        "S": "124625"
                    },
                    "title": {
                        "S": "The Lion (1962)"
                    },
                    "genres": {
                        "S": "Drama"
                    }
                }
            }
        },
        {
            "PutRequest": {
                "Item": {
                    "id": {
                        "S": "124627"
                    },
                    "title": {
                        "S": "The Smiling Ghost (1941)"
                    },
                    "genres": {
                        "S": "Comedy|Mystery"
                    }
                }
            }
        },
        {
            "PutRequest": {
                "Item": {
                    "id": {
                        "S": "124629"
                    },
                    "title": {
                        "S": "S\u00e5nt \u00e4r livet (1996)"
                    },
                    "genres": {
                        "S": "(no genres listed)"
                    }
                }
            }
        },
        {
            "PutRequest": {
                "Item": {
                    "id": {
                        "S": "124631"
                    },
                    "title": {
                        "S": "Le joli mai (1966)"
                    },
                    "genres": {
                        "S": "(no genres listed)"
                    }
                }
            }
        },
        {
            "PutRequest": {
                "Item": {
                    "id": {
                        "S": "124633"
                    },
                    "title": {
                        "S": "The Taming of the Shrew (1929)"
                    },
                    "genres": {
                        "S": "Comedy"
                    }
                }
            }
        },
        {
            "PutRequest": {
                "Item": {
                    "id": {
                        "S": "124635"
                    },
                    "title": {
                        "S": "The Juggler (1953)"
                    },
                    "genres": {
                        "S": "Drama|War"
                    }
                }
            }
        },
        {
            "PutRequest": {
                "Item": {
                    "id": {
                        "S": "124637"
                    },
                    "title": {
                        "S": "Outlaw Justice (1999)"
                    },
                    "genres": {
                        "S": "Action|Western"
                    }
                }
            }
        },
        {
            "PutRequest": {
                "Item": {
                    "id": {
                        "S": "124639"
                    },
                    "title": {
                        "S": "Onionhead (1958)"
                    },
                    "genres": {
                        "S": "(no genres listed)"
                    }
                }
            }
        },
        {
            "PutRequest": {
                "Item": {
                    "id": {
                        "S": "124641"
                    },
                    "title": {
                        "S": "Mandalay (1934)"
                    },
                    "genres": {
                        "S": "Drama"
                    }
                }
            }
        },
        {
            "PutRequest": {
                "Item": {
                    "id": {
                        "S": "124643"
                    },
                    "title": {
                        "S": "The Hunters (1977)"
                    },
                    "genres": {
                        "S": "Drama|Romance"
                    }
                }
            }
        },
        {
            "PutRequest": {
                "Item": {
                    "id": {
                        "S": "124645"
                    },
                    "title": {
                        "S": "The Midnight Game (2013)"
                    },
                    "genres": {
                        "S": "(no genres listed)"
                    }
                }
            }
        },
        {
            "PutRequest": {
                "Item": {
                    "id": {
                        "S": "124647"
                    },
                    "title": {
                        "S": "Spark: A Burning Man Story (2013)"
                    },
                    "genres": {
                        "S": "Action|Documentary|Drama"
                    }
                }
            }
        },
        {
            "PutRequest": {
                "Item": {
                    "id": {
                        "S": "124649"
                    },
                    "title": {
                        "S": "Anything You Want (2010)"
                    },
                    "genres": {
                        "S": "Drama"
                    }
                }
            }
        }
    ]
}