{
    "movies": [
        {
            "PutRequest": {
                "Item": {
                    "id": {
                        "S": "132360"
                    },
                    "title": {
                        "S": "Book of Blood (2009)"
                    },
                    "genres": {
                        "S": "Drama|Horror|Mystery|Thriller"
                    }
                }
            }
        },
        {
            "PutRequest": {
                "Item": {
                    "id": {
                        "S": "132362"
                    },
                    "title": {
                        "S": "Patlabor 2: The Movie (1993)"
                    },
                    "genres": {
                        "S": "Action|Animation|Sci-Fi"
                    }
                }
            }
        },
        {
            "PutRequest": {
                "Item": {
                    "id": {
                        "S": "132364"
                    },
                    "title": {
                        "S": "Belka and Strelka: Moon Adventures (2013)"
                    },
                    "genres": {
                        "S": "Adventure|Animation|Comedy"
                    }
                }
            }
        },
        {
            "PutRequest": {
                "Item": {
                    "id": {
                        "S": "132366"
                    },
                    "title": {
                        "S": "The Eternal Zero (2013)"
                    },
                    "genres": {
                        "S": "Drama|War"
                    }
                }
            }
        },
        {
            "PutRequest": {
                "Item": {
                    "id": {
                        "S": "132368"
                    },
                    "title": {
                        "S": "Exaella (2011)"
                    },
                    "genres": {
                        "S": "Action|Animation|Drama|Sci-Fi"
                    }
                }
            }
        },
        {
            "PutRequest": {
                "Item": {
                    "id": {
                        "S": "132370"
                    },
                    "title": {
                        "S": "From Inside (2008)"
                    },
                    "genres": {
                        "S": "(no genres listed)"
                    }
                }
            }
        },
        {
            "PutRequest": {
                "Item": {
                    "id": {
                        "S": "132372"
                    },
                    "title": {
                        "S": "Rommel (2012)"
                    },
                    "genres": {
                        "S": "Action|Drama|War"
                    }
                }
            }
        },
        {
            "PutRequest": {
                "Item": {
                    "id": {
                        "S": "132374"
                    },
                    "title": {
                        "S": "Le Pr\u00e9sident (1961)"
                    },
                    "genres": {
                        "S": "Drama|Mystery|Thriller"
                    }
                }
            }
        },
        {
            "PutRequest": {
                "Item": {
                    "id": {
                        "S": "132377"
                    },
                    "title": {
                        "S": "Outcast (2014)"
                    },
                    "genres": {
                        "S": "Action"
                    }
                }
            }
        },
        {
            "PutRequest": {
                "Item": {
                    "id": {
                        "S": "132379"
                    },
                    "title": {
                        "S": "Aging Out (2004)"
                    },
                    "genres": {
                        "S": "(no genres listed)"
                    }
                }
            }
        },
        {
            "PutRequest": {
                "Item": {
                    "id": {
                        "S": "132381"
                    },
                    "title": {
                        "S": "The Admiral: Roaring Currents (2014)"
                    },
                    "genres": {
                        "S": "Action|Drama|War"
                    }
                }
            }
        },
        {
            "PutRequest": {
                "Item": {
                    "id": {
                        "S": "132384"
                    },
                    "title": {
                        "S": "The Domino Principle (1977)"
                    },
                    "genres": {
                        "S": "Crime|Drama"
                    }
                }
            }
        },
        {
            "PutRequest": {
                "Item": {
                    "id": {
                        "S": "132386"
                    },
                    "title": {
                        "S": "Zandy's Bride (1974)"
                    },
                    "genres": {
                        "S": "Western"
                    }
                }
            }
        },
        {
            "PutRequest": {
                "Item": {
                    "id": {
                        "S": "132388"
                    },
                    "title": {
                        "S": "Cisco Pike (1972)"
                    },
                    "genres": {
                        "S": "Drama"
                    }
                }
            }
        },
        {
            "PutRequest": {
                "Item": {
                    "id": {
                        "S": "132390"
                    },
                    "title": {
                        "S": "Riot (1969)"
                    },
                    "genres": {
                        "S": "Action"
                    }
                }
            }
        },
        {
            "PutRequest": {
                "Item": {
                    "id": {
                        "S": "132392"
                    },
                    "title": {
                        "S": "Banning (1967)"
                    },
                    "genres": {
                        "S": "(no genres listed)"
                    }
                }
            }
        },
        {
            "PutRequest": {
                "Item": {
                    "id": {
                        "S": "132394"
                    },
                    "title": {
                        "S": "To Find a Man (1972)"
                    },
                    "genres": {
                        "S": "(no genres listed)"
                    }
                }
            }
        },
        {
            "PutRequest": {
                "Item": {
                    "id": {
                        "S": "132396"
                    },
                    "title": {
                        "S": "Sergeant Ryker (1968)"
                    },
                    "genres": {
                        "S": "Drama|War"
                    }
                }
            }
        },
        {
            "PutRequest": {
                "Item": {
                    "id": {
                        "S": "132398"
                    },
                    "title": {
                        "S": "Operation C.I.A. (1965)"
                    },
                    "genres": {
                        "S": "Drama|Thriller"
                    }
                }
            }
        },
        {
            "PutRequest": {
                "Item": {
                    "id": {
                        "S": "132402"
                    },
                    "title": {
                        "S": "Tazza: The Hidden Card (2014)"
                    },
                    "genres": {
                        "S": "Crime|Drama"
                    }
                }
            }
        },
        {
            "PutRequest": {
                "Item": {
                    "id": {
                        "S": "132404"
                    },
                    "title": {
                        "S": "Vita frun (1962)"
                    },
                    "genres": {
                        "S": "Mystery|Thriller"
                    }
                }
            }
        },
        {
            "PutRequest": {
                "Item": {
                    "id": {
                        "S": "132406"
                    },
                    "title": {
                        "S": "Hotel Colonial (1987)"
                    },
                    "genres": {
                        "S": "(no genres listed)"
                    }
                }
            }
        },
        {
            "PutRequest": {
                "Item": {
                    "id": {
                        "S": "132408"
                    },
                    "title": {
                        "S": "The Lightship (1986)"
                    },
                    "genres": {
                        "S": "Thriller"
                    }
                }
            }
        },
        {
            "PutRequest": {
                "Item": {
                    "id": {
                        "S": "132410"
                    },
                    "title": {
                        "S": "The Stone Boy (1984)"
                    },
                    "genres": {
                        "S": "Drama"
                    }
                }
            }
        },
        {
            "PutRequest": {
                "Item": {
                    "id": {
                        "S": "132412"
                    },
                    "title": {
                        "S": "Threshold (1981)"
                    },
                    "genres": {
                        "S": "Drama|Sci-Fi"
                    }
                }
            }
        }
    ]
}