{
    "movies": [
        {
            "PutRequest": {
                "Item": {
                    "id": {
                        "S": "141886"
                    },
                    "title": {
                        "S": "The Dress (1996)"
                    },
                    "genres": {
                        "S": "Comedy|Drama"
                    }
                }
            }
        },
        {
            "PutRequest": {
                "Item": {
                    "id": {
                        "S": "141888"
                    },
                    "title": {
                        "S": "Man Follows Birds (1975)"
                    },
                    "genres": {
                        "S": "Drama"
                    }
                }
            }
        },
        {
            "PutRequest": {
                "Item": {
                    "id": {
                        "S": "141890"
                    },
                    "title": {
                        "S": "Beasts of No Nation (2015)"
                    },
                    "genres": {
                        "S": "Drama|War"
                    }
                }
            }
        },
        {
            "PutRequest": {
                "Item": {
                    "id": {
                        "S": "141892"
                    },
                    "title": {
                        "S": "Earth's Golden Playground (2015)"
                    },
                    "genres": {
                        "S": "Documentary"
                    }
                }
            }
        },
        {
            "PutRequest": {
                "Item": {
                    "id": {
                        "S": "141894"
                    },
                    "title": {
                        "S": "The Magic of Heineken (2014)"
                    },
                    "genres": {
                        "S": "(no genres listed)"
                    }
                }
            }
        },
        {
            "PutRequest": {
                "Item": {
                    "id": {
                        "S": "141896"
                    },
                    "title": {
                        "S": "Psychopathia Sexualis (2006)"
                    },
                    "genres": {
                        "S": "Drama|Romance"
                    }
                }
            }
        },
        {
            "PutRequest": {
                "Item": {
                    "id": {
                        "S": "141898"
                    },
                    "title": {
                        "S": "Limited Partnership (2014)"
                    },
                    "genres": {
                        "S": "Documentary"
                    }
                }
            }
        },
        {
            "PutRequest": {
                "Item": {
                    "id": {
                        "S": "141900"
                    },
                    "title": {
                        "S": "Hell and Mr Fudge (2012)"
                    },
                    "genres": {
                        "S": "(no genres listed)"
                    }
                }
            }
        },
        {
            "PutRequest": {
                "Item": {
                    "id": {
                        "S": "141902"
                    },
                    "title": {
                        "S": "Gabriel (2014)"
                    },
                    "genres": {
                        "S": "Drama"
                    }
                }
            }
        },
        {
            "PutRequest": {
                "Item": {
                    "id": {
                        "S": "141904"
                    },
                    "title": {
                        "S": "The Reader (1988)"
                    },
                    "genres": {
                        "S": "Comedy|Drama"
                    }
                }
            }
        },
        {
            "PutRequest": {
                "Item": {
                    "id": {
                        "S": "141906"
                    },
                    "title": {
                        "S": "Gone Doggy Gone (2014)"
                    },
                    "genres": {
                        "S": "Adventure|Comedy"
                    }
                }
            }
        },
        {
            "PutRequest": {
                "Item": {
                    "id": {
                        "S": "141908"
                    },
                    "title": {
                        "S": "Pernicious (2015)"
                    },
                    "genres": {
                        "S": "Horror"
                    }
                }
            }
        },
        {
            "PutRequest": {
                "Item": {
                    "id": {
                        "S": "141910"
                    },
                    "title": {
                        "S": "Red Knot (2014)"
                    },
                    "genres": {
                        "S": "Drama"
                    }
                }
            }
        },
        {
            "PutRequest": {
                "Item": {
                    "id": {
                        "S": "141912"
                    },
                    "title": {
                        "S": "Dirty Weekend (2015)"
                    },
                    "genres": {
                        "S": "Comedy|Drama"
                    }
                }
            }
        },
        {
            "PutRequest": {
                "Item": {
                    "id": {
                        "S": "141914"
                    },
                    "title": {
                        "S": "The Activist (2014)"
                    },
                    "genres": {
                        "S": "Thriller"
                    }
                }
            }
        },
        {
            "PutRequest": {
                "Item": {
                    "id": {
                        "S": "141916"
                    },
                    "title": {
                        "S": "The Rise of the Krays (2015)"
                    },
                    "genres": {
                        "S": "Crime"
                    }
                }
            }
        },
        {
            "PutRequest": {
                "Item": {
                    "id": {
                        "S": "141918"
                    },
                    "title": {
                        "S": "Dude Bro Party Massacre III (2015)"
                    },
                    "genres": {
                        "S": "Comedy|Horror"
                    }
                }
            }
        },
        {
            "PutRequest": {
                "Item": {
                    "id": {
                        "S": "141920"
                    },
                    "title": {
                        "S": "Underdog Kids (2015)"
                    },
                    "genres": {
                        "S": "Action|Children"
                    }
                }
            }
        },
        {
            "PutRequest": {
                "Item": {
                    "id": {
                        "S": "141922"
                    },
                    "title": {
                        "S": "Glass Chin (2015)"
                    },
                    "genres": {
                        "S": "Drama|Thriller"
                    }
                }
            }
        },
        {
            "PutRequest": {
                "Item": {
                    "id": {
                        "S": "141924"
                    },
                    "title": {
                        "S": "The Lady in the Van (2015)"
                    },
                    "genres": {
                        "S": "Drama"
                    }
                }
            }
        },
        {
            "PutRequest": {
                "Item": {
                    "id": {
                        "S": "141926"
                    },
                    "title": {
                        "S": "He Named Me Malala (2015)"
                    },
                    "genres": {
                        "S": "Documentary"
                    }
                }
            }
        },
        {
            "PutRequest": {
                "Item": {
                    "id": {
                        "S": "141928"
                    },
                    "title": {
                        "S": "Bloodsucking Bastards (2015)"
                    },
                    "genres": {
                        "S": "Comedy|Horror"
                    }
                }
            }
        },
        {
            "PutRequest": {
                "Item": {
                    "id": {
                        "S": "141930"
                    },
                    "title": {
                        "S": "KillerSaurus"
                    },
                    "genres": {
                        "S": "Horror|Sci-Fi"
                    }
                }
            }
        },
        {
            "PutRequest": {
                "Item": {
                    "id": {
                        "S": "141932"
                    },
                    "title": {
                        "S": "Blood Moon (2014)"
                    },
                    "genres": {
                        "S": "Horror|Western"
                    }
                }
            }
        },
        {
            "PutRequest": {
                "Item": {
                    "id": {
                        "S": "141934"
                    },
                    "title": {
                        "S": "Hamtaro: The Captive Princess (2002)"
                    },
                    "genres": {
                        "S": "Adventure|Animation|Children|Fantasy"
                    }
                }
            }
        }
    ]
}