{
    "movies": [
        {
            "PutRequest": {
                "Item": {
                    "id": {
                        "S": "139551"
                    },
                    "title": {
                        "S": "Hitting the Cycle (2012)"
                    },
                    "genres": {
                        "S": "Drama"
                    }
                }
            }
        },
        {
            "PutRequest": {
                "Item": {
                    "id": {
                        "S": "139553"
                    },
                    "title": {
                        "S": "Always (2011)"
                    },
                    "genres": {
                        "S": "Drama"
                    }
                }
            }
        },
        {
            "PutRequest": {
                "Item": {
                    "id": {
                        "S": "139555"
                    },
                    "title": {
                        "S": "Kiss the Abyss (2010)"
                    },
                    "genres": {
                        "S": "Horror"
                    }
                }
            }
        },
        {
            "PutRequest": {
                "Item": {
                    "id": {
                        "S": "139557"
                    },
                    "title": {
                        "S": "Long Arm of the Law (1984)"
                    },
                    "genres": {
                        "S": "Action|Crime"
                    }
                }
            }
        },
        {
            "PutRequest": {
                "Item": {
                    "id": {
                        "S": "139559"
                    },
                    "title": {
                        "S": "Mantervention (2014)"
                    },
                    "genres": {
                        "S": "Comedy|Romance"
                    }
                }
            }
        },
        {
            "PutRequest": {
                "Item": {
                    "id": {
                        "S": "139561"
                    },
                    "title": {
                        "S": "Pilgrim Song (2012)"
                    },
                    "genres": {
                        "S": "Drama"
                    }
                }
            }
        },
        {
            "PutRequest": {
                "Item": {
                    "id": {
                        "S": "139563"
                    },
                    "title": {
                        "S": "Primary Motive (1992)"
                    },
                    "genres": {
                        "S": "(no genres listed)"
                    }
                }
            }
        },
        {
            "PutRequest": {
                "Item": {
                    "id": {
                        "S": "139565"
                    },
                    "title": {
                        "S": "Santorini Blue (2013)"
                    },
                    "genres": {
                        "S": "(no genres listed)"
                    }
                }
            }
        },
        {
            "PutRequest": {
                "Item": {
                    "id": {
                        "S": "139567"
                    },
                    "title": {
                        "S": "Sensation (2011)"
                    },
                    "genres": {
                        "S": "Comedy|Drama|Romance"
                    }
                }
            }
        },
        {
            "PutRequest": {
                "Item": {
                    "id": {
                        "S": "139569"
                    },
                    "title": {
                        "S": "Shock Value (2014)"
                    },
                    "genres": {
                        "S": "(no genres listed)"
                    }
                }
            }
        },
        {
            "PutRequest": {
                "Item": {
                    "id": {
                        "S": "139571"
                    },
                    "title": {
                        "S": "Small, Beautifully Moving Parts (2012)"
                    },
                    "genres": {
                        "S": "Comedy"
                    }
                }
            }
        },
        {
            "PutRequest": {
                "Item": {
                    "id": {
                        "S": "139573"
                    },
                    "title": {
                        "S": "Stag (2013)"
                    },
                    "genres": {
                        "S": "Comedy"
                    }
                }
            }
        },
        {
            "PutRequest": {
                "Item": {
                    "id": {
                        "S": "139575"
                    },
                    "title": {
                        "S": "Baahubali: The Beginning (2015)"
                    },
                    "genres": {
                        "S": "Action|Drama"
                    }
                }
            }
        },
        {
            "PutRequest": {
                "Item": {
                    "id": {
                        "S": "139578"
                    },
                    "title": {
                        "S": "La Fleur de l'\u00e2ge (2013)"
                    },
                    "genres": {
                        "S": "Comedy"
                    }
                }
            }
        },
        {
            "PutRequest": {
                "Item": {
                    "id": {
                        "S": "139580"
                    },
                    "title": {
                        "S": "Den of Lions (2003)"
                    },
                    "genres": {
                        "S": "Action|Thriller"
                    }
                }
            }
        },
        {
            "PutRequest": {
                "Item": {
                    "id": {
                        "S": "139584"
                    },
                    "title": {
                        "S": "Pok\u00e9mon Ranger and the Temple of the Sea (2006)"
                    },
                    "genres": {
                        "S": "Animation|Children"
                    }
                }
            }
        },
        {
            "PutRequest": {
                "Item": {
                    "id": {
                        "S": "139586"
                    },
                    "title": {
                        "S": "Heart of the Country (2013)"
                    },
                    "genres": {
                        "S": "Drama|Romance"
                    }
                }
            }
        },
        {
            "PutRequest": {
                "Item": {
                    "id": {
                        "S": "139588"
                    },
                    "title": {
                        "S": "Neon Maniacs (1986)"
                    },
                    "genres": {
                        "S": "Horror"
                    }
                }
            }
        },
        {
            "PutRequest": {
                "Item": {
                    "id": {
                        "S": "139590"
                    },
                    "title": {
                        "S": "Hunt for the Labyrinth Killer (2013)"
                    },
                    "genres": {
                        "S": "Drama|Mystery|Thriller"
                    }
                }
            }
        },
        {
            "PutRequest": {
                "Item": {
                    "id": {
                        "S": "139592"
                    },
                    "title": {
                        "S": "Heaven's Door (2013)"
                    },
                    "genres": {
                        "S": "(no genres listed)"
                    }
                }
            }
        },
        {
            "PutRequest": {
                "Item": {
                    "id": {
                        "S": "139596"
                    },
                    "title": {
                        "S": "Daniel\u016fv sv\u011bt"
                    },
                    "genres": {
                        "S": "(no genres listed)"
                    }
                }
            }
        },
        {
            "PutRequest": {
                "Item": {
                    "id": {
                        "S": "139598"
                    },
                    "title": {
                        "S": "Yellowbird (2014)"
                    },
                    "genres": {
                        "S": "Animation|Children|Comedy"
                    }
                }
            }
        },
        {
            "PutRequest": {
                "Item": {
                    "id": {
                        "S": "139600"
                    },
                    "title": {
                        "S": "Snow in Paradise (2015)"
                    },
                    "genres": {
                        "S": "Thriller"
                    }
                }
            }
        },
        {
            "PutRequest": {
                "Item": {
                    "id": {
                        "S": "139602"
                    },
                    "title": {
                        "S": "I Am Steve McQueen (2014)"
                    },
                    "genres": {
                        "S": "Documentary"
                    }
                }
            }
        },
        {
            "PutRequest": {
                "Item": {
                    "id": {
                        "S": "139604"
                    },
                    "title": {
                        "S": "Electrical Girl (2001)"
                    },
                    "genres": {
                        "S": "Comedy"
                    }
                }
            }
        }
    ]
}