{
    "movies": [
        {
            "PutRequest": {
                "Item": {
                    "id": {
                        "S": "124907"
                    },
                    "title": {
                        "S": "The Outlaws Is Coming (1965)"
                    },
                    "genres": {
                        "S": "Comedy|Western"
                    }
                }
            }
        },
        {
            "PutRequest": {
                "Item": {
                    "id": {
                        "S": "124909"
                    },
                    "title": {
                        "S": "Hollywood Hotel (1937)"
                    },
                    "genres": {
                        "S": "Comedy|Romance"
                    }
                }
            }
        },
        {
            "PutRequest": {
                "Item": {
                    "id": {
                        "S": "124913"
                    },
                    "title": {
                        "S": "Union Depot (1932)"
                    },
                    "genres": {
                        "S": "Comedy|Drama|Romance"
                    }
                }
            }
        },
        {
            "PutRequest": {
                "Item": {
                    "id": {
                        "S": "124915"
                    },
                    "title": {
                        "S": "The Hills Run Red (1966)"
                    },
                    "genres": {
                        "S": "Action|Western"
                    }
                }
            }
        },
        {
            "PutRequest": {
                "Item": {
                    "id": {
                        "S": "124917"
                    },
                    "title": {
                        "S": "Ten Cents a Dance (1931)"
                    },
                    "genres": {
                        "S": "Drama"
                    }
                }
            }
        },
        {
            "PutRequest": {
                "Item": {
                    "id": {
                        "S": "124919"
                    },
                    "title": {
                        "S": "The Wind in the Willows (1995)"
                    },
                    "genres": {
                        "S": "Adventure|Animation|Children|Comedy"
                    }
                }
            }
        },
        {
            "PutRequest": {
                "Item": {
                    "id": {
                        "S": "124921"
                    },
                    "title": {
                        "S": "Melody for a Street Organ (2009)"
                    },
                    "genres": {
                        "S": "(no genres listed)"
                    }
                }
            }
        },
        {
            "PutRequest": {
                "Item": {
                    "id": {
                        "S": "124923"
                    },
                    "title": {
                        "S": "The Dolphin: Story of a Dreamer (2009)"
                    },
                    "genres": {
                        "S": "Animation"
                    }
                }
            }
        },
        {
            "PutRequest": {
                "Item": {
                    "id": {
                        "S": "124925"
                    },
                    "title": {
                        "S": "Swing High, Swing Low (1937)"
                    },
                    "genres": {
                        "S": "Drama|Romance"
                    }
                }
            }
        },
        {
            "PutRequest": {
                "Item": {
                    "id": {
                        "S": "124927"
                    },
                    "title": {
                        "S": "Toys in the Attic (2009)"
                    },
                    "genres": {
                        "S": "Animation|Children|Fantasy|Thriller"
                    }
                }
            }
        },
        {
            "PutRequest": {
                "Item": {
                    "id": {
                        "S": "124929"
                    },
                    "title": {
                        "S": "The Unseen (1996)"
                    },
                    "genres": {
                        "S": "Documentary"
                    }
                }
            }
        },
        {
            "PutRequest": {
                "Item": {
                    "id": {
                        "S": "124931"
                    },
                    "title": {
                        "S": "Return from the Ashes (1965)"
                    },
                    "genres": {
                        "S": "Drama"
                    }
                }
            }
        },
        {
            "PutRequest": {
                "Item": {
                    "id": {
                        "S": "124933"
                    },
                    "title": {
                        "S": "Project: Shadowchaser (1992)"
                    },
                    "genres": {
                        "S": "Action|Sci-Fi|Thriller"
                    }
                }
            }
        },
        {
            "PutRequest": {
                "Item": {
                    "id": {
                        "S": "124935"
                    },
                    "title": {
                        "S": "Redemption Road (2011)"
                    },
                    "genres": {
                        "S": "Drama"
                    }
                }
            }
        },
        {
            "PutRequest": {
                "Item": {
                    "id": {
                        "S": "124937"
                    },
                    "title": {
                        "S": "Willow and Wind (2000)"
                    },
                    "genres": {
                        "S": "(no genres listed)"
                    }
                }
            }
        },
        {
            "PutRequest": {
                "Item": {
                    "id": {
                        "S": "124939"
                    },
                    "title": {
                        "S": "The Perfect Furlough (1958)"
                    },
                    "genres": {
                        "S": "Comedy"
                    }
                }
            }
        },
        {
            "PutRequest": {
                "Item": {
                    "id": {
                        "S": "124941"
                    },
                    "title": {
                        "S": "Virus (1996)"
                    },
                    "genres": {
                        "S": "Action|Thriller"
                    }
                }
            }
        },
        {
            "PutRequest": {
                "Item": {
                    "id": {
                        "S": "124943"
                    },
                    "title": {
                        "S": "Murder on a Honeymoon (1935)"
                    },
                    "genres": {
                        "S": "Comedy|Mystery"
                    }
                }
            }
        },
        {
            "PutRequest": {
                "Item": {
                    "id": {
                        "S": "124945"
                    },
                    "title": {
                        "S": "Stage Struck (1958)"
                    },
                    "genres": {
                        "S": "Drama|Romance"
                    }
                }
            }
        },
        {
            "PutRequest": {
                "Item": {
                    "id": {
                        "S": "124947"
                    },
                    "title": {
                        "S": "Pound Puppies and the Legend of Big Paw (1988)"
                    },
                    "genres": {
                        "S": "Children"
                    }
                }
            }
        },
        {
            "PutRequest": {
                "Item": {
                    "id": {
                        "S": "124949"
                    },
                    "title": {
                        "S": "Goat (2013)"
                    },
                    "genres": {
                        "S": "Action|Crime"
                    }
                }
            }
        },
        {
            "PutRequest": {
                "Item": {
                    "id": {
                        "S": "124951"
                    },
                    "title": {
                        "S": "Heidi (1968)"
                    },
                    "genres": {
                        "S": "Children|Drama"
                    }
                }
            }
        },
        {
            "PutRequest": {
                "Item": {
                    "id": {
                        "S": "124953"
                    },
                    "title": {
                        "S": "Gun Glory (1957)"
                    },
                    "genres": {
                        "S": "Western"
                    }
                }
            }
        },
        {
            "PutRequest": {
                "Item": {
                    "id": {
                        "S": "124955"
                    },
                    "title": {
                        "S": "Ritual (2013)"
                    },
                    "genres": {
                        "S": "Horror"
                    }
                }
            }
        },
        {
            "PutRequest": {
                "Item": {
                    "id": {
                        "S": "124957"
                    },
                    "title": {
                        "S": "The Foreign Duck, the Native Duck and God in a Coin Locker (2007)"
                    },
                    "genres": {
                        "S": "Drama"
                    }
                }
            }
        }
    ]
}