{
    "movies": [
        {
            "PutRequest": {
                "Item": {
                    "id": {
                        "S": "136277"
                    },
                    "title": {
                        "S": "Io so che tu sai che io so (1982)"
                    },
                    "genres": {
                        "S": "(no genres listed)"
                    }
                }
            }
        },
        {
            "PutRequest": {
                "Item": {
                    "id": {
                        "S": "136279"
                    },
                    "title": {
                        "S": "Journey with Papa (1982)"
                    },
                    "genres": {
                        "S": "Comedy"
                    }
                }
            }
        },
        {
            "PutRequest": {
                "Item": {
                    "id": {
                        "S": "136281"
                    },
                    "title": {
                        "S": "Catherine and I (1980)"
                    },
                    "genres": {
                        "S": "Comedy"
                    }
                }
            }
        },
        {
            "PutRequest": {
                "Item": {
                    "id": {
                        "S": "136283"
                    },
                    "title": {
                        "S": "Dove vai in vacanza? (1979)"
                    },
                    "genres": {
                        "S": "(no genres listed)"
                    }
                }
            }
        },
        {
            "PutRequest": {
                "Item": {
                    "id": {
                        "S": "136285"
                    },
                    "title": {
                        "S": "Finch\u00e9 c'\u00e8 guerra c'\u00e8 speranza (1974)"
                    },
                    "genres": {
                        "S": "(no genres listed)"
                    }
                }
            }
        },
        {
            "PutRequest": {
                "Item": {
                    "id": {
                        "S": "136287"
                    },
                    "title": {
                        "S": "Polvere di Stelle (1973)"
                    },
                    "genres": {
                        "S": "(no genres listed)"
                    }
                }
            }
        },
        {
            "PutRequest": {
                "Item": {
                    "id": {
                        "S": "136289"
                    },
                    "title": {
                        "S": "Fumo di Londra (1966)"
                    },
                    "genres": {
                        "S": "Comedy"
                    }
                }
            }
        },
        {
            "PutRequest": {
                "Item": {
                    "id": {
                        "S": "136291"
                    },
                    "title": {
                        "S": "Amore mio aiutami (1969)"
                    },
                    "genres": {
                        "S": "Comedy"
                    }
                }
            }
        },
        {
            "PutRequest": {
                "Item": {
                    "id": {
                        "S": "136295"
                    },
                    "title": {
                        "S": "Scusi, lei \u00e8 favorevole o contrario? (1966)"
                    },
                    "genres": {
                        "S": "Comedy"
                    }
                }
            }
        },
        {
            "PutRequest": {
                "Item": {
                    "id": {
                        "S": "136297"
                    },
                    "title": {
                        "S": "Mortal Kombat: The Journey Begins (1995)"
                    },
                    "genres": {
                        "S": "Action|Animation"
                    }
                }
            }
        },
        {
            "PutRequest": {
                "Item": {
                    "id": {
                        "S": "136299"
                    },
                    "title": {
                        "S": "Red Victoria"
                    },
                    "genres": {
                        "S": "Comedy|Horror"
                    }
                }
            }
        },
        {
            "PutRequest": {
                "Item": {
                    "id": {
                        "S": "136301"
                    },
                    "title": {
                        "S": "Mega Man (2010)"
                    },
                    "genres": {
                        "S": "Action|Drama|Sci-Fi"
                    }
                }
            }
        },
        {
            "PutRequest": {
                "Item": {
                    "id": {
                        "S": "136303"
                    },
                    "title": {
                        "S": "Street Fighter: Round One - FIGHT! (2009)"
                    },
                    "genres": {
                        "S": "Animation|Fantasy|Horror|Sci-Fi"
                    }
                }
            }
        },
        {
            "PutRequest": {
                "Item": {
                    "id": {
                        "S": "136305"
                    },
                    "title": {
                        "S": "Sharknado 3: Oh Hell No! (2015)"
                    },
                    "genres": {
                        "S": "Horror|Sci-Fi"
                    }
                }
            }
        },
        {
            "PutRequest": {
                "Item": {
                    "id": {
                        "S": "136307"
                    },
                    "title": {
                        "S": "The Scorpion King 4: Quest for Power (2015)"
                    },
                    "genres": {
                        "S": "Action|Adventure|Fantasy"
                    }
                }
            }
        },
        {
            "PutRequest": {
                "Item": {
                    "id": {
                        "S": "136309"
                    },
                    "title": {
                        "S": "Scooby-Doo! Moon Monster Madness (2015)"
                    },
                    "genres": {
                        "S": "Adventure|Animation|Children"
                    }
                }
            }
        },
        {
            "PutRequest": {
                "Item": {
                    "id": {
                        "S": "136311"
                    },
                    "title": {
                        "S": "My Date with the President's Daughter (1998)"
                    },
                    "genres": {
                        "S": "(no genres listed)"
                    }
                }
            }
        },
        {
            "PutRequest": {
                "Item": {
                    "id": {
                        "S": "136313"
                    },
                    "title": {
                        "S": "Born as a Warrior (1994)"
                    },
                    "genres": {
                        "S": "Action"
                    }
                }
            }
        },
        {
            "PutRequest": {
                "Item": {
                    "id": {
                        "S": "136315"
                    },
                    "title": {
                        "S": "Bersaglio altezza uomo (1979)"
                    },
                    "genres": {
                        "S": "Action"
                    }
                }
            }
        },
        {
            "PutRequest": {
                "Item": {
                    "id": {
                        "S": "136317"
                    },
                    "title": {
                        "S": "Queen of Sex (1977)"
                    },
                    "genres": {
                        "S": "Thriller"
                    }
                }
            }
        },
        {
            "PutRequest": {
                "Item": {
                    "id": {
                        "S": "136319"
                    },
                    "title": {
                        "S": "The Mad Butcher (1971)"
                    },
                    "genres": {
                        "S": "Horror"
                    }
                }
            }
        },
        {
            "PutRequest": {
                "Item": {
                    "id": {
                        "S": "136323"
                    },
                    "title": {
                        "S": "A Man Called Amen (1968)"
                    },
                    "genres": {
                        "S": "Western"
                    }
                }
            }
        },
        {
            "PutRequest": {
                "Item": {
                    "id": {
                        "S": "136325"
                    },
                    "title": {
                        "S": "Psychopath (1968)"
                    },
                    "genres": {
                        "S": "Comedy|Crime"
                    }
                }
            }
        },
        {
            "PutRequest": {
                "Item": {
                    "id": {
                        "S": "136329"
                    },
                    "title": {
                        "S": "Thompson 1880 (1966)"
                    },
                    "genres": {
                        "S": "Western"
                    }
                }
            }
        },
        {
            "PutRequest": {
                "Item": {
                    "id": {
                        "S": "136331"
                    },
                    "title": {
                        "S": "Chill Out, Scooby-Doo! (2007)"
                    },
                    "genres": {
                        "S": "Action|Adventure|Animation|Children|Mystery"
                    }
                }
            }
        }
    ]
}