{
    "movies": [
        {
            "PutRequest": {
                "Item": {
                    "id": {
                        "S": "135753"
                    },
                    "title": {
                        "S": "The Dawns Here are Quiet (1972)"
                    },
                    "genres": {
                        "S": "Drama|War"
                    }
                }
            }
        },
        {
            "PutRequest": {
                "Item": {
                    "id": {
                        "S": "135755"
                    },
                    "title": {
                        "S": "Shaolin Intruders (1983)"
                    },
                    "genres": {
                        "S": "Action|Drama"
                    }
                }
            }
        },
        {
            "PutRequest": {
                "Item": {
                    "id": {
                        "S": "135757"
                    },
                    "title": {
                        "S": "Don't Give a Damn (1995)"
                    },
                    "genres": {
                        "S": "Action|Comedy"
                    }
                }
            }
        },
        {
            "PutRequest": {
                "Item": {
                    "id": {
                        "S": "135759"
                    },
                    "title": {
                        "S": "A Frozen Flower (2008)"
                    },
                    "genres": {
                        "S": "Drama"
                    }
                }
            }
        },
        {
            "PutRequest": {
                "Item": {
                    "id": {
                        "S": "135761"
                    },
                    "title": {
                        "S": "Kaminey (2009)"
                    },
                    "genres": {
                        "S": "Action|Crime|Drama"
                    }
                }
            }
        },
        {
            "PutRequest": {
                "Item": {
                    "id": {
                        "S": "135763"
                    },
                    "title": {
                        "S": "Company (2002)"
                    },
                    "genres": {
                        "S": "Action|Drama"
                    }
                }
            }
        },
        {
            "PutRequest": {
                "Item": {
                    "id": {
                        "S": "135765"
                    },
                    "title": {
                        "S": "Vishwaroopam (2013)"
                    },
                    "genres": {
                        "S": "Action|Crime|Thriller"
                    }
                }
            }
        },
        {
            "PutRequest": {
                "Item": {
                    "id": {
                        "S": "135767"
                    },
                    "title": {
                        "S": "Omkara (2006)"
                    },
                    "genres": {
                        "S": "Crime|Drama"
                    }
                }
            }
        },
        {
            "PutRequest": {
                "Item": {
                    "id": {
                        "S": "135769"
                    },
                    "title": {
                        "S": "Baadshah (1999)"
                    },
                    "genres": {
                        "S": "Action|Comedy"
                    }
                }
            }
        },
        {
            "PutRequest": {
                "Item": {
                    "id": {
                        "S": "135771"
                    },
                    "title": {
                        "S": "Koyla (1997)"
                    },
                    "genres": {
                        "S": "(no genres listed)"
                    }
                }
            }
        },
        {
            "PutRequest": {
                "Item": {
                    "id": {
                        "S": "135773"
                    },
                    "title": {
                        "S": "Shool (1999)"
                    },
                    "genres": {
                        "S": "(no genres listed)"
                    }
                }
            }
        },
        {
            "PutRequest": {
                "Item": {
                    "id": {
                        "S": "135775"
                    },
                    "title": {
                        "S": "Ghayal (1990)"
                    },
                    "genres": {
                        "S": "(no genres listed)"
                    }
                }
            }
        },
        {
            "PutRequest": {
                "Item": {
                    "id": {
                        "S": "135777"
                    },
                    "title": {
                        "S": "Golmaal (2006)"
                    },
                    "genres": {
                        "S": "Children|Comedy"
                    }
                }
            }
        },
        {
            "PutRequest": {
                "Item": {
                    "id": {
                        "S": "135779"
                    },
                    "title": {
                        "S": "Royal Tramp (1992)"
                    },
                    "genres": {
                        "S": "Action|Comedy"
                    }
                }
            }
        },
        {
            "PutRequest": {
                "Item": {
                    "id": {
                        "S": "135781"
                    },
                    "title": {
                        "S": "Saheb Biwi Aur Gangster (2011)"
                    },
                    "genres": {
                        "S": "Action|Crime|Drama|Romance|Thriller"
                    }
                }
            }
        },
        {
            "PutRequest": {
                "Item": {
                    "id": {
                        "S": "135783"
                    },
                    "title": {
                        "S": "Gadar: Ek Prem Katha (2001)"
                    },
                    "genres": {
                        "S": "(no genres listed)"
                    }
                }
            }
        },
        {
            "PutRequest": {
                "Item": {
                    "id": {
                        "S": "135785"
                    },
                    "title": {
                        "S": "Knockabout (1979)"
                    },
                    "genres": {
                        "S": "Action|Adventure|Comedy"
                    }
                }
            }
        },
        {
            "PutRequest": {
                "Item": {
                    "id": {
                        "S": "135787"
                    },
                    "title": {
                        "S": "Bruce Lee: A Warrior's Journey (2000)"
                    },
                    "genres": {
                        "S": "Documentary"
                    }
                }
            }
        },
        {
            "PutRequest": {
                "Item": {
                    "id": {
                        "S": "135789"
                    },
                    "title": {
                        "S": "Shaitan (2011)"
                    },
                    "genres": {
                        "S": "Action|Crime|Drama|Thriller"
                    }
                }
            }
        },
        {
            "PutRequest": {
                "Item": {
                    "id": {
                        "S": "135791"
                    },
                    "title": {
                        "S": "Awara Paagal Deewana (2002)"
                    },
                    "genres": {
                        "S": "Action|Comedy|Crime"
                    }
                }
            }
        },
        {
            "PutRequest": {
                "Item": {
                    "id": {
                        "S": "135793"
                    },
                    "title": {
                        "S": "The Incredible Kung Fu Master (1979)"
                    },
                    "genres": {
                        "S": "Action"
                    }
                }
            }
        },
        {
            "PutRequest": {
                "Item": {
                    "id": {
                        "S": "135795"
                    },
                    "title": {
                        "S": "Mardaani (2014)"
                    },
                    "genres": {
                        "S": "Action|Drama|Thriller"
                    }
                }
            }
        },
        {
            "PutRequest": {
                "Item": {
                    "id": {
                        "S": "135797"
                    },
                    "title": {
                        "S": "Shootout at Lokhandwala (2007)"
                    },
                    "genres": {
                        "S": "Action|Crime|Drama"
                    }
                }
            }
        },
        {
            "PutRequest": {
                "Item": {
                    "id": {
                        "S": "135799"
                    },
                    "title": {
                        "S": "Josh (2000)"
                    },
                    "genres": {
                        "S": "(no genres listed)"
                    }
                }
            }
        },
        {
            "PutRequest": {
                "Item": {
                    "id": {
                        "S": "135801"
                    },
                    "title": {
                        "S": "Righting Wrongs (1986)"
                    },
                    "genres": {
                        "S": "Action"
                    }
                }
            }
        }
    ]
}