{
    "movies": [
        {
            "PutRequest": {
                "Item": {
                    "id": {
                        "S": "127025"
                    },
                    "title": {
                        "S": "Josephine (2013)"
                    },
                    "genres": {
                        "S": "Comedy|Romance"
                    }
                }
            }
        },
        {
            "PutRequest": {
                "Item": {
                    "id": {
                        "S": "127027"
                    },
                    "title": {
                        "S": "The Land Unknown (1957)"
                    },
                    "genres": {
                        "S": "Adventure|Fantasy|Sci-Fi"
                    }
                }
            }
        },
        {
            "PutRequest": {
                "Item": {
                    "id": {
                        "S": "127029"
                    },
                    "title": {
                        "S": "Crazy Thunder Road (1980)"
                    },
                    "genres": {
                        "S": "Action|Sci-Fi"
                    }
                }
            }
        },
        {
            "PutRequest": {
                "Item": {
                    "id": {
                        "S": "127031"
                    },
                    "title": {
                        "S": "Pizzas (2012)"
                    },
                    "genres": {
                        "S": "Drama"
                    }
                }
            }
        },
        {
            "PutRequest": {
                "Item": {
                    "id": {
                        "S": "127033"
                    },
                    "title": {
                        "S": "Mother, I Love You (2013)"
                    },
                    "genres": {
                        "S": "Drama"
                    }
                }
            }
        },
        {
            "PutRequest": {
                "Item": {
                    "id": {
                        "S": "127035"
                    },
                    "title": {
                        "S": "Dream Team 1935 (2012)"
                    },
                    "genres": {
                        "S": "Comedy|Drama"
                    }
                }
            }
        },
        {
            "PutRequest": {
                "Item": {
                    "id": {
                        "S": "127038"
                    },
                    "title": {
                        "S": "Matthew's Days (1968)"
                    },
                    "genres": {
                        "S": "Drama"
                    }
                }
            }
        },
        {
            "PutRequest": {
                "Item": {
                    "id": {
                        "S": "127040"
                    },
                    "title": {
                        "S": "Fantomas (Fant\u00f4mas) (1964)"
                    },
                    "genres": {
                        "S": "Adventure|Comedy|Crime|Fantasy"
                    }
                }
            }
        },
        {
            "PutRequest": {
                "Item": {
                    "id": {
                        "S": "127042"
                    },
                    "title": {
                        "S": "Fantomas Unleashed (Fant\u00f4mas se d\u00e9cha\u00eene) (1965)"
                    },
                    "genres": {
                        "S": "Adventure|Comedy|Crime|Fantasy"
                    }
                }
            }
        },
        {
            "PutRequest": {
                "Item": {
                    "id": {
                        "S": "127044"
                    },
                    "title": {
                        "S": "Fantomas vs. Scotland Yard (Fant\u00f4mas contre Scotland Yard) (1967)"
                    },
                    "genres": {
                        "S": "Adventure|Comedy|Crime|Fantasy"
                    }
                }
            }
        },
        {
            "PutRequest": {
                "Item": {
                    "id": {
                        "S": "127046"
                    },
                    "title": {
                        "S": "Pursuit to Algiers (1945)"
                    },
                    "genres": {
                        "S": "Adventure|Crime|Mystery|Romance"
                    }
                }
            }
        },
        {
            "PutRequest": {
                "Item": {
                    "id": {
                        "S": "127048"
                    },
                    "title": {
                        "S": "The Radio Pirates (2007)"
                    },
                    "genres": {
                        "S": "Children|Comedy"
                    }
                }
            }
        },
        {
            "PutRequest": {
                "Item": {
                    "id": {
                        "S": "127050"
                    },
                    "title": {
                        "S": "Megacities (1998)"
                    },
                    "genres": {
                        "S": "Documentary"
                    }
                }
            }
        },
        {
            "PutRequest": {
                "Item": {
                    "id": {
                        "S": "127052"
                    },
                    "title": {
                        "S": "Operation 'Y' & Other Shurik's Adventures (1965)"
                    },
                    "genres": {
                        "S": "Comedy|Crime|Romance"
                    }
                }
            }
        },
        {
            "PutRequest": {
                "Item": {
                    "id": {
                        "S": "127054"
                    },
                    "title": {
                        "S": "Gertie the Dinosaur (1914)"
                    },
                    "genres": {
                        "S": "Animation|Children|Comedy"
                    }
                }
            }
        },
        {
            "PutRequest": {
                "Item": {
                    "id": {
                        "S": "127060"
                    },
                    "title": {
                        "S": "Blood, Sweat + Vinyl: DIY in the 21st Century (2011)"
                    },
                    "genres": {
                        "S": "Documentary"
                    }
                }
            }
        },
        {
            "PutRequest": {
                "Item": {
                    "id": {
                        "S": "127062"
                    },
                    "title": {
                        "S": "The Lumi\u00e8re Brothers' First Films (1996)"
                    },
                    "genres": {
                        "S": "Documentary"
                    }
                }
            }
        },
        {
            "PutRequest": {
                "Item": {
                    "id": {
                        "S": "127064"
                    },
                    "title": {
                        "S": "Amador (2010)"
                    },
                    "genres": {
                        "S": "Drama"
                    }
                }
            }
        },
        {
            "PutRequest": {
                "Item": {
                    "id": {
                        "S": "127066"
                    },
                    "title": {
                        "S": "Art and Craft (2014)"
                    },
                    "genres": {
                        "S": "Documentary"
                    }
                }
            }
        },
        {
            "PutRequest": {
                "Item": {
                    "id": {
                        "S": "127068"
                    },
                    "title": {
                        "S": "The Castle of Fu Manchu (1969)"
                    },
                    "genres": {
                        "S": "Action|Crime|Horror"
                    }
                }
            }
        },
        {
            "PutRequest": {
                "Item": {
                    "id": {
                        "S": "127070"
                    },
                    "title": {
                        "S": "The Vengeance of Fu Manchu (1967)"
                    },
                    "genres": {
                        "S": "Action|Crime|Drama|Horror"
                    }
                }
            }
        },
        {
            "PutRequest": {
                "Item": {
                    "id": {
                        "S": "127072"
                    },
                    "title": {
                        "S": "Lightning Bolt: The Power of Salad (2002)"
                    },
                    "genres": {
                        "S": "Documentary"
                    }
                }
            }
        },
        {
            "PutRequest": {
                "Item": {
                    "id": {
                        "S": "127074"
                    },
                    "title": {
                        "S": "Fuck Up (2012)"
                    },
                    "genres": {
                        "S": "Comedy|Crime|Drama"
                    }
                }
            }
        },
        {
            "PutRequest": {
                "Item": {
                    "id": {
                        "S": "127076"
                    },
                    "title": {
                        "S": "Defenders of Riga (2007)"
                    },
                    "genres": {
                        "S": "Action|Drama|War"
                    }
                }
            }
        },
        {
            "PutRequest": {
                "Item": {
                    "id": {
                        "S": "127078"
                    },
                    "title": {
                        "S": "Gulf Stream Under the Iceberg (2012)"
                    },
                    "genres": {
                        "S": "Drama|Fantasy"
                    }
                }
            }
        }
    ]
}