{
    "movies": [
        {
            "PutRequest": {
                "Item": {
                    "id": {
                        "S": "123026"
                    },
                    "title": {
                        "S": "Horror Island (1941)"
                    },
                    "genres": {
                        "S": "Horror"
                    }
                }
            }
        },
        {
            "PutRequest": {
                "Item": {
                    "id": {
                        "S": "123028"
                    },
                    "title": {
                        "S": "Sealed Lips (1942)"
                    },
                    "genres": {
                        "S": "Crime"
                    }
                }
            }
        },
        {
            "PutRequest": {
                "Item": {
                    "id": {
                        "S": "123030"
                    },
                    "title": {
                        "S": "Tangier (1946)"
                    },
                    "genres": {
                        "S": "Adventure|Drama"
                    }
                }
            }
        },
        {
            "PutRequest": {
                "Item": {
                    "id": {
                        "S": "123034"
                    },
                    "title": {
                        "S": "Aces Go Places V: The Terracotta Hit (1989)"
                    },
                    "genres": {
                        "S": "Action"
                    }
                }
            }
        },
        {
            "PutRequest": {
                "Item": {
                    "id": {
                        "S": "123036"
                    },
                    "title": {
                        "S": "Pagan Love Song (1950)"
                    },
                    "genres": {
                        "S": "Drama|Romance"
                    }
                }
            }
        },
        {
            "PutRequest": {
                "Item": {
                    "id": {
                        "S": "123038"
                    },
                    "title": {
                        "S": "The Racers (1955)"
                    },
                    "genres": {
                        "S": "(no genres listed)"
                    }
                }
            }
        },
        {
            "PutRequest": {
                "Item": {
                    "id": {
                        "S": "123040"
                    },
                    "title": {
                        "S": "The Oklahoman (1957)"
                    },
                    "genres": {
                        "S": "Western"
                    }
                }
            }
        },
        {
            "PutRequest": {
                "Item": {
                    "id": {
                        "S": "123042"
                    },
                    "title": {
                        "S": "The Golden Age of Comedy (1957)"
                    },
                    "genres": {
                        "S": "Comedy"
                    }
                }
            }
        },
        {
            "PutRequest": {
                "Item": {
                    "id": {
                        "S": "123044"
                    },
                    "title": {
                        "S": "Stalingrad (1989)"
                    },
                    "genres": {
                        "S": "(no genres listed)"
                    }
                }
            }
        },
        {
            "PutRequest": {
                "Item": {
                    "id": {
                        "S": "123046"
                    },
                    "title": {
                        "S": "The Tsunami and the Cherry Blossom (2011)"
                    },
                    "genres": {
                        "S": "Documentary"
                    }
                }
            }
        },
        {
            "PutRequest": {
                "Item": {
                    "id": {
                        "S": "123048"
                    },
                    "title": {
                        "S": "The Power Within (1995)"
                    },
                    "genres": {
                        "S": "Action|Fantasy|Sci-Fi"
                    }
                }
            }
        },
        {
            "PutRequest": {
                "Item": {
                    "id": {
                        "S": "123052"
                    },
                    "title": {
                        "S": "No Greater Glory (1934)"
                    },
                    "genres": {
                        "S": "(no genres listed)"
                    }
                }
            }
        },
        {
            "PutRequest": {
                "Item": {
                    "id": {
                        "S": "123061"
                    },
                    "title": {
                        "S": "Goodbye, Mr. President (1987)"
                    },
                    "genres": {
                        "S": "(no genres listed)"
                    }
                }
            }
        },
        {
            "PutRequest": {
                "Item": {
                    "id": {
                        "S": "123063"
                    },
                    "title": {
                        "S": "Sankofa (1993)"
                    },
                    "genres": {
                        "S": "Drama"
                    }
                }
            }
        },
        {
            "PutRequest": {
                "Item": {
                    "id": {
                        "S": "123065"
                    },
                    "title": {
                        "S": "Teza (2008)"
                    },
                    "genres": {
                        "S": "Drama|Thriller"
                    }
                }
            }
        },
        {
            "PutRequest": {
                "Item": {
                    "id": {
                        "S": "123067"
                    },
                    "title": {
                        "S": "The Mystery of Mr. X (1934)"
                    },
                    "genres": {
                        "S": "Comedy|Crime|Mystery"
                    }
                }
            }
        },
        {
            "PutRequest": {
                "Item": {
                    "id": {
                        "S": "123069"
                    },
                    "title": {
                        "S": "Midnight Heat (1996)"
                    },
                    "genres": {
                        "S": "Action|Drama|Thriller"
                    }
                }
            }
        },
        {
            "PutRequest": {
                "Item": {
                    "id": {
                        "S": "123071"
                    },
                    "title": {
                        "S": "Red Dust (1990)"
                    },
                    "genres": {
                        "S": "(no genres listed)"
                    }
                }
            }
        },
        {
            "PutRequest": {
                "Item": {
                    "id": {
                        "S": "123073"
                    },
                    "title": {
                        "S": "In the Presence of Mine Enemies (1997)"
                    },
                    "genres": {
                        "S": "Drama|War"
                    }
                }
            }
        },
        {
            "PutRequest": {
                "Item": {
                    "id": {
                        "S": "123077"
                    },
                    "title": {
                        "S": "Talk About a Stranger (1952)"
                    },
                    "genres": {
                        "S": "Drama|Mystery"
                    }
                }
            }
        },
        {
            "PutRequest": {
                "Item": {
                    "id": {
                        "S": "123079"
                    },
                    "title": {
                        "S": "The Newcomers (2000)"
                    },
                    "genres": {
                        "S": "Children|Drama"
                    }
                }
            }
        },
        {
            "PutRequest": {
                "Item": {
                    "id": {
                        "S": "123081"
                    },
                    "title": {
                        "S": "Right Cross (1950)"
                    },
                    "genres": {
                        "S": "Drama"
                    }
                }
            }
        },
        {
            "PutRequest": {
                "Item": {
                    "id": {
                        "S": "123083"
                    },
                    "title": {
                        "S": "Heidi (1993)"
                    },
                    "genres": {
                        "S": "Children"
                    }
                }
            }
        },
        {
            "PutRequest": {
                "Item": {
                    "id": {
                        "S": "123085"
                    },
                    "title": {
                        "S": "The Miracle Worker (2000)"
                    },
                    "genres": {
                        "S": "Drama"
                    }
                }
            }
        },
        {
            "PutRequest": {
                "Item": {
                    "id": {
                        "S": "123087"
                    },
                    "title": {
                        "S": "The Return of Sabata (1971)"
                    },
                    "genres": {
                        "S": "Action|Western"
                    }
                }
            }
        }
    ]
}