{
    "movies": [
        {
            "PutRequest": {
                "Item": {
                    "id": {
                        "S": "136012"
                    },
                    "title": {
                        "S": "Bloodsport III (1996)"
                    },
                    "genres": {
                        "S": "Action|Thriller"
                    }
                }
            }
        },
        {
            "PutRequest": {
                "Item": {
                    "id": {
                        "S": "136014"
                    },
                    "title": {
                        "S": "The Startup Kids (2012)"
                    },
                    "genres": {
                        "S": "Documentary"
                    }
                }
            }
        },
        {
            "PutRequest": {
                "Item": {
                    "id": {
                        "S": "136016"
                    },
                    "title": {
                        "S": "The Good Dinosaur (2015)"
                    },
                    "genres": {
                        "S": "Adventure|Animation|Children|Comedy|Fantasy"
                    }
                }
            }
        },
        {
            "PutRequest": {
                "Item": {
                    "id": {
                        "S": "136018"
                    },
                    "title": {
                        "S": "Black Mass (2015)"
                    },
                    "genres": {
                        "S": "Crime|Drama"
                    }
                }
            }
        },
        {
            "PutRequest": {
                "Item": {
                    "id": {
                        "S": "136020"
                    },
                    "title": {
                        "S": "Spectre (2015)"
                    },
                    "genres": {
                        "S": "Action|Adventure|Crime"
                    }
                }
            }
        },
        {
            "PutRequest": {
                "Item": {
                    "id": {
                        "S": "136022"
                    },
                    "title": {
                        "S": "Killer Tomatoes Strike Back! (1991)"
                    },
                    "genres": {
                        "S": "Action|Comedy|Horror|Sci-Fi"
                    }
                }
            }
        },
        {
            "PutRequest": {
                "Item": {
                    "id": {
                        "S": "136024"
                    },
                    "title": {
                        "S": "The Professional: Golgo 13 (1983)"
                    },
                    "genres": {
                        "S": "Action|Animation|Crime"
                    }
                }
            }
        },
        {
            "PutRequest": {
                "Item": {
                    "id": {
                        "S": "136026"
                    },
                    "title": {
                        "S": "The Grand Duel (1972)"
                    },
                    "genres": {
                        "S": "Western"
                    }
                }
            }
        },
        {
            "PutRequest": {
                "Item": {
                    "id": {
                        "S": "136028"
                    },
                    "title": {
                        "S": "Flash and Firecat"
                    },
                    "genres": {
                        "S": "(no genres listed)"
                    }
                }
            }
        },
        {
            "PutRequest": {
                "Item": {
                    "id": {
                        "S": "136030"
                    },
                    "title": {
                        "S": "The Hottie & The Nottie (2008)"
                    },
                    "genres": {
                        "S": "Comedy|Romance"
                    }
                }
            }
        },
        {
            "PutRequest": {
                "Item": {
                    "id": {
                        "S": "136032"
                    },
                    "title": {
                        "S": "Senior Skip Day (2008)"
                    },
                    "genres": {
                        "S": "Comedy"
                    }
                }
            }
        },
        {
            "PutRequest": {
                "Item": {
                    "id": {
                        "S": "136036"
                    },
                    "title": {
                        "S": "L'avaro (1990)"
                    },
                    "genres": {
                        "S": "Comedy"
                    }
                }
            }
        },
        {
            "PutRequest": {
                "Item": {
                    "id": {
                        "S": "136038"
                    },
                    "title": {
                        "S": "Christmas Vacation '91 (1991)"
                    },
                    "genres": {
                        "S": "Comedy"
                    }
                }
            }
        },
        {
            "PutRequest": {
                "Item": {
                    "id": {
                        "S": "136040"
                    },
                    "title": {
                        "S": "Taste of Life (1988)"
                    },
                    "genres": {
                        "S": "Comedy"
                    }
                }
            }
        },
        {
            "PutRequest": {
                "Item": {
                    "id": {
                        "S": "136042"
                    },
                    "title": {
                        "S": "Sono un fenomeno paranormale (1985)"
                    },
                    "genres": {
                        "S": "(no genres listed)"
                    }
                }
            }
        },
        {
            "PutRequest": {
                "Item": {
                    "id": {
                        "S": "136044"
                    },
                    "title": {
                        "S": "Bertoldo, Bertoldino e Cacasenno (1984)"
                    },
                    "genres": {
                        "S": "(no genres listed)"
                    }
                }
            }
        },
        {
            "PutRequest": {
                "Item": {
                    "id": {
                        "S": "136046"
                    },
                    "title": {
                        "S": "The Marquis of Grillo (1981)"
                    },
                    "genres": {
                        "S": "Comedy"
                    }
                }
            }
        },
        {
            "PutRequest": {
                "Item": {
                    "id": {
                        "S": "136048"
                    },
                    "title": {
                        "S": "L'Ingorgo : Una storia impossibile (1979)"
                    },
                    "genres": {
                        "S": "Drama"
                    }
                }
            }
        },
        {
            "PutRequest": {
                "Item": {
                    "id": {
                        "S": "136050"
                    },
                    "title": {
                        "S": "The Witness (1978)"
                    },
                    "genres": {
                        "S": "Crime"
                    }
                }
            }
        },
        {
            "PutRequest": {
                "Item": {
                    "id": {
                        "S": "136054"
                    },
                    "title": {
                        "S": "The Scientific Cardplayer (1972)"
                    },
                    "genres": {
                        "S": "Comedy"
                    }
                }
            }
        },
        {
            "PutRequest": {
                "Item": {
                    "id": {
                        "S": "136056"
                    },
                    "title": {
                        "S": "The Couples (1970)"
                    },
                    "genres": {
                        "S": "(no genres listed)"
                    }
                }
            }
        },
        {
            "PutRequest": {
                "Item": {
                    "id": {
                        "S": "136058"
                    },
                    "title": {
                        "S": "Why (1971)"
                    },
                    "genres": {
                        "S": "Comedy|Drama"
                    }
                }
            }
        },
        {
            "PutRequest": {
                "Item": {
                    "id": {
                        "S": "136060"
                    },
                    "title": {
                        "S": "Il medico della mutua (1968)"
                    },
                    "genres": {
                        "S": "Comedy"
                    }
                }
            }
        },
        {
            "PutRequest": {
                "Item": {
                    "id": {
                        "S": "136062"
                    },
                    "title": {
                        "S": "Il prof. Dott. Guido Tersilli, primario della clinica Villa Celeste convenzionata con le mutue (1969)"
                    },
                    "genres": {
                        "S": "Comedy|Drama"
                    }
                }
            }
        },
        {
            "PutRequest": {
                "Item": {
                    "id": {
                        "S": "136064"
                    },
                    "title": {
                        "S": "Il Presidente del Borgorosso Football Club (1970)"
                    },
                    "genres": {
                        "S": "(no genres listed)"
                    }
                }
            }
        }
    ]
}