{
    "movies": [
        {
            "PutRequest": {
                "Item": {
                    "id": {
                        "S": "131378"
                    },
                    "title": {
                        "S": "Patrick (1978)"
                    },
                    "genres": {
                        "S": "Horror|Sci-Fi|Thriller"
                    }
                }
            }
        },
        {
            "PutRequest": {
                "Item": {
                    "id": {
                        "S": "131380"
                    },
                    "title": {
                        "S": "Pursuit (1972)"
                    },
                    "genres": {
                        "S": "Action|Thriller"
                    }
                }
            }
        },
        {
            "PutRequest": {
                "Item": {
                    "id": {
                        "S": "131382"
                    },
                    "title": {
                        "S": "Apache Blood (1975)"
                    },
                    "genres": {
                        "S": "Western"
                    }
                }
            }
        },
        {
            "PutRequest": {
                "Item": {
                    "id": {
                        "S": "131384"
                    },
                    "title": {
                        "S": "Pursuit (1935)"
                    },
                    "genres": {
                        "S": "Action|Comedy|Romance"
                    }
                }
            }
        },
        {
            "PutRequest": {
                "Item": {
                    "id": {
                        "S": "131386"
                    },
                    "title": {
                        "S": "Rhubarb (1951)"
                    },
                    "genres": {
                        "S": "Comedy"
                    }
                }
            }
        },
        {
            "PutRequest": {
                "Item": {
                    "id": {
                        "S": "131389"
                    },
                    "title": {
                        "S": "Sabrina the Teenage Witch (1996)"
                    },
                    "genres": {
                        "S": "Children|Comedy|Fantasy|Sci-Fi"
                    }
                }
            }
        },
        {
            "PutRequest": {
                "Item": {
                    "id": {
                        "S": "131391"
                    },
                    "title": {
                        "S": "Safe at Home! (1962)"
                    },
                    "genres": {
                        "S": "(no genres listed)"
                    }
                }
            }
        },
        {
            "PutRequest": {
                "Item": {
                    "id": {
                        "S": "131393"
                    },
                    "title": {
                        "S": "Shadowheart (2009)"
                    },
                    "genres": {
                        "S": "Action|Adventure|Drama|Romance|Western"
                    }
                }
            }
        },
        {
            "PutRequest": {
                "Item": {
                    "id": {
                        "S": "131396"
                    },
                    "title": {
                        "S": "Sol Madrid (1968)"
                    },
                    "genres": {
                        "S": "Action|Crime"
                    }
                }
            }
        },
        {
            "PutRequest": {
                "Item": {
                    "id": {
                        "S": "131398"
                    },
                    "title": {
                        "S": "Sorority House (1939)"
                    },
                    "genres": {
                        "S": "Drama|Romance"
                    }
                }
            }
        },
        {
            "PutRequest": {
                "Item": {
                    "id": {
                        "S": "131400"
                    },
                    "title": {
                        "S": "Sorority Girl (1957)"
                    },
                    "genres": {
                        "S": "Drama"
                    }
                }
            }
        },
        {
            "PutRequest": {
                "Item": {
                    "id": {
                        "S": "131402"
                    },
                    "title": {
                        "S": "Storm at Daybreak (1933)"
                    },
                    "genres": {
                        "S": "Drama|Romance|War"
                    }
                }
            }
        },
        {
            "PutRequest": {
                "Item": {
                    "id": {
                        "S": "131404"
                    },
                    "title": {
                        "S": "Sweepstakes Winner (1939)"
                    },
                    "genres": {
                        "S": "Comedy"
                    }
                }
            }
        },
        {
            "PutRequest": {
                "Item": {
                    "id": {
                        "S": "131406"
                    },
                    "title": {
                        "S": "Buckskin (1968)"
                    },
                    "genres": {
                        "S": "Western"
                    }
                }
            }
        },
        {
            "PutRequest": {
                "Item": {
                    "id": {
                        "S": "131409"
                    },
                    "title": {
                        "S": "The Good Old Boys (1995)"
                    },
                    "genres": {
                        "S": "Adventure|Western"
                    }
                }
            }
        },
        {
            "PutRequest": {
                "Item": {
                    "id": {
                        "S": "131411"
                    },
                    "title": {
                        "S": "The Great Man Votes (1939)"
                    },
                    "genres": {
                        "S": "Drama"
                    }
                }
            }
        },
        {
            "PutRequest": {
                "Item": {
                    "id": {
                        "S": "131415"
                    },
                    "title": {
                        "S": "The Honkers (1972)"
                    },
                    "genres": {
                        "S": "(no genres listed)"
                    }
                }
            }
        },
        {
            "PutRequest": {
                "Item": {
                    "id": {
                        "S": "131417"
                    },
                    "title": {
                        "S": "The Kid from Texas (1950)"
                    },
                    "genres": {
                        "S": "Action|Western"
                    }
                }
            }
        },
        {
            "PutRequest": {
                "Item": {
                    "id": {
                        "S": "131419"
                    },
                    "title": {
                        "S": "The Rig (2010)"
                    },
                    "genres": {
                        "S": "Action|Horror|Sci-Fi|Thriller"
                    }
                }
            }
        },
        {
            "PutRequest": {
                "Item": {
                    "id": {
                        "S": "131421"
                    },
                    "title": {
                        "S": "The Unknown Cyclist (1998)"
                    },
                    "genres": {
                        "S": "Drama"
                    }
                }
            }
        },
        {
            "PutRequest": {
                "Item": {
                    "id": {
                        "S": "131425"
                    },
                    "title": {
                        "S": "The Way (2009)"
                    },
                    "genres": {
                        "S": "Action|Adventure"
                    }
                }
            }
        },
        {
            "PutRequest": {
                "Item": {
                    "id": {
                        "S": "131427"
                    },
                    "title": {
                        "S": "The young Rajah (1922)"
                    },
                    "genres": {
                        "S": "(no genres listed)"
                    }
                }
            }
        },
        {
            "PutRequest": {
                "Item": {
                    "id": {
                        "S": "131429"
                    },
                    "title": {
                        "S": "Thunderhead - Son of Flicka (1945)"
                    },
                    "genres": {
                        "S": "Children|Drama"
                    }
                }
            }
        },
        {
            "PutRequest": {
                "Item": {
                    "id": {
                        "S": "131431"
                    },
                    "title": {
                        "S": "Dear Murderer (1948)"
                    },
                    "genres": {
                        "S": "Thriller"
                    }
                }
            }
        },
        {
            "PutRequest": {
                "Item": {
                    "id": {
                        "S": "131433"
                    },
                    "title": {
                        "S": "Confession of Murder (2012)"
                    },
                    "genres": {
                        "S": "Action|Thriller"
                    }
                }
            }
        }
    ]
}