{
    "movies": [
        {
            "PutRequest": {
                "Item": {
                    "id": {
                        "S": "143424"
                    },
                    "title": {
                        "S": "Radical Grace (2015)"
                    },
                    "genres": {
                        "S": "Documentary"
                    }
                }
            }
        },
        {
            "PutRequest": {
                "Item": {
                    "id": {
                        "S": "143426"
                    },
                    "title": {
                        "S": "A Ring of Endless Light (2002)"
                    },
                    "genres": {
                        "S": "(no genres listed)"
                    }
                }
            }
        },
        {
            "PutRequest": {
                "Item": {
                    "id": {
                        "S": "143428"
                    },
                    "title": {
                        "S": "Attack of the 60 Foot Centerfolds (1995)"
                    },
                    "genres": {
                        "S": "Comedy|Sci-Fi"
                    }
                }
            }
        },
        {
            "PutRequest": {
                "Item": {
                    "id": {
                        "S": "143430"
                    },
                    "title": {
                        "S": "Jodi Arias: Dirty Little Secret (2013)"
                    },
                    "genres": {
                        "S": "Drama|Romance"
                    }
                }
            }
        },
        {
            "PutRequest": {
                "Item": {
                    "id": {
                        "S": "143432"
                    },
                    "title": {
                        "S": "Moscow Heat (2004)"
                    },
                    "genres": {
                        "S": "Action|Drama|Thriller"
                    }
                }
            }
        },
        {
            "PutRequest": {
                "Item": {
                    "id": {
                        "S": "143434"
                    },
                    "title": {
                        "S": "The Italian Key (2011)"
                    },
                    "genres": {
                        "S": "(no genres listed)"
                    }
                }
            }
        },
        {
            "PutRequest": {
                "Item": {
                    "id": {
                        "S": "143436"
                    },
                    "title": {
                        "S": "Manam (2014)"
                    },
                    "genres": {
                        "S": "Children|Comedy|Drama|Fantasy"
                    }
                }
            }
        },
        {
            "PutRequest": {
                "Item": {
                    "id": {
                        "S": "143438"
                    },
                    "title": {
                        "S": "Coming Home (2003)"
                    },
                    "genres": {
                        "S": "Drama|Romance"
                    }
                }
            }
        },
        {
            "PutRequest": {
                "Item": {
                    "id": {
                        "S": "143440"
                    },
                    "title": {
                        "S": "Mune, le gardien de la lune (2015)"
                    },
                    "genres": {
                        "S": "Animation|Children|Fantasy"
                    }
                }
            }
        },
        {
            "PutRequest": {
                "Item": {
                    "id": {
                        "S": "143442"
                    },
                    "title": {
                        "S": "Directed by Sidney Lumet: How the Devil Was Made (2008)"
                    },
                    "genres": {
                        "S": "Documentary"
                    }
                }
            }
        },
        {
            "PutRequest": {
                "Item": {
                    "id": {
                        "S": "143444"
                    },
                    "title": {
                        "S": "Bigger Splash, A (2015)"
                    },
                    "genres": {
                        "S": "Comedy|Crime|Drama|Mystery"
                    }
                }
            }
        },
        {
            "PutRequest": {
                "Item": {
                    "id": {
                        "S": "143446"
                    },
                    "title": {
                        "S": "The Sun's Burial (1960)"
                    },
                    "genres": {
                        "S": "Drama"
                    }
                }
            }
        },
        {
            "PutRequest": {
                "Item": {
                    "id": {
                        "S": "143448"
                    },
                    "title": {
                        "S": "Good-for-Nothing (1960)"
                    },
                    "genres": {
                        "S": "Action"
                    }
                }
            }
        },
        {
            "PutRequest": {
                "Item": {
                    "id": {
                        "S": "143450"
                    },
                    "title": {
                        "S": "Morlang (2001)"
                    },
                    "genres": {
                        "S": "Drama|Romance|Thriller"
                    }
                }
            }
        },
        {
            "PutRequest": {
                "Item": {
                    "id": {
                        "S": "143452"
                    },
                    "title": {
                        "S": "El pico 2 (1984)"
                    },
                    "genres": {
                        "S": "Drama"
                    }
                }
            }
        },
        {
            "PutRequest": {
                "Item": {
                    "id": {
                        "S": "143454"
                    },
                    "title": {
                        "S": "Youth in Fury (1960)"
                    },
                    "genres": {
                        "S": "(no genres listed)"
                    }
                }
            }
        },
        {
            "PutRequest": {
                "Item": {
                    "id": {
                        "S": "143456"
                    },
                    "title": {
                        "S": "Argo 2 (2015)"
                    },
                    "genres": {
                        "S": "Action|Comedy|Crime"
                    }
                }
            }
        },
        {
            "PutRequest": {
                "Item": {
                    "id": {
                        "S": "143458"
                    },
                    "title": {
                        "S": "The Great Hypnotist (2014)"
                    },
                    "genres": {
                        "S": "Drama|Mystery|Thriller"
                    }
                }
            }
        },
        {
            "PutRequest": {
                "Item": {
                    "id": {
                        "S": "143460"
                    },
                    "title": {
                        "S": "I Just Want to Kiss You (1998)"
                    },
                    "genres": {
                        "S": "(no genres listed)"
                    }
                }
            }
        },
        {
            "PutRequest": {
                "Item": {
                    "id": {
                        "S": "143462"
                    },
                    "title": {
                        "S": "Iris (2014)"
                    },
                    "genres": {
                        "S": "Documentary"
                    }
                }
            }
        },
        {
            "PutRequest": {
                "Item": {
                    "id": {
                        "S": "143464"
                    },
                    "title": {
                        "S": "Where Hope Grows (2014)"
                    },
                    "genres": {
                        "S": "Drama"
                    }
                }
            }
        },
        {
            "PutRequest": {
                "Item": {
                    "id": {
                        "S": "143466"
                    },
                    "title": {
                        "S": "Ghost Writer (2007)"
                    },
                    "genres": {
                        "S": "Comedy|Horror"
                    }
                }
            }
        },
        {
            "PutRequest": {
                "Item": {
                    "id": {
                        "S": "143468"
                    },
                    "title": {
                        "S": "Numbered (2012)"
                    },
                    "genres": {
                        "S": "Documentary"
                    }
                }
            }
        },
        {
            "PutRequest": {
                "Item": {
                    "id": {
                        "S": "143470"
                    },
                    "title": {
                        "S": "6 Ways to Die (2015)"
                    },
                    "genres": {
                        "S": "Action|Crime|Thriller"
                    }
                }
            }
        },
        {
            "PutRequest": {
                "Item": {
                    "id": {
                        "S": "143472"
                    },
                    "title": {
                        "S": "Into the Grizzly Maze (2015)"
                    },
                    "genres": {
                        "S": "Action|Horror|Thriller"
                    }
                }
            }
        }
    ]
}