{
    "movies": [
        {
            "PutRequest": {
                "Item": {
                    "id": {
                        "S": "147756"
                    },
                    "title": {
                        "S": "Gone With the West (1975)"
                    },
                    "genres": {
                        "S": "Western"
                    }
                }
            }
        },
        {
            "PutRequest": {
                "Item": {
                    "id": {
                        "S": "147758"
                    },
                    "title": {
                        "S": "The Mad Room (1969)"
                    },
                    "genres": {
                        "S": "Horror|Mystery|Thriller"
                    }
                }
            }
        },
        {
            "PutRequest": {
                "Item": {
                    "id": {
                        "S": "147760"
                    },
                    "title": {
                        "S": "As Young As We Are (1958)"
                    },
                    "genres": {
                        "S": "Drama"
                    }
                }
            }
        },
        {
            "PutRequest": {
                "Item": {
                    "id": {
                        "S": "147762"
                    },
                    "title": {
                        "S": "Ride Out for Revenge (1957)"
                    },
                    "genres": {
                        "S": "Action|Drama|Western"
                    }
                }
            }
        },
        {
            "PutRequest": {
                "Item": {
                    "id": {
                        "S": "147764"
                    },
                    "title": {
                        "S": "As You Were (1951)"
                    },
                    "genres": {
                        "S": "Comedy"
                    }
                }
            }
        },
        {
            "PutRequest": {
                "Item": {
                    "id": {
                        "S": "147766"
                    },
                    "title": {
                        "S": "Becoming Me (2014)"
                    },
                    "genres": {
                        "S": "Documentary"
                    }
                }
            }
        },
        {
            "PutRequest": {
                "Item": {
                    "id": {
                        "S": "147768"
                    },
                    "title": {
                        "S": "Deep Blues (1992)"
                    },
                    "genres": {
                        "S": "Documentary"
                    }
                }
            }
        },
        {
            "PutRequest": {
                "Item": {
                    "id": {
                        "S": "147770"
                    },
                    "title": {
                        "S": "His Picture in the Papers (1916)"
                    },
                    "genres": {
                        "S": "Comedy"
                    }
                }
            }
        },
        {
            "PutRequest": {
                "Item": {
                    "id": {
                        "S": "147772"
                    },
                    "title": {
                        "S": "All The Time In The World (2015)"
                    },
                    "genres": {
                        "S": "(no genres listed)"
                    }
                }
            }
        },
        {
            "PutRequest": {
                "Item": {
                    "id": {
                        "S": "147775"
                    },
                    "title": {
                        "S": "Dancing on the Edge (2013)"
                    },
                    "genres": {
                        "S": "Drama"
                    }
                }
            }
        },
        {
            "PutRequest": {
                "Item": {
                    "id": {
                        "S": "147777"
                    },
                    "title": {
                        "S": "Fast Charlie... the Moonbeam Rider (1979)"
                    },
                    "genres": {
                        "S": "Action"
                    }
                }
            }
        },
        {
            "PutRequest": {
                "Item": {
                    "id": {
                        "S": "147779"
                    },
                    "title": {
                        "S": "Richard Pryor: Icon (2014)"
                    },
                    "genres": {
                        "S": "Documentary"
                    }
                }
            }
        },
        {
            "PutRequest": {
                "Item": {
                    "id": {
                        "S": "147781"
                    },
                    "title": {
                        "S": "Plush (2013)"
                    },
                    "genres": {
                        "S": "Thriller"
                    }
                }
            }
        },
        {
            "PutRequest": {
                "Item": {
                    "id": {
                        "S": "147783"
                    },
                    "title": {
                        "S": "At Risk (2010)"
                    },
                    "genres": {
                        "S": "Crime|Drama|Mystery"
                    }
                }
            }
        },
        {
            "PutRequest": {
                "Item": {
                    "id": {
                        "S": "147785"
                    },
                    "title": {
                        "S": "Greendale (2003)"
                    },
                    "genres": {
                        "S": "Comedy"
                    }
                }
            }
        },
        {
            "PutRequest": {
                "Item": {
                    "id": {
                        "S": "147787"
                    },
                    "title": {
                        "S": "Journey Through the Past (1974)"
                    },
                    "genres": {
                        "S": "Documentary"
                    }
                }
            }
        },
        {
            "PutRequest": {
                "Item": {
                    "id": {
                        "S": "147789"
                    },
                    "title": {
                        "S": "Rust Never Sleeps (1979)"
                    },
                    "genres": {
                        "S": "(no genres listed)"
                    }
                }
            }
        },
        {
            "PutRequest": {
                "Item": {
                    "id": {
                        "S": "147791"
                    },
                    "title": {
                        "S": "Once a Sinner (1950)"
                    },
                    "genres": {
                        "S": "Drama"
                    }
                }
            }
        },
        {
            "PutRequest": {
                "Item": {
                    "id": {
                        "S": "147795"
                    },
                    "title": {
                        "S": "There Is Another Sun (1951)"
                    },
                    "genres": {
                        "S": "(no genres listed)"
                    }
                }
            }
        },
        {
            "PutRequest": {
                "Item": {
                    "id": {
                        "S": "147797"
                    },
                    "title": {
                        "S": "Emergency Call (1952)"
                    },
                    "genres": {
                        "S": "Thriller"
                    }
                }
            }
        },
        {
            "PutRequest": {
                "Item": {
                    "id": {
                        "S": "147805"
                    },
                    "title": {
                        "S": "Break to Freedom (1953)"
                    },
                    "genres": {
                        "S": "War"
                    }
                }
            }
        },
        {
            "PutRequest": {
                "Item": {
                    "id": {
                        "S": "147807"
                    },
                    "title": {
                        "S": "Before you Go (2002)"
                    },
                    "genres": {
                        "S": "Comedy"
                    }
                }
            }
        },
        {
            "PutRequest": {
                "Item": {
                    "id": {
                        "S": "147811"
                    },
                    "title": {
                        "S": "Not Quite Paradise (1985)"
                    },
                    "genres": {
                        "S": "(no genres listed)"
                    }
                }
            }
        },
        {
            "PutRequest": {
                "Item": {
                    "id": {
                        "S": "147817"
                    },
                    "title": {
                        "S": "Reach for the Sky (1956)"
                    },
                    "genres": {
                        "S": "Drama"
                    }
                }
            }
        },
        {
            "PutRequest": {
                "Item": {
                    "id": {
                        "S": "147819"
                    },
                    "title": {
                        "S": "The Sea Shall Not Have Them (1954)"
                    },
                    "genres": {
                        "S": "War"
                    }
                }
            }
        }
    ]
}