{
    "movies": [
        {
            "PutRequest": {
                "Item": {
                    "id": {
                        "S": "133177"
                    },
                    "title": {
                        "S": "Der var engang (1966)"
                    },
                    "genres": {
                        "S": "Children|Comedy"
                    }
                }
            }
        },
        {
            "PutRequest": {
                "Item": {
                    "id": {
                        "S": "133179"
                    },
                    "title": {
                        "S": "N\u00f8glen til Paradis (1970)"
                    },
                    "genres": {
                        "S": "Comedy"
                    }
                }
            }
        },
        {
            "PutRequest": {
                "Item": {
                    "id": {
                        "S": "133181"
                    },
                    "title": {
                        "S": "Sommer i Tyrol (1964)"
                    },
                    "genres": {
                        "S": "Children|Comedy"
                    }
                }
            }
        },
        {
            "PutRequest": {
                "Item": {
                    "id": {
                        "S": "133183"
                    },
                    "title": {
                        "S": "The Casual Vacancy (2015)"
                    },
                    "genres": {
                        "S": "(no genres listed)"
                    }
                }
            }
        },
        {
            "PutRequest": {
                "Item": {
                    "id": {
                        "S": "133185"
                    },
                    "title": {
                        "S": "The B\u00e9lier Family (2014)"
                    },
                    "genres": {
                        "S": "Comedy"
                    }
                }
            }
        },
        {
            "PutRequest": {
                "Item": {
                    "id": {
                        "S": "133187"
                    },
                    "title": {
                        "S": "Green Sails (2000)"
                    },
                    "genres": {
                        "S": "Action|Thriller"
                    }
                }
            }
        },
        {
            "PutRequest": {
                "Item": {
                    "id": {
                        "S": "133189"
                    },
                    "title": {
                        "S": "To Kill A Clown (1972)"
                    },
                    "genres": {
                        "S": "Drama|Thriller"
                    }
                }
            }
        },
        {
            "PutRequest": {
                "Item": {
                    "id": {
                        "S": "133191"
                    },
                    "title": {
                        "S": "Nothing Personal (1980)"
                    },
                    "genres": {
                        "S": "Romance"
                    }
                }
            }
        },
        {
            "PutRequest": {
                "Item": {
                    "id": {
                        "S": "133193"
                    },
                    "title": {
                        "S": "Jenny (1970)"
                    },
                    "genres": {
                        "S": "Drama"
                    }
                }
            }
        },
        {
            "PutRequest": {
                "Item": {
                    "id": {
                        "S": "133195"
                    },
                    "title": {
                        "S": "Hitman: Agent 47 (2015)"
                    },
                    "genres": {
                        "S": "Action|Crime|Thriller"
                    }
                }
            }
        },
        {
            "PutRequest": {
                "Item": {
                    "id": {
                        "S": "133197"
                    },
                    "title": {
                        "S": "How Sherlock Changed the World (2013)"
                    },
                    "genres": {
                        "S": "(no genres listed)"
                    }
                }
            }
        },
        {
            "PutRequest": {
                "Item": {
                    "id": {
                        "S": "133199"
                    },
                    "title": {
                        "S": "Working Girls (1986)"
                    },
                    "genres": {
                        "S": "Drama"
                    }
                }
            }
        },
        {
            "PutRequest": {
                "Item": {
                    "id": {
                        "S": "133201"
                    },
                    "title": {
                        "S": "Doug Stanhope: Before Turning the Gun on Himself (2012)"
                    },
                    "genres": {
                        "S": "(no genres listed)"
                    }
                }
            }
        },
        {
            "PutRequest": {
                "Item": {
                    "id": {
                        "S": "133203"
                    },
                    "title": {
                        "S": "Doug Stanhope: Oslo - Burning the Bridge to Nowhere (2011)"
                    },
                    "genres": {
                        "S": "Comedy"
                    }
                }
            }
        },
        {
            "PutRequest": {
                "Item": {
                    "id": {
                        "S": "133205"
                    },
                    "title": {
                        "S": "Doug Stanhope: Beer Hall Putsch (2013)"
                    },
                    "genres": {
                        "S": "Comedy"
                    }
                }
            }
        },
        {
            "PutRequest": {
                "Item": {
                    "id": {
                        "S": "133207"
                    },
                    "title": {
                        "S": "Chelsea Peretti: One of the Greats (2014)"
                    },
                    "genres": {
                        "S": "Comedy"
                    }
                }
            }
        },
        {
            "PutRequest": {
                "Item": {
                    "id": {
                        "S": "133209"
                    },
                    "title": {
                        "S": "Listening to You: The Who Live at the Isle of Wight (1998)"
                    },
                    "genres": {
                        "S": "Documentary"
                    }
                }
            }
        },
        {
            "PutRequest": {
                "Item": {
                    "id": {
                        "S": "133211"
                    },
                    "title": {
                        "S": "The Who: The Who at Kilburn 1977 (2009)"
                    },
                    "genres": {
                        "S": "(no genres listed)"
                    }
                }
            }
        },
        {
            "PutRequest": {
                "Item": {
                    "id": {
                        "S": "133213"
                    },
                    "title": {
                        "S": "Cocaine Blues (1983)"
                    },
                    "genres": {
                        "S": "(no genres listed)"
                    }
                }
            }
        },
        {
            "PutRequest": {
                "Item": {
                    "id": {
                        "S": "133215"
                    },
                    "title": {
                        "S": "The Comedians of Comedy: Live at The Troubadour (2007)"
                    },
                    "genres": {
                        "S": "Comedy|Documentary"
                    }
                }
            }
        },
        {
            "PutRequest": {
                "Item": {
                    "id": {
                        "S": "133217"
                    },
                    "title": {
                        "S": "B/W (2015)"
                    },
                    "genres": {
                        "S": "Comedy|Crime|Sci-Fi"
                    }
                }
            }
        },
        {
            "PutRequest": {
                "Item": {
                    "id": {
                        "S": "133219"
                    },
                    "title": {
                        "S": "Tinker Bell and the Great Fairy Rescue (2010)"
                    },
                    "genres": {
                        "S": "Adventure|Animation|Children|Fantasy"
                    }
                }
            }
        },
        {
            "PutRequest": {
                "Item": {
                    "id": {
                        "S": "133221"
                    },
                    "title": {
                        "S": "The Man Who Skied Down Everest (1975)"
                    },
                    "genres": {
                        "S": "Documentary"
                    }
                }
            }
        },
        {
            "PutRequest": {
                "Item": {
                    "id": {
                        "S": "133223"
                    },
                    "title": {
                        "S": "One Eyed Girl (2015)"
                    },
                    "genres": {
                        "S": "Drama|Thriller"
                    }
                }
            }
        },
        {
            "PutRequest": {
                "Item": {
                    "id": {
                        "S": "133225"
                    },
                    "title": {
                        "S": "Island of Lemurs: Madagascar (2014)"
                    },
                    "genres": {
                        "S": "Documentary"
                    }
                }
            }
        }
    ]
}