{
    "movies": [
        {
            "PutRequest": {
                "Item": {
                    "id": {
                        "S": "129907"
                    },
                    "title": {
                        "S": "Familiar Ground (2011)"
                    },
                    "genres": {
                        "S": "Comedy"
                    }
                }
            }
        },
        {
            "PutRequest": {
                "Item": {
                    "id": {
                        "S": "129909"
                    },
                    "title": {
                        "S": "Club Sandwich (2013)"
                    },
                    "genres": {
                        "S": "Comedy"
                    }
                }
            }
        },
        {
            "PutRequest": {
                "Item": {
                    "id": {
                        "S": "129911"
                    },
                    "title": {
                        "S": "Playing (2007)"
                    },
                    "genres": {
                        "S": "Documentary"
                    }
                }
            }
        },
        {
            "PutRequest": {
                "Item": {
                    "id": {
                        "S": "129913"
                    },
                    "title": {
                        "S": "Rings (2005)"
                    },
                    "genres": {
                        "S": "Horror|Thriller"
                    }
                }
            }
        },
        {
            "PutRequest": {
                "Item": {
                    "id": {
                        "S": "129915"
                    },
                    "title": {
                        "S": "Butterflies Have No Memories (2009)"
                    },
                    "genres": {
                        "S": "(no genres listed)"
                    }
                }
            }
        },
        {
            "PutRequest": {
                "Item": {
                    "id": {
                        "S": "129917"
                    },
                    "title": {
                        "S": "The Dependent (1969)"
                    },
                    "genres": {
                        "S": "(no genres listed)"
                    }
                }
            }
        },
        {
            "PutRequest": {
                "Item": {
                    "id": {
                        "S": "129919"
                    },
                    "title": {
                        "S": "Nazareno Cruz and the Wolf (1975)"
                    },
                    "genres": {
                        "S": "(no genres listed)"
                    }
                }
            }
        },
        {
            "PutRequest": {
                "Item": {
                    "id": {
                        "S": "129921"
                    },
                    "title": {
                        "S": "Bestiaire (2012)"
                    },
                    "genres": {
                        "S": "Documentary"
                    }
                }
            }
        },
        {
            "PutRequest": {
                "Item": {
                    "id": {
                        "S": "129923"
                    },
                    "title": {
                        "S": "Carcasses (2009)"
                    },
                    "genres": {
                        "S": "Documentary"
                    }
                }
            }
        },
        {
            "PutRequest": {
                "Item": {
                    "id": {
                        "S": "129925"
                    },
                    "title": {
                        "S": "El Escarabajo de Oro (2014)"
                    },
                    "genres": {
                        "S": "(no genres listed)"
                    }
                }
            }
        },
        {
            "PutRequest": {
                "Item": {
                    "id": {
                        "S": "129927"
                    },
                    "title": {
                        "S": "Independencia (2009)"
                    },
                    "genres": {
                        "S": "Drama"
                    }
                }
            }
        },
        {
            "PutRequest": {
                "Item": {
                    "id": {
                        "S": "129929"
                    },
                    "title": {
                        "S": "Autohystoria (2007)"
                    },
                    "genres": {
                        "S": "(no genres listed)"
                    }
                }
            }
        },
        {
            "PutRequest": {
                "Item": {
                    "id": {
                        "S": "129931"
                    },
                    "title": {
                        "S": "La Morte Rouge (2006)"
                    },
                    "genres": {
                        "S": "(no genres listed)"
                    }
                }
            }
        },
        {
            "PutRequest": {
                "Item": {
                    "id": {
                        "S": "129933"
                    },
                    "title": {
                        "S": "Sacro GRA (2013)"
                    },
                    "genres": {
                        "S": "Documentary"
                    }
                }
            }
        },
        {
            "PutRequest": {
                "Item": {
                    "id": {
                        "S": "129935"
                    },
                    "title": {
                        "S": "Gimme the Loot (2013)"
                    },
                    "genres": {
                        "S": "Drama"
                    }
                }
            }
        },
        {
            "PutRequest": {
                "Item": {
                    "id": {
                        "S": "129937"
                    },
                    "title": {
                        "S": "Run All Night (2015)"
                    },
                    "genres": {
                        "S": "Action|Crime|Drama|Thriller"
                    }
                }
            }
        },
        {
            "PutRequest": {
                "Item": {
                    "id": {
                        "S": "129939"
                    },
                    "title": {
                        "S": "Event 15 (2013)"
                    },
                    "genres": {
                        "S": "Mystery|Thriller"
                    }
                }
            }
        },
        {
            "PutRequest": {
                "Item": {
                    "id": {
                        "S": "129941"
                    },
                    "title": {
                        "S": "The Killers (1956)"
                    },
                    "genres": {
                        "S": "Crime"
                    }
                }
            }
        },
        {
            "PutRequest": {
                "Item": {
                    "id": {
                        "S": "129943"
                    },
                    "title": {
                        "S": "Asthma (2014)"
                    },
                    "genres": {
                        "S": "(no genres listed)"
                    }
                }
            }
        },
        {
            "PutRequest": {
                "Item": {
                    "id": {
                        "S": "129945"
                    },
                    "title": {
                        "S": "Refuge (2012)"
                    },
                    "genres": {
                        "S": "Comedy|Drama|Romance"
                    }
                }
            }
        },
        {
            "PutRequest": {
                "Item": {
                    "id": {
                        "S": "129947"
                    },
                    "title": {
                        "S": "Melody (1971)"
                    },
                    "genres": {
                        "S": "Drama|Romance"
                    }
                }
            }
        },
        {
            "PutRequest": {
                "Item": {
                    "id": {
                        "S": "129949"
                    },
                    "title": {
                        "S": "Assassin (2015)"
                    },
                    "genres": {
                        "S": "Crime|Thriller"
                    }
                }
            }
        },
        {
            "PutRequest": {
                "Item": {
                    "id": {
                        "S": "129951"
                    },
                    "title": {
                        "S": "Rich Hill (2014)"
                    },
                    "genres": {
                        "S": "Documentary"
                    }
                }
            }
        },
        {
            "PutRequest": {
                "Item": {
                    "id": {
                        "S": "129953"
                    },
                    "title": {
                        "S": "Crazy Joe (1974)"
                    },
                    "genres": {
                        "S": "Crime|Drama"
                    }
                }
            }
        },
        {
            "PutRequest": {
                "Item": {
                    "id": {
                        "S": "129958"
                    },
                    "title": {
                        "S": "Our Vinyl Weighs a Ton: This Is Stones Throw Records (2013)"
                    },
                    "genres": {
                        "S": "Documentary"
                    }
                }
            }
        }
    ]
}