{
    "movies": [
        {
            "PutRequest": {
                "Item": {
                    "id": {
                        "S": "145512"
                    },
                    "title": {
                        "S": "Hollywood Hong Kong (2001)"
                    },
                    "genres": {
                        "S": "Drama"
                    }
                }
            }
        },
        {
            "PutRequest": {
                "Item": {
                    "id": {
                        "S": "145514"
                    },
                    "title": {
                        "S": "Marguerite (2015)"
                    },
                    "genres": {
                        "S": "Drama"
                    }
                }
            }
        },
        {
            "PutRequest": {
                "Item": {
                    "id": {
                        "S": "145518"
                    },
                    "title": {
                        "S": "Rubberneck (2013)"
                    },
                    "genres": {
                        "S": "Thriller"
                    }
                }
            }
        },
        {
            "PutRequest": {
                "Item": {
                    "id": {
                        "S": "145520"
                    },
                    "title": {
                        "S": "Lake Placid 2 (2007)"
                    },
                    "genres": {
                        "S": "Horror|Sci-Fi"
                    }
                }
            }
        },
        {
            "PutRequest": {
                "Item": {
                    "id": {
                        "S": "145522"
                    },
                    "title": {
                        "S": "Lake Placid 3 (2010)"
                    },
                    "genres": {
                        "S": "Action|Horror|Sci-Fi|Thriller"
                    }
                }
            }
        },
        {
            "PutRequest": {
                "Item": {
                    "id": {
                        "S": "145524"
                    },
                    "title": {
                        "S": "Lake Placid: The Final Chapter (2012)"
                    },
                    "genres": {
                        "S": "Action|Horror|Sci-Fi|Thriller"
                    }
                }
            }
        },
        {
            "PutRequest": {
                "Item": {
                    "id": {
                        "S": "145526"
                    },
                    "title": {
                        "S": "The Thieves (1959)"
                    },
                    "genres": {
                        "S": "Comedy"
                    }
                }
            }
        },
        {
            "PutRequest": {
                "Item": {
                    "id": {
                        "S": "145528"
                    },
                    "title": {
                        "S": "The Jukebox Kids (1959)"
                    },
                    "genres": {
                        "S": "(no genres listed)"
                    }
                }
            }
        },
        {
            "PutRequest": {
                "Item": {
                    "id": {
                        "S": "145532"
                    },
                    "title": {
                        "S": "Getting Away with It the Italian Way (1962)"
                    },
                    "genres": {
                        "S": "Comedy"
                    }
                }
            }
        },
        {
            "PutRequest": {
                "Item": {
                    "id": {
                        "S": "145534"
                    },
                    "title": {
                        "S": "I due della legione (1962)"
                    },
                    "genres": {
                        "S": "Comedy"
                    }
                }
            }
        },
        {
            "PutRequest": {
                "Item": {
                    "id": {
                        "S": "145538"
                    },
                    "title": {
                        "S": "The Strange Type (1963)"
                    },
                    "genres": {
                        "S": "Comedy"
                    }
                }
            }
        },
        {
            "PutRequest": {
                "Item": {
                    "id": {
                        "S": "145546"
                    },
                    "title": {
                        "S": "Oh! Those Most Secret Agents (1964)"
                    },
                    "genres": {
                        "S": "Comedy"
                    }
                }
            }
        },
        {
            "PutRequest": {
                "Item": {
                    "id": {
                        "S": "145548"
                    },
                    "title": {
                        "S": "Two Public Enemies (1964)"
                    },
                    "genres": {
                        "S": "(no genres listed)"
                    }
                }
            }
        },
        {
            "PutRequest": {
                "Item": {
                    "id": {
                        "S": "145554"
                    },
                    "title": {
                        "S": "The Two Parachutists (1965)"
                    },
                    "genres": {
                        "S": "Comedy"
                    }
                }
            }
        },
        {
            "PutRequest": {
                "Item": {
                    "id": {
                        "S": "145556"
                    },
                    "title": {
                        "S": "Come svaligiammo la banca d'Italia (1966)"
                    },
                    "genres": {
                        "S": "Comedy|Crime"
                    }
                }
            }
        },
        {
            "PutRequest": {
                "Item": {
                    "id": {
                        "S": "145558"
                    },
                    "title": {
                        "S": "Massacre Time (1966)"
                    },
                    "genres": {
                        "S": "Western"
                    }
                }
            }
        },
        {
            "PutRequest": {
                "Item": {
                    "id": {
                        "S": "145562"
                    },
                    "title": {
                        "S": "The Tall, the Short, the Cat (1967)"
                    },
                    "genres": {
                        "S": "(no genres listed)"
                    }
                }
            }
        },
        {
            "PutRequest": {
                "Item": {
                    "id": {
                        "S": "145564"
                    },
                    "title": {
                        "S": "Operation St. Peter's (1967)"
                    },
                    "genres": {
                        "S": "Comedy|Crime"
                    }
                }
            }
        },
        {
            "PutRequest": {
                "Item": {
                    "id": {
                        "S": "145566"
                    },
                    "title": {
                        "S": "The Eroticist (1972)"
                    },
                    "genres": {
                        "S": "Comedy"
                    }
                }
            }
        },
        {
            "PutRequest": {
                "Item": {
                    "id": {
                        "S": "145568"
                    },
                    "title": {
                        "S": "Challenge to White Fang (1974)"
                    },
                    "genres": {
                        "S": "Adventure|Western"
                    }
                }
            }
        },
        {
            "PutRequest": {
                "Item": {
                    "id": {
                        "S": "145570"
                    },
                    "title": {
                        "S": "The Devil's Honey (1986)"
                    },
                    "genres": {
                        "S": "Thriller"
                    }
                }
            }
        },
        {
            "PutRequest": {
                "Item": {
                    "id": {
                        "S": "145572"
                    },
                    "title": {
                        "S": "Aenigma (1987)"
                    },
                    "genres": {
                        "S": "Horror"
                    }
                }
            }
        },
        {
            "PutRequest": {
                "Item": {
                    "id": {
                        "S": "145574"
                    },
                    "title": {
                        "S": "Sodoma's Ghost (1988)"
                    },
                    "genres": {
                        "S": "Horror"
                    }
                }
            }
        },
        {
            "PutRequest": {
                "Item": {
                    "id": {
                        "S": "145576"
                    },
                    "title": {
                        "S": "Murder-Rock: Dancing Death (1984)"
                    },
                    "genres": {
                        "S": "Thriller"
                    }
                }
            }
        },
        {
            "PutRequest": {
                "Item": {
                    "id": {
                        "S": "145578"
                    },
                    "title": {
                        "S": "Touch of Death (1988)"
                    },
                    "genres": {
                        "S": "Comedy|Horror"
                    }
                }
            }
        }
    ]
}