{
    "movies": [
        {
            "PutRequest": {
                "Item": {
                    "id": {
                        "S": "134152"
                    },
                    "title": {
                        "S": "Treasure Island (1972)"
                    },
                    "genres": {
                        "S": "Adventure|Children"
                    }
                }
            }
        },
        {
            "PutRequest": {
                "Item": {
                    "id": {
                        "S": "134154"
                    },
                    "title": {
                        "S": "What the Peeper Saw (1971)"
                    },
                    "genres": {
                        "S": "Drama|Horror|Thriller"
                    }
                }
            }
        },
        {
            "PutRequest": {
                "Item": {
                    "id": {
                        "S": "134156"
                    },
                    "title": {
                        "S": "Road (2014)"
                    },
                    "genres": {
                        "S": "Documentary"
                    }
                }
            }
        },
        {
            "PutRequest": {
                "Item": {
                    "id": {
                        "S": "134158"
                    },
                    "title": {
                        "S": "Return to Sender (2015)"
                    },
                    "genres": {
                        "S": "Thriller"
                    }
                }
            }
        },
        {
            "PutRequest": {
                "Item": {
                    "id": {
                        "S": "134160"
                    },
                    "title": {
                        "S": "Vazhakku Enn 18/9 (2012)"
                    },
                    "genres": {
                        "S": "Drama"
                    }
                }
            }
        },
        {
            "PutRequest": {
                "Item": {
                    "id": {
                        "S": "134162"
                    },
                    "title": {
                        "S": "I Am Omega (2007)"
                    },
                    "genres": {
                        "S": "Action|Horror|Sci-Fi|Thriller"
                    }
                }
            }
        },
        {
            "PutRequest": {
                "Item": {
                    "id": {
                        "S": "134164"
                    },
                    "title": {
                        "S": "The Alien Factor (1978)"
                    },
                    "genres": {
                        "S": "Horror|Sci-Fi"
                    }
                }
            }
        },
        {
            "PutRequest": {
                "Item": {
                    "id": {
                        "S": "134166"
                    },
                    "title": {
                        "S": "Magical Universe (2014)"
                    },
                    "genres": {
                        "S": "Documentary"
                    }
                }
            }
        },
        {
            "PutRequest": {
                "Item": {
                    "id": {
                        "S": "134168"
                    },
                    "title": {
                        "S": "Concerning Violence (2014)"
                    },
                    "genres": {
                        "S": "Documentary"
                    }
                }
            }
        },
        {
            "PutRequest": {
                "Item": {
                    "id": {
                        "S": "134170"
                    },
                    "title": {
                        "S": "Kung Fury (2015)"
                    },
                    "genres": {
                        "S": "Action|Comedy|Fantasy|Sci-Fi"
                    }
                }
            }
        },
        {
            "PutRequest": {
                "Item": {
                    "id": {
                        "S": "134172"
                    },
                    "title": {
                        "S": "Morgan (2012)"
                    },
                    "genres": {
                        "S": "Drama"
                    }
                }
            }
        },
        {
            "PutRequest": {
                "Item": {
                    "id": {
                        "S": "134174"
                    },
                    "title": {
                        "S": "Follow Me: The Yoni Netanyahu Story (2012)"
                    },
                    "genres": {
                        "S": "Documentary|War"
                    }
                }
            }
        },
        {
            "PutRequest": {
                "Item": {
                    "id": {
                        "S": "134176"
                    },
                    "title": {
                        "S": "The Light Thief (2011)"
                    },
                    "genres": {
                        "S": "Drama"
                    }
                }
            }
        },
        {
            "PutRequest": {
                "Item": {
                    "id": {
                        "S": "134178"
                    },
                    "title": {
                        "S": "Detective Byomkesh Bakshy (2015)"
                    },
                    "genres": {
                        "S": "Crime|Thriller"
                    }
                }
            }
        },
        {
            "PutRequest": {
                "Item": {
                    "id": {
                        "S": "134180"
                    },
                    "title": {
                        "S": "Badlapur (2015)"
                    },
                    "genres": {
                        "S": "Action|Drama"
                    }
                }
            }
        },
        {
            "PutRequest": {
                "Item": {
                    "id": {
                        "S": "134182"
                    },
                    "title": {
                        "S": "Holiday (2014)"
                    },
                    "genres": {
                        "S": "Action|Romance|Thriller"
                    }
                }
            }
        },
        {
            "PutRequest": {
                "Item": {
                    "id": {
                        "S": "134184"
                    },
                    "title": {
                        "S": "Elections Day (2007)"
                    },
                    "genres": {
                        "S": "Comedy"
                    }
                }
            }
        },
        {
            "PutRequest": {
                "Item": {
                    "id": {
                        "S": "134186"
                    },
                    "title": {
                        "S": "Hecate (1982)"
                    },
                    "genres": {
                        "S": "Drama|Romance"
                    }
                }
            }
        },
        {
            "PutRequest": {
                "Item": {
                    "id": {
                        "S": "134188"
                    },
                    "title": {
                        "S": "Day of Violence (1977)"
                    },
                    "genres": {
                        "S": "Action|Crime|Thriller"
                    }
                }
            }
        },
        {
            "PutRequest": {
                "Item": {
                    "id": {
                        "S": "134192"
                    },
                    "title": {
                        "S": "White Pop Jesus (1980)"
                    },
                    "genres": {
                        "S": "(no genres listed)"
                    }
                }
            }
        },
        {
            "PutRequest": {
                "Item": {
                    "id": {
                        "S": "134194"
                    },
                    "title": {
                        "S": "The Last Desperate Hours (1974)"
                    },
                    "genres": {
                        "S": "Action|Crime|Thriller"
                    }
                }
            }
        },
        {
            "PutRequest": {
                "Item": {
                    "id": {
                        "S": "134196"
                    },
                    "title": {
                        "S": "Il sole nella pelle (1972)"
                    },
                    "genres": {
                        "S": "Drama|Romance"
                    }
                }
            }
        },
        {
            "PutRequest": {
                "Item": {
                    "id": {
                        "S": "134198"
                    },
                    "title": {
                        "S": "Agente Logan - missione Ypotron (1966)"
                    },
                    "genres": {
                        "S": "Action|Adventure|Crime|Sci-Fi|Thriller"
                    }
                }
            }
        },
        {
            "PutRequest": {
                "Item": {
                    "id": {
                        "S": "134200"
                    },
                    "title": {
                        "S": "Wei\u00dfe Fracht f\u00fcr Hongkong (1964)"
                    },
                    "genres": {
                        "S": "Adventure|Thriller"
                    }
                }
            }
        },
        {
            "PutRequest": {
                "Item": {
                    "id": {
                        "S": "134202"
                    },
                    "title": {
                        "S": "Nobody's Perfect (2008)"
                    },
                    "genres": {
                        "S": "Documentary"
                    }
                }
            }
        }
    ]
}