{
    "movies": [
        {
            "PutRequest": {
                "Item": {
                    "id": {
                        "S": "134763"
                    },
                    "title": {
                        "S": "To Trap A Spy (1964)"
                    },
                    "genres": {
                        "S": "Adventure"
                    }
                }
            }
        },
        {
            "PutRequest": {
                "Item": {
                    "id": {
                        "S": "134765"
                    },
                    "title": {
                        "S": "Tomorrow Is Another Day (1951)"
                    },
                    "genres": {
                        "S": "Crime"
                    }
                }
            }
        },
        {
            "PutRequest": {
                "Item": {
                    "id": {
                        "S": "134767"
                    },
                    "title": {
                        "S": "Warpath (1951)"
                    },
                    "genres": {
                        "S": "Western"
                    }
                }
            }
        },
        {
            "PutRequest": {
                "Item": {
                    "id": {
                        "S": "134769"
                    },
                    "title": {
                        "S": "Way Down South (1939)"
                    },
                    "genres": {
                        "S": "Crime"
                    }
                }
            }
        },
        {
            "PutRequest": {
                "Item": {
                    "id": {
                        "S": "134771"
                    },
                    "title": {
                        "S": "Whiplash (1948)"
                    },
                    "genres": {
                        "S": "Drama"
                    }
                }
            }
        },
        {
            "PutRequest": {
                "Item": {
                    "id": {
                        "S": "134773"
                    },
                    "title": {
                        "S": "The Fiend of Dope Island (1961)"
                    },
                    "genres": {
                        "S": "Adventure|Crime|Drama"
                    }
                }
            }
        },
        {
            "PutRequest": {
                "Item": {
                    "id": {
                        "S": "134775"
                    },
                    "title": {
                        "S": "Dragon Blade (2015)"
                    },
                    "genres": {
                        "S": "Action|Adventure|Drama"
                    }
                }
            }
        },
        {
            "PutRequest": {
                "Item": {
                    "id": {
                        "S": "134777"
                    },
                    "title": {
                        "S": "Jab Tak Hai Jaan (2012)"
                    },
                    "genres": {
                        "S": "Drama|Romance"
                    }
                }
            }
        },
        {
            "PutRequest": {
                "Item": {
                    "id": {
                        "S": "134779"
                    },
                    "title": {
                        "S": "Mere Brother Ki Dulhan (2011)"
                    },
                    "genres": {
                        "S": "Comedy|Drama|Romance"
                    }
                }
            }
        },
        {
            "PutRequest": {
                "Item": {
                    "id": {
                        "S": "134781"
                    },
                    "title": {
                        "S": "I Hate Luv Storys (2010)"
                    },
                    "genres": {
                        "S": "Comedy|Drama|Romance"
                    }
                }
            }
        },
        {
            "PutRequest": {
                "Item": {
                    "id": {
                        "S": "134783"
                    },
                    "title": {
                        "S": "Entourage (2015)"
                    },
                    "genres": {
                        "S": "Comedy"
                    }
                }
            }
        },
        {
            "PutRequest": {
                "Item": {
                    "id": {
                        "S": "134785"
                    },
                    "title": {
                        "S": "London Road (2015)"
                    },
                    "genres": {
                        "S": "Adventure|Mystery|Thriller"
                    }
                }
            }
        },
        {
            "PutRequest": {
                "Item": {
                    "id": {
                        "S": "134787"
                    },
                    "title": {
                        "S": "Follow Me (1969)"
                    },
                    "genres": {
                        "S": "Documentary"
                    }
                }
            }
        },
        {
            "PutRequest": {
                "Item": {
                    "id": {
                        "S": "134789"
                    },
                    "title": {
                        "S": "If You Were Young: Rage (1970)"
                    },
                    "genres": {
                        "S": "Drama"
                    }
                }
            }
        },
        {
            "PutRequest": {
                "Item": {
                    "id": {
                        "S": "134791"
                    },
                    "title": {
                        "S": "Erotikon (1920)"
                    },
                    "genres": {
                        "S": "Comedy|Drama|Romance"
                    }
                }
            }
        },
        {
            "PutRequest": {
                "Item": {
                    "id": {
                        "S": "134794"
                    },
                    "title": {
                        "S": "Backyard Dogs (2001)"
                    },
                    "genres": {
                        "S": "Action|Comedy"
                    }
                }
            }
        },
        {
            "PutRequest": {
                "Item": {
                    "id": {
                        "S": "134796"
                    },
                    "title": {
                        "S": "Bitter Lake (2015)"
                    },
                    "genres": {
                        "S": "Documentary"
                    }
                }
            }
        },
        {
            "PutRequest": {
                "Item": {
                    "id": {
                        "S": "134798"
                    },
                    "title": {
                        "S": "How to Save a Marriage and Ruin Your Life (1968)"
                    },
                    "genres": {
                        "S": "Comedy|Romance"
                    }
                }
            }
        },
        {
            "PutRequest": {
                "Item": {
                    "id": {
                        "S": "134800"
                    },
                    "title": {
                        "S": "Ventoux (2015)"
                    },
                    "genres": {
                        "S": "Drama"
                    }
                }
            }
        },
        {
            "PutRequest": {
                "Item": {
                    "id": {
                        "S": "134802"
                    },
                    "title": {
                        "S": "Murder of a Cat (2014)"
                    },
                    "genres": {
                        "S": "Comedy|Thriller"
                    }
                }
            }
        },
        {
            "PutRequest": {
                "Item": {
                    "id": {
                        "S": "134804"
                    },
                    "title": {
                        "S": "Das Ende der Geduld (2014)"
                    },
                    "genres": {
                        "S": "Drama"
                    }
                }
            }
        },
        {
            "PutRequest": {
                "Item": {
                    "id": {
                        "S": "134806"
                    },
                    "title": {
                        "S": "Demons of the Mind (1972)"
                    },
                    "genres": {
                        "S": "Horror|Thriller"
                    }
                }
            }
        },
        {
            "PutRequest": {
                "Item": {
                    "id": {
                        "S": "134808"
                    },
                    "title": {
                        "S": "No Way Jose (2015)"
                    },
                    "genres": {
                        "S": "Comedy"
                    }
                }
            }
        },
        {
            "PutRequest": {
                "Item": {
                    "id": {
                        "S": "134810"
                    },
                    "title": {
                        "S": "Time Of My Life (2012)"
                    },
                    "genres": {
                        "S": "(no genres listed)"
                    }
                }
            }
        },
        {
            "PutRequest": {
                "Item": {
                    "id": {
                        "S": "134812"
                    },
                    "title": {
                        "S": "Der Samurai (2014)"
                    },
                    "genres": {
                        "S": "Fantasy|Horror|Thriller"
                    }
                }
            }
        }
    ]
}