{
    "movies": [
        {
            "PutRequest": {
                "Item": {
                    "id": {
                        "S": "123959"
                    },
                    "title": {
                        "S": "Groupie (2010)"
                    },
                    "genres": {
                        "S": "Horror|Thriller"
                    }
                }
            }
        },
        {
            "PutRequest": {
                "Item": {
                    "id": {
                        "S": "123961"
                    },
                    "title": {
                        "S": "Professional Sweetheart (1933)"
                    },
                    "genres": {
                        "S": "Comedy|Romance"
                    }
                }
            }
        },
        {
            "PutRequest": {
                "Item": {
                    "id": {
                        "S": "123963"
                    },
                    "title": {
                        "S": "Jungle Manhunt (1951)"
                    },
                    "genres": {
                        "S": "Adventure|Sci-Fi"
                    }
                }
            }
        },
        {
            "PutRequest": {
                "Item": {
                    "id": {
                        "S": "123965"
                    },
                    "title": {
                        "S": "The Dragon Murder Case (1934)"
                    },
                    "genres": {
                        "S": "Mystery"
                    }
                }
            }
        },
        {
            "PutRequest": {
                "Item": {
                    "id": {
                        "S": "123967"
                    },
                    "title": {
                        "S": "LiebesLuder (2000)"
                    },
                    "genres": {
                        "S": "Comedy"
                    }
                }
            }
        },
        {
            "PutRequest": {
                "Item": {
                    "id": {
                        "S": "123969"
                    },
                    "title": {
                        "S": "Sunset Heat (1992)"
                    },
                    "genres": {
                        "S": "Thriller"
                    }
                }
            }
        },
        {
            "PutRequest": {
                "Item": {
                    "id": {
                        "S": "123971"
                    },
                    "title": {
                        "S": "Public Hero Number 1 (1935)"
                    },
                    "genres": {
                        "S": "Crime|Drama"
                    }
                }
            }
        },
        {
            "PutRequest": {
                "Item": {
                    "id": {
                        "S": "123973"
                    },
                    "title": {
                        "S": "Number One with a Bullet (1987)"
                    },
                    "genres": {
                        "S": "Action|Comedy"
                    }
                }
            }
        },
        {
            "PutRequest": {
                "Item": {
                    "id": {
                        "S": "123975"
                    },
                    "title": {
                        "S": "Erotikon (1929)"
                    },
                    "genres": {
                        "S": "(no genres listed)"
                    }
                }
            }
        },
        {
            "PutRequest": {
                "Item": {
                    "id": {
                        "S": "123977"
                    },
                    "title": {
                        "S": "Remember? (1939)"
                    },
                    "genres": {
                        "S": "Comedy|Romance"
                    }
                }
            }
        },
        {
            "PutRequest": {
                "Item": {
                    "id": {
                        "S": "123979"
                    },
                    "title": {
                        "S": "The Case of the Black Cat (1936)"
                    },
                    "genres": {
                        "S": "Crime|Drama|Mystery"
                    }
                }
            }
        },
        {
            "PutRequest": {
                "Item": {
                    "id": {
                        "S": "123981"
                    },
                    "title": {
                        "S": "The Admirable Crichton (1957)"
                    },
                    "genres": {
                        "S": "Comedy"
                    }
                }
            }
        },
        {
            "PutRequest": {
                "Item": {
                    "id": {
                        "S": "123983"
                    },
                    "title": {
                        "S": "Spook Busters (1946)"
                    },
                    "genres": {
                        "S": "Comedy"
                    }
                }
            }
        },
        {
            "PutRequest": {
                "Item": {
                    "id": {
                        "S": "123985"
                    },
                    "title": {
                        "S": "HazMat (2013)"
                    },
                    "genres": {
                        "S": "Horror"
                    }
                }
            }
        },
        {
            "PutRequest": {
                "Item": {
                    "id": {
                        "S": "123987"
                    },
                    "title": {
                        "S": "Winner Take All (1932)"
                    },
                    "genres": {
                        "S": "Drama"
                    }
                }
            }
        },
        {
            "PutRequest": {
                "Item": {
                    "id": {
                        "S": "123989"
                    },
                    "title": {
                        "S": "Spike of Bensonhurst (1988)"
                    },
                    "genres": {
                        "S": "(no genres listed)"
                    }
                }
            }
        },
        {
            "PutRequest": {
                "Item": {
                    "id": {
                        "S": "123993"
                    },
                    "title": {
                        "S": "Parlor, Bedroom and Bath (1931)"
                    },
                    "genres": {
                        "S": "Comedy"
                    }
                }
            }
        },
        {
            "PutRequest": {
                "Item": {
                    "id": {
                        "S": "123995"
                    },
                    "title": {
                        "S": "Maker of Men (1931)"
                    },
                    "genres": {
                        "S": "(no genres listed)"
                    }
                }
            }
        },
        {
            "PutRequest": {
                "Item": {
                    "id": {
                        "S": "123997"
                    },
                    "title": {
                        "S": "Speak Easily (1932)"
                    },
                    "genres": {
                        "S": "Comedy"
                    }
                }
            }
        },
        {
            "PutRequest": {
                "Item": {
                    "id": {
                        "S": "123999"
                    },
                    "title": {
                        "S": "Murder in the Fleet (1935)"
                    },
                    "genres": {
                        "S": "(no genres listed)"
                    }
                }
            }
        },
        {
            "PutRequest": {
                "Item": {
                    "id": {
                        "S": "124001"
                    },
                    "title": {
                        "S": "Pick a Star (1937)"
                    },
                    "genres": {
                        "S": "Comedy"
                    }
                }
            }
        },
        {
            "PutRequest": {
                "Item": {
                    "id": {
                        "S": "124003"
                    },
                    "title": {
                        "S": "Easy to Wed (1946)"
                    },
                    "genres": {
                        "S": "Comedy|Romance"
                    }
                }
            }
        },
        {
            "PutRequest": {
                "Item": {
                    "id": {
                        "S": "124005"
                    },
                    "title": {
                        "S": "Ma and Pa Kettle Back on the Farm (1951)"
                    },
                    "genres": {
                        "S": "Comedy"
                    }
                }
            }
        },
        {
            "PutRequest": {
                "Item": {
                    "id": {
                        "S": "124007"
                    },
                    "title": {
                        "S": "I Love Lucy: The Movie (1953)"
                    },
                    "genres": {
                        "S": "(no genres listed)"
                    }
                }
            }
        },
        {
            "PutRequest": {
                "Item": {
                    "id": {
                        "S": "124009"
                    },
                    "title": {
                        "S": "So Well Remembered (1947)"
                    },
                    "genres": {
                        "S": "Drama|Mystery|Romance"
                    }
                }
            }
        }
    ]
}