{
    "movies": [
        {
            "PutRequest": {
                "Item": {
                    "id": {
                        "S": "2867"
                    },
                    "title": {
                        "S": "Fright Night (1985)"
                    },
                    "genres": {
                        "S": "Comedy|Horror|Thriller"
                    }
                }
            }
        },
        {
            "PutRequest": {
                "Item": {
                    "id": {
                        "S": "2868"
                    },
                    "title": {
                        "S": "Fright Night Part II (1988)"
                    },
                    "genres": {
                        "S": "Horror"
                    }
                }
            }
        },
        {
            "PutRequest": {
                "Item": {
                    "id": {
                        "S": "2869"
                    },
                    "title": {
                        "S": "Separation, The (S\u00e9paration, La) (1994)"
                    },
                    "genres": {
                        "S": "Drama"
                    }
                }
            }
        },
        {
            "PutRequest": {
                "Item": {
                    "id": {
                        "S": "2870"
                    },
                    "title": {
                        "S": "Barefoot in the Park (1967)"
                    },
                    "genres": {
                        "S": "Comedy"
                    }
                }
            }
        },
        {
            "PutRequest": {
                "Item": {
                    "id": {
                        "S": "2871"
                    },
                    "title": {
                        "S": "Deliverance (1972)"
                    },
                    "genres": {
                        "S": "Adventure|Drama|Thriller"
                    }
                }
            }
        },
        {
            "PutRequest": {
                "Item": {
                    "id": {
                        "S": "2872"
                    },
                    "title": {
                        "S": "Excalibur (1981)"
                    },
                    "genres": {
                        "S": "Adventure|Fantasy"
                    }
                }
            }
        },
        {
            "PutRequest": {
                "Item": {
                    "id": {
                        "S": "2873"
                    },
                    "title": {
                        "S": "Lulu on the Bridge (1998)"
                    },
                    "genres": {
                        "S": "Drama|Mystery|Romance"
                    }
                }
            }
        },
        {
            "PutRequest": {
                "Item": {
                    "id": {
                        "S": "2874"
                    },
                    "title": {
                        "S": "Pajama Game, The (1957)"
                    },
                    "genres": {
                        "S": "Comedy|Musical|Romance"
                    }
                }
            }
        },
        {
            "PutRequest": {
                "Item": {
                    "id": {
                        "S": "2875"
                    },
                    "title": {
                        "S": "Sommersby (1993)"
                    },
                    "genres": {
                        "S": "Drama|Mystery|Romance"
                    }
                }
            }
        },
        {
            "PutRequest": {
                "Item": {
                    "id": {
                        "S": "2876"
                    },
                    "title": {
                        "S": "Thumbelina (1994)"
                    },
                    "genres": {
                        "S": "Animation|Children|Fantasy"
                    }
                }
            }
        },
        {
            "PutRequest": {
                "Item": {
                    "id": {
                        "S": "2877"
                    },
                    "title": {
                        "S": "Tommy (1975)"
                    },
                    "genres": {
                        "S": "Musical"
                    }
                }
            }
        },
        {
            "PutRequest": {
                "Item": {
                    "id": {
                        "S": "2878"
                    },
                    "title": {
                        "S": "Hell Night (1981)"
                    },
                    "genres": {
                        "S": "Horror"
                    }
                }
            }
        },
        {
            "PutRequest": {
                "Item": {
                    "id": {
                        "S": "2879"
                    },
                    "title": {
                        "S": "Armour of God II: Operation Condor (Operation Condor) (Fei ying gai wak) (1991)"
                    },
                    "genres": {
                        "S": "Action|Adventure|Comedy"
                    }
                }
            }
        },
        {
            "PutRequest": {
                "Item": {
                    "id": {
                        "S": "2880"
                    },
                    "title": {
                        "S": "Armour of God (Long xiong hu di) (1987)"
                    },
                    "genres": {
                        "S": "Action|Adventure|Comedy"
                    }
                }
            }
        },
        {
            "PutRequest": {
                "Item": {
                    "id": {
                        "S": "2881"
                    },
                    "title": {
                        "S": "Double Jeopardy (1999)"
                    },
                    "genres": {
                        "S": "Action|Crime|Drama|Thriller"
                    }
                }
            }
        },
        {
            "PutRequest": {
                "Item": {
                    "id": {
                        "S": "2882"
                    },
                    "title": {
                        "S": "Jakob the Liar (1999)"
                    },
                    "genres": {
                        "S": "Drama"
                    }
                }
            }
        },
        {
            "PutRequest": {
                "Item": {
                    "id": {
                        "S": "2883"
                    },
                    "title": {
                        "S": "Mumford (1999)"
                    },
                    "genres": {
                        "S": "Comedy|Drama"
                    }
                }
            }
        },
        {
            "PutRequest": {
                "Item": {
                    "id": {
                        "S": "2884"
                    },
                    "title": {
                        "S": "Dog Park (1998)"
                    },
                    "genres": {
                        "S": "Comedy|Romance"
                    }
                }
            }
        },
        {
            "PutRequest": {
                "Item": {
                    "id": {
                        "S": "2885"
                    },
                    "title": {
                        "S": "Guinevere (1999)"
                    },
                    "genres": {
                        "S": "Drama|Romance"
                    }
                }
            }
        },
        {
            "PutRequest": {
                "Item": {
                    "id": {
                        "S": "2886"
                    },
                    "title": {
                        "S": "Adventures of Elmo in Grouchland, The (1999)"
                    },
                    "genres": {
                        "S": "Children|Comedy"
                    }
                }
            }
        },
        {
            "PutRequest": {
                "Item": {
                    "id": {
                        "S": "2887"
                    },
                    "title": {
                        "S": "Simon Sez (1999)"
                    },
                    "genres": {
                        "S": "Action|Comedy"
                    }
                }
            }
        },
        {
            "PutRequest": {
                "Item": {
                    "id": {
                        "S": "2888"
                    },
                    "title": {
                        "S": "Drive Me Crazy (1999)"
                    },
                    "genres": {
                        "S": "Comedy|Romance"
                    }
                }
            }
        },
        {
            "PutRequest": {
                "Item": {
                    "id": {
                        "S": "2889"
                    },
                    "title": {
                        "S": "Mystery, Alaska (1999)"
                    },
                    "genres": {
                        "S": "Comedy|Drama"
                    }
                }
            }
        },
        {
            "PutRequest": {
                "Item": {
                    "id": {
                        "S": "2890"
                    },
                    "title": {
                        "S": "Three Kings (1999)"
                    },
                    "genres": {
                        "S": "Action|Adventure|Comedy|Drama|War"
                    }
                }
            }
        },
        {
            "PutRequest": {
                "Item": {
                    "id": {
                        "S": "2891"
                    },
                    "title": {
                        "S": "Happy, Texas (1999)"
                    },
                    "genres": {
                        "S": "Comedy"
                    }
                }
            }
        }
    ]
}