{
    "movies": [
        {
            "PutRequest": {
                "Item": {
                    "id": {
                        "S": "3471"
                    },
                    "title": {
                        "S": "Close Encounters of the Third Kind (1977)"
                    },
                    "genres": {
                        "S": "Adventure|Drama|Sci-Fi"
                    }
                }
            }
        },
        {
            "PutRequest": {
                "Item": {
                    "id": {
                        "S": "3472"
                    },
                    "title": {
                        "S": "Horror Hotel (a.k.a. City of the Dead, The) (1960)"
                    },
                    "genres": {
                        "S": "Horror|Thriller"
                    }
                }
            }
        },
        {
            "PutRequest": {
                "Item": {
                    "id": {
                        "S": "3473"
                    },
                    "title": {
                        "S": "Jonah Who Will Be 25 in the Year 2000 (Jonas qui aura 25 ans en l'an 2000) (1976)"
                    },
                    "genres": {
                        "S": "Comedy"
                    }
                }
            }
        },
        {
            "PutRequest": {
                "Item": {
                    "id": {
                        "S": "3474"
                    },
                    "title": {
                        "S": "Retroactive (1997)"
                    },
                    "genres": {
                        "S": "Sci-Fi|Thriller"
                    }
                }
            }
        },
        {
            "PutRequest": {
                "Item": {
                    "id": {
                        "S": "3475"
                    },
                    "title": {
                        "S": "Place in the Sun, A (1951)"
                    },
                    "genres": {
                        "S": "Drama|Romance"
                    }
                }
            }
        },
        {
            "PutRequest": {
                "Item": {
                    "id": {
                        "S": "3476"
                    },
                    "title": {
                        "S": "Jacob's Ladder (1990)"
                    },
                    "genres": {
                        "S": "Horror|Mystery"
                    }
                }
            }
        },
        {
            "PutRequest": {
                "Item": {
                    "id": {
                        "S": "3477"
                    },
                    "title": {
                        "S": "Empire Records (1995)"
                    },
                    "genres": {
                        "S": "Comedy|Drama"
                    }
                }
            }
        },
        {
            "PutRequest": {
                "Item": {
                    "id": {
                        "S": "3478"
                    },
                    "title": {
                        "S": "Bamba, La (1987)"
                    },
                    "genres": {
                        "S": "Drama"
                    }
                }
            }
        },
        {
            "PutRequest": {
                "Item": {
                    "id": {
                        "S": "3479"
                    },
                    "title": {
                        "S": "Ladyhawke (1985)"
                    },
                    "genres": {
                        "S": "Adventure|Fantasy|Romance"
                    }
                }
            }
        },
        {
            "PutRequest": {
                "Item": {
                    "id": {
                        "S": "3480"
                    },
                    "title": {
                        "S": "Lucas (1986)"
                    },
                    "genres": {
                        "S": "Drama|Romance"
                    }
                }
            }
        },
        {
            "PutRequest": {
                "Item": {
                    "id": {
                        "S": "3481"
                    },
                    "title": {
                        "S": "High Fidelity (2000)"
                    },
                    "genres": {
                        "S": "Comedy|Drama|Romance"
                    }
                }
            }
        },
        {
            "PutRequest": {
                "Item": {
                    "id": {
                        "S": "3483"
                    },
                    "title": {
                        "S": "Road to El Dorado, The (2000)"
                    },
                    "genres": {
                        "S": "Animation|Children"
                    }
                }
            }
        },
        {
            "PutRequest": {
                "Item": {
                    "id": {
                        "S": "3484"
                    },
                    "title": {
                        "S": "Skulls, The (2000)"
                    },
                    "genres": {
                        "S": "Thriller"
                    }
                }
            }
        },
        {
            "PutRequest": {
                "Item": {
                    "id": {
                        "S": "3485"
                    },
                    "title": {
                        "S": "Autopsy (Macchie Solari) (1975)"
                    },
                    "genres": {
                        "S": "Horror"
                    }
                }
            }
        },
        {
            "PutRequest": {
                "Item": {
                    "id": {
                        "S": "3486"
                    },
                    "title": {
                        "S": "Devil Girl From Mars (1954)"
                    },
                    "genres": {
                        "S": "Sci-Fi"
                    }
                }
            }
        },
        {
            "PutRequest": {
                "Item": {
                    "id": {
                        "S": "3487"
                    },
                    "title": {
                        "S": "El Dorado (1966)"
                    },
                    "genres": {
                        "S": "Western"
                    }
                }
            }
        },
        {
            "PutRequest": {
                "Item": {
                    "id": {
                        "S": "3488"
                    },
                    "title": {
                        "S": "Hideous Sun Demon, The (1959)"
                    },
                    "genres": {
                        "S": "Horror|Sci-Fi"
                    }
                }
            }
        },
        {
            "PutRequest": {
                "Item": {
                    "id": {
                        "S": "3489"
                    },
                    "title": {
                        "S": "Hook (1991)"
                    },
                    "genres": {
                        "S": "Adventure|Comedy|Fantasy"
                    }
                }
            }
        },
        {
            "PutRequest": {
                "Item": {
                    "id": {
                        "S": "3490"
                    },
                    "title": {
                        "S": "Horror Express (1972)"
                    },
                    "genres": {
                        "S": "Horror"
                    }
                }
            }
        },
        {
            "PutRequest": {
                "Item": {
                    "id": {
                        "S": "3491"
                    },
                    "title": {
                        "S": "My Chauffeur (1986)"
                    },
                    "genres": {
                        "S": "Comedy"
                    }
                }
            }
        },
        {
            "PutRequest": {
                "Item": {
                    "id": {
                        "S": "3492"
                    },
                    "title": {
                        "S": "Son of the Sheik, The (1926)"
                    },
                    "genres": {
                        "S": "Adventure|Comedy|Romance"
                    }
                }
            }
        },
        {
            "PutRequest": {
                "Item": {
                    "id": {
                        "S": "3493"
                    },
                    "title": {
                        "S": "Torso (1973)"
                    },
                    "genres": {
                        "S": "Horror|Mystery|Thriller"
                    }
                }
            }
        },
        {
            "PutRequest": {
                "Item": {
                    "id": {
                        "S": "3494"
                    },
                    "title": {
                        "S": "True Grit (1969)"
                    },
                    "genres": {
                        "S": "Adventure|Drama|Western"
                    }
                }
            }
        },
        {
            "PutRequest": {
                "Item": {
                    "id": {
                        "S": "3495"
                    },
                    "title": {
                        "S": "Roadside Prophets (1992)"
                    },
                    "genres": {
                        "S": "Comedy|Drama"
                    }
                }
            }
        },
        {
            "PutRequest": {
                "Item": {
                    "id": {
                        "S": "3496"
                    },
                    "title": {
                        "S": "Madame Sousatzka (1988)"
                    },
                    "genres": {
                        "S": "Drama"
                    }
                }
            }
        }
    ]
}