{
    "movies": [
        {
            "PutRequest": {
                "Item": {
                    "id": {
                        "S": "136333"
                    },
                    "title": {
                        "S": "Scooby-Doo and the Ghoul School (1988)"
                    },
                    "genres": {
                        "S": "Animation|Children"
                    }
                }
            }
        },
        {
            "PutRequest": {
                "Item": {
                    "id": {
                        "S": "136335"
                    },
                    "title": {
                        "S": "Scooby-Doo and the Alien Invaders (2000)"
                    },
                    "genres": {
                        "S": "Animation|Children"
                    }
                }
            }
        },
        {
            "PutRequest": {
                "Item": {
                    "id": {
                        "S": "136337"
                    },
                    "title": {
                        "S": "Scooby-Doo and the Cyber Chase (2001)"
                    },
                    "genres": {
                        "S": "Animation|Children"
                    }
                }
            }
        },
        {
            "PutRequest": {
                "Item": {
                    "id": {
                        "S": "136339"
                    },
                    "title": {
                        "S": "Scooby-Doo! in Where's My Mummy? (2005)"
                    },
                    "genres": {
                        "S": "Animation|Children|Thriller"
                    }
                }
            }
        },
        {
            "PutRequest": {
                "Item": {
                    "id": {
                        "S": "136341"
                    },
                    "title": {
                        "S": "Scooby-Doo! and the Samurai Sword (2009)"
                    },
                    "genres": {
                        "S": "Animation|Children|Comedy"
                    }
                }
            }
        },
        {
            "PutRequest": {
                "Item": {
                    "id": {
                        "S": "136343"
                    },
                    "title": {
                        "S": "Scooby-Doo! And the Legend of the Vampire (2003)"
                    },
                    "genres": {
                        "S": "Animation|Children|Comedy"
                    }
                }
            }
        },
        {
            "PutRequest": {
                "Item": {
                    "id": {
                        "S": "136345"
                    },
                    "title": {
                        "S": "Aloha Scooby-Doo! (2005)"
                    },
                    "genres": {
                        "S": "Animation|Children"
                    }
                }
            }
        },
        {
            "PutRequest": {
                "Item": {
                    "id": {
                        "S": "136347"
                    },
                    "title": {
                        "S": "Scooby-Doo Meets the Boo Brothers (1987)"
                    },
                    "genres": {
                        "S": "Adventure|Animation|Children|Comedy"
                    }
                }
            }
        },
        {
            "PutRequest": {
                "Item": {
                    "id": {
                        "S": "136349"
                    },
                    "title": {
                        "S": "Scooby-Doo! Pirates Ahoy! (2006)"
                    },
                    "genres": {
                        "S": "Animation|Children|Comedy|Mystery"
                    }
                }
            }
        },
        {
            "PutRequest": {
                "Item": {
                    "id": {
                        "S": "136351"
                    },
                    "title": {
                        "S": "Scooby-Doo! and the Goblin King (2008)"
                    },
                    "genres": {
                        "S": "Animation|Children|Comedy|Thriller"
                    }
                }
            }
        },
        {
            "PutRequest": {
                "Item": {
                    "id": {
                        "S": "136353"
                    },
                    "title": {
                        "S": "Scooby-Doo! and the Loch Ness Monster (2004)"
                    },
                    "genres": {
                        "S": "Animation|Children|Comedy"
                    }
                }
            }
        },
        {
            "PutRequest": {
                "Item": {
                    "id": {
                        "S": "136355"
                    },
                    "title": {
                        "S": "Big Top Scooby-Doo! (2012)"
                    },
                    "genres": {
                        "S": "Animation|Children|Comedy"
                    }
                }
            }
        },
        {
            "PutRequest": {
                "Item": {
                    "id": {
                        "S": "136357"
                    },
                    "title": {
                        "S": "Scooby-Doo! Legend of the Phantosaur (2011)"
                    },
                    "genres": {
                        "S": "Animation|Children|Mystery"
                    }
                }
            }
        },
        {
            "PutRequest": {
                "Item": {
                    "id": {
                        "S": "136359"
                    },
                    "title": {
                        "S": "Scooby-Doo Goes Hollywood (1979)"
                    },
                    "genres": {
                        "S": "Animation|Children|Comedy"
                    }
                }
            }
        },
        {
            "PutRequest": {
                "Item": {
                    "id": {
                        "S": "136361"
                    },
                    "title": {
                        "S": "Scooby-Doo! Mask of the Blue Falcon (2012)"
                    },
                    "genres": {
                        "S": "Adventure|Animation|Children|Comedy|Fantasy"
                    }
                }
            }
        },
        {
            "PutRequest": {
                "Item": {
                    "id": {
                        "S": "136363"
                    },
                    "title": {
                        "S": "Scooby-Doo! Music of the Vampire (2011)"
                    },
                    "genres": {
                        "S": "Animation|Children|Mystery"
                    }
                }
            }
        },
        {
            "PutRequest": {
                "Item": {
                    "id": {
                        "S": "136365"
                    },
                    "title": {
                        "S": "Scooby-Doo! Adventures: The Mystery Map (2013)"
                    },
                    "genres": {
                        "S": "Children"
                    }
                }
            }
        },
        {
            "PutRequest": {
                "Item": {
                    "id": {
                        "S": "136367"
                    },
                    "title": {
                        "S": "The Flintstones & WWE: Stone Age Smackdown (2015)"
                    },
                    "genres": {
                        "S": "Animation|Children|Comedy"
                    }
                }
            }
        },
        {
            "PutRequest": {
                "Item": {
                    "id": {
                        "S": "136369"
                    },
                    "title": {
                        "S": "The Jetsons Meet the Flintstones (1987)"
                    },
                    "genres": {
                        "S": "Animation|Children"
                    }
                }
            }
        },
        {
            "PutRequest": {
                "Item": {
                    "id": {
                        "S": "136371"
                    },
                    "title": {
                        "S": "Quints (2000)"
                    },
                    "genres": {
                        "S": "(no genres listed)"
                    }
                }
            }
        },
        {
            "PutRequest": {
                "Item": {
                    "id": {
                        "S": "136373"
                    },
                    "title": {
                        "S": "Drake And Josh Go Hollywood (2006)"
                    },
                    "genres": {
                        "S": "Adventure|Children|Comedy|Crime"
                    }
                }
            }
        },
        {
            "PutRequest": {
                "Item": {
                    "id": {
                        "S": "136375"
                    },
                    "title": {
                        "S": "Slap the Monster on Page One (1972)"
                    },
                    "genres": {
                        "S": "(no genres listed)"
                    }
                }
            }
        },
        {
            "PutRequest": {
                "Item": {
                    "id": {
                        "S": "136377"
                    },
                    "title": {
                        "S": "Tigers in Lipstick (1979)"
                    },
                    "genres": {
                        "S": "Comedy"
                    }
                }
            }
        },
        {
            "PutRequest": {
                "Item": {
                    "id": {
                        "S": "136379"
                    },
                    "title": {
                        "S": "The Fiend (1977)"
                    },
                    "genres": {
                        "S": "Thriller"
                    }
                }
            }
        },
        {
            "PutRequest": {
                "Item": {
                    "id": {
                        "S": "136381"
                    },
                    "title": {
                        "S": "Bisturi, la mafia bianca (1973)"
                    },
                    "genres": {
                        "S": "(no genres listed)"
                    }
                }
            }
        }
    ]
}