{
    "movies": [
        {
            "PutRequest": {
                "Item": {
                    "id": {
                        "S": "132414"
                    },
                    "title": {
                        "S": "G\u00e9raldine (2000)"
                    },
                    "genres": {
                        "S": "Animation"
                    }
                }
            }
        },
        {
            "PutRequest": {
                "Item": {
                    "id": {
                        "S": "132416"
                    },
                    "title": {
                        "S": "Laura's Star (2004)"
                    },
                    "genres": {
                        "S": "Animation|Children"
                    }
                }
            }
        },
        {
            "PutRequest": {
                "Item": {
                    "id": {
                        "S": "132418"
                    },
                    "title": {
                        "S": "The Marine 4: Moving Target (2015)"
                    },
                    "genres": {
                        "S": "Action|Thriller"
                    }
                }
            }
        },
        {
            "PutRequest": {
                "Item": {
                    "id": {
                        "S": "132420"
                    },
                    "title": {
                        "S": "Babar: King of the Elephants (1999)"
                    },
                    "genres": {
                        "S": "Animation|Children"
                    }
                }
            }
        },
        {
            "PutRequest": {
                "Item": {
                    "id": {
                        "S": "132422"
                    },
                    "title": {
                        "S": "Da Sweet Blood of Jesus (2014)"
                    },
                    "genres": {
                        "S": "Comedy|Romance|Thriller"
                    }
                }
            }
        },
        {
            "PutRequest": {
                "Item": {
                    "id": {
                        "S": "132424"
                    },
                    "title": {
                        "S": "The Longest Ride (2015)"
                    },
                    "genres": {
                        "S": "Drama|Romance"
                    }
                }
            }
        },
        {
            "PutRequest": {
                "Item": {
                    "id": {
                        "S": "132430"
                    },
                    "title": {
                        "S": "Man from Reno (2014)"
                    },
                    "genres": {
                        "S": "Crime|Mystery|Thriller"
                    }
                }
            }
        },
        {
            "PutRequest": {
                "Item": {
                    "id": {
                        "S": "132432"
                    },
                    "title": {
                        "S": "Five Dances (2013)"
                    },
                    "genres": {
                        "S": "Drama|Romance"
                    }
                }
            }
        },
        {
            "PutRequest": {
                "Item": {
                    "id": {
                        "S": "132434"
                    },
                    "title": {
                        "S": "Astral City: A Spiritual Journey (2010)"
                    },
                    "genres": {
                        "S": "Drama"
                    }
                }
            }
        },
        {
            "PutRequest": {
                "Item": {
                    "id": {
                        "S": "132436"
                    },
                    "title": {
                        "S": "Sweet Sugar (1972)"
                    },
                    "genres": {
                        "S": "Action|Drama"
                    }
                }
            }
        },
        {
            "PutRequest": {
                "Item": {
                    "id": {
                        "S": "132438"
                    },
                    "title": {
                        "S": "Table For Five (1983)"
                    },
                    "genres": {
                        "S": "(no genres listed)"
                    }
                }
            }
        },
        {
            "PutRequest": {
                "Item": {
                    "id": {
                        "S": "132440"
                    },
                    "title": {
                        "S": "Cannabis (1970)"
                    },
                    "genres": {
                        "S": "Action|Crime|Drama"
                    }
                }
            }
        },
        {
            "PutRequest": {
                "Item": {
                    "id": {
                        "S": "132442"
                    },
                    "title": {
                        "S": "Beyond the Reach (2014)"
                    },
                    "genres": {
                        "S": "Thriller"
                    }
                }
            }
        },
        {
            "PutRequest": {
                "Item": {
                    "id": {
                        "S": "132444"
                    },
                    "title": {
                        "S": "Nuntius (2014)"
                    },
                    "genres": {
                        "S": "Sci-Fi"
                    }
                }
            }
        },
        {
            "PutRequest": {
                "Item": {
                    "id": {
                        "S": "132446"
                    },
                    "title": {
                        "S": "Atari: Game Over (2014)"
                    },
                    "genres": {
                        "S": "Documentary"
                    }
                }
            }
        },
        {
            "PutRequest": {
                "Item": {
                    "id": {
                        "S": "132448"
                    },
                    "title": {
                        "S": "Einstein (2015)"
                    },
                    "genres": {
                        "S": "(no genres listed)"
                    }
                }
            }
        },
        {
            "PutRequest": {
                "Item": {
                    "id": {
                        "S": "132450"
                    },
                    "title": {
                        "S": "Broken Glass Park (2013)"
                    },
                    "genres": {
                        "S": "Drama"
                    }
                }
            }
        },
        {
            "PutRequest": {
                "Item": {
                    "id": {
                        "S": "132452"
                    },
                    "title": {
                        "S": "M\u00f6rderische Erpressung (2006)"
                    },
                    "genres": {
                        "S": "Crime"
                    }
                }
            }
        },
        {
            "PutRequest": {
                "Item": {
                    "id": {
                        "S": "132454"
                    },
                    "title": {
                        "S": "Girltrash: All Night Long (2014)"
                    },
                    "genres": {
                        "S": "Comedy|Crime|Drama"
                    }
                }
            }
        },
        {
            "PutRequest": {
                "Item": {
                    "id": {
                        "S": "132456"
                    },
                    "title": {
                        "S": "Lage Raho Munna Bhai (2006)"
                    },
                    "genres": {
                        "S": "Comedy|Drama|Romance"
                    }
                }
            }
        },
        {
            "PutRequest": {
                "Item": {
                    "id": {
                        "S": "132458"
                    },
                    "title": {
                        "S": "Monkey Kingdom (2015)"
                    },
                    "genres": {
                        "S": "Documentary"
                    }
                }
            }
        },
        {
            "PutRequest": {
                "Item": {
                    "id": {
                        "S": "132460"
                    },
                    "title": {
                        "S": "Beck - Sjukhusmorden (2015)"
                    },
                    "genres": {
                        "S": "Crime|Mystery|Thriller"
                    }
                }
            }
        },
        {
            "PutRequest": {
                "Item": {
                    "id": {
                        "S": "132462"
                    },
                    "title": {
                        "S": "Sword of Vengeance (2014)"
                    },
                    "genres": {
                        "S": "Action|Adventure|Drama"
                    }
                }
            }
        },
        {
            "PutRequest": {
                "Item": {
                    "id": {
                        "S": "132464"
                    },
                    "title": {
                        "S": "Jersey Shore Shark Attack (2012)"
                    },
                    "genres": {
                        "S": "Action|Sci-Fi"
                    }
                }
            }
        },
        {
            "PutRequest": {
                "Item": {
                    "id": {
                        "S": "132468"
                    },
                    "title": {
                        "S": "Ship of Theseus (2013)"
                    },
                    "genres": {
                        "S": "Drama"
                    }
                }
            }
        }
    ]
}