{
    "movies": [
        {
            "PutRequest": {
                "Item": {
                    "id": {
                        "S": "124959"
                    },
                    "title": {
                        "S": "The Iron Curtain (1948)"
                    },
                    "genres": {
                        "S": "Documentary|Thriller"
                    }
                }
            }
        },
        {
            "PutRequest": {
                "Item": {
                    "id": {
                        "S": "124961"
                    },
                    "title": {
                        "S": "Voyna i mir II. - Natasha Rostova (1966)"
                    },
                    "genres": {
                        "S": "Drama"
                    }
                }
            }
        },
        {
            "PutRequest": {
                "Item": {
                    "id": {
                        "S": "124963"
                    },
                    "title": {
                        "S": "House Party: Tonight's the Night (2013)"
                    },
                    "genres": {
                        "S": "(no genres listed)"
                    }
                }
            }
        },
        {
            "PutRequest": {
                "Item": {
                    "id": {
                        "S": "124965"
                    },
                    "title": {
                        "S": "Miracles (1986)"
                    },
                    "genres": {
                        "S": "Comedy"
                    }
                }
            }
        },
        {
            "PutRequest": {
                "Item": {
                    "id": {
                        "S": "124969"
                    },
                    "title": {
                        "S": "Ride Him, Cowboy (1932)"
                    },
                    "genres": {
                        "S": "Action|Romance|Western"
                    }
                }
            }
        },
        {
            "PutRequest": {
                "Item": {
                    "id": {
                        "S": "124971"
                    },
                    "title": {
                        "S": "This Woman Is Dangerous (1952)"
                    },
                    "genres": {
                        "S": "Crime|Drama"
                    }
                }
            }
        },
        {
            "PutRequest": {
                "Item": {
                    "id": {
                        "S": "124973"
                    },
                    "title": {
                        "S": "Special Agent (1935)"
                    },
                    "genres": {
                        "S": "Crime|Drama"
                    }
                }
            }
        },
        {
            "PutRequest": {
                "Item": {
                    "id": {
                        "S": "124975"
                    },
                    "title": {
                        "S": "The Fine Art of Love: Mine Ha-Ha (2005)"
                    },
                    "genres": {
                        "S": "(no genres listed)"
                    }
                }
            }
        },
        {
            "PutRequest": {
                "Item": {
                    "id": {
                        "S": "124977"
                    },
                    "title": {
                        "S": "Spanish Judges (2000)"
                    },
                    "genres": {
                        "S": "Crime|Drama"
                    }
                }
            }
        },
        {
            "PutRequest": {
                "Item": {
                    "id": {
                        "S": "124979"
                    },
                    "title": {
                        "S": "The Helen Morgan Story (1957)"
                    },
                    "genres": {
                        "S": "Drama|Romance"
                    }
                }
            }
        },
        {
            "PutRequest": {
                "Item": {
                    "id": {
                        "S": "124981"
                    },
                    "title": {
                        "S": "Trooper Hook (1957)"
                    },
                    "genres": {
                        "S": "Western"
                    }
                }
            }
        },
        {
            "PutRequest": {
                "Item": {
                    "id": {
                        "S": "124983"
                    },
                    "title": {
                        "S": "Impy's Island (2006)"
                    },
                    "genres": {
                        "S": "Animation|Children|Fantasy"
                    }
                }
            }
        },
        {
            "PutRequest": {
                "Item": {
                    "id": {
                        "S": "124985"
                    },
                    "title": {
                        "S": "Roughly Speaking (1945)"
                    },
                    "genres": {
                        "S": "Comedy|Drama"
                    }
                }
            }
        },
        {
            "PutRequest": {
                "Item": {
                    "id": {
                        "S": "124987"
                    },
                    "title": {
                        "S": "Snow White (1987)"
                    },
                    "genres": {
                        "S": "Children"
                    }
                }
            }
        },
        {
            "PutRequest": {
                "Item": {
                    "id": {
                        "S": "124989"
                    },
                    "title": {
                        "S": "Never Let Me Go (1953)"
                    },
                    "genres": {
                        "S": "Drama|Romance"
                    }
                }
            }
        },
        {
            "PutRequest": {
                "Item": {
                    "id": {
                        "S": "124991"
                    },
                    "title": {
                        "S": "Romance (2008)"
                    },
                    "genres": {
                        "S": "Romance"
                    }
                }
            }
        },
        {
            "PutRequest": {
                "Item": {
                    "id": {
                        "S": "124993"
                    },
                    "title": {
                        "S": "The Window (2008)"
                    },
                    "genres": {
                        "S": "Drama"
                    }
                }
            }
        },
        {
            "PutRequest": {
                "Item": {
                    "id": {
                        "S": "124995"
                    },
                    "title": {
                        "S": "The Newest City in the World (1974)"
                    },
                    "genres": {
                        "S": "Children|Drama"
                    }
                }
            }
        },
        {
            "PutRequest": {
                "Item": {
                    "id": {
                        "S": "124997"
                    },
                    "title": {
                        "S": "King Richard And The Crusaders (1954)"
                    },
                    "genres": {
                        "S": "Adventure|Drama"
                    }
                }
            }
        },
        {
            "PutRequest": {
                "Item": {
                    "id": {
                        "S": "124999"
                    },
                    "title": {
                        "S": "Jeanne Eagels (1957)"
                    },
                    "genres": {
                        "S": "Drama"
                    }
                }
            }
        },
        {
            "PutRequest": {
                "Item": {
                    "id": {
                        "S": "125001"
                    },
                    "title": {
                        "S": "No Down Payment (1957)"
                    },
                    "genres": {
                        "S": "Drama"
                    }
                }
            }
        },
        {
            "PutRequest": {
                "Item": {
                    "id": {
                        "S": "125003"
                    },
                    "title": {
                        "S": "The White Tower (1950)"
                    },
                    "genres": {
                        "S": "Adventure"
                    }
                }
            }
        },
        {
            "PutRequest": {
                "Item": {
                    "id": {
                        "S": "125005"
                    },
                    "title": {
                        "S": "This Could Be The Night (1957)"
                    },
                    "genres": {
                        "S": "Comedy"
                    }
                }
            }
        },
        {
            "PutRequest": {
                "Item": {
                    "id": {
                        "S": "125007"
                    },
                    "title": {
                        "S": "The Hoodlum (1951)"
                    },
                    "genres": {
                        "S": "Crime|Drama|Thriller"
                    }
                }
            }
        },
        {
            "PutRequest": {
                "Item": {
                    "id": {
                        "S": "125009"
                    },
                    "title": {
                        "S": "Underwater! (1955)"
                    },
                    "genres": {
                        "S": "Adventure|Drama"
                    }
                }
            }
        }
    ]
}