{
    "movies": [
        {
            "PutRequest": {
                "Item": {
                    "id": {
                        "S": "123196"
                    },
                    "title": {
                        "S": "Ritual (2002)"
                    },
                    "genres": {
                        "S": "Horror"
                    }
                }
            }
        },
        {
            "PutRequest": {
                "Item": {
                    "id": {
                        "S": "123198"
                    },
                    "title": {
                        "S": "Head Office (1985)"
                    },
                    "genres": {
                        "S": "Comedy"
                    }
                }
            }
        },
        {
            "PutRequest": {
                "Item": {
                    "id": {
                        "S": "123200"
                    },
                    "title": {
                        "S": "Jim Jefferies: I Swear to God (2009)"
                    },
                    "genres": {
                        "S": "Comedy"
                    }
                }
            }
        },
        {
            "PutRequest": {
                "Item": {
                    "id": {
                        "S": "123202"
                    },
                    "title": {
                        "S": "Social Nightmare (2013)"
                    },
                    "genres": {
                        "S": "Drama|Mystery"
                    }
                }
            }
        },
        {
            "PutRequest": {
                "Item": {
                    "id": {
                        "S": "123210"
                    },
                    "title": {
                        "S": "Once Fallen (2010)"
                    },
                    "genres": {
                        "S": "Action|Crime|Drama"
                    }
                }
            }
        },
        {
            "PutRequest": {
                "Item": {
                    "id": {
                        "S": "123213"
                    },
                    "title": {
                        "S": "Lease of Life (1954)"
                    },
                    "genres": {
                        "S": "(no genres listed)"
                    }
                }
            }
        },
        {
            "PutRequest": {
                "Item": {
                    "id": {
                        "S": "123215"
                    },
                    "title": {
                        "S": "The Magic Box (1951)"
                    },
                    "genres": {
                        "S": "Drama"
                    }
                }
            }
        },
        {
            "PutRequest": {
                "Item": {
                    "id": {
                        "S": "123217"
                    },
                    "title": {
                        "S": "Captain Boycott (1947)"
                    },
                    "genres": {
                        "S": "Drama"
                    }
                }
            }
        },
        {
            "PutRequest": {
                "Item": {
                    "id": {
                        "S": "123219"
                    },
                    "title": {
                        "S": "The Adventures of Tartu (1943)"
                    },
                    "genres": {
                        "S": "Drama|Romance|Thriller|War"
                    }
                }
            }
        },
        {
            "PutRequest": {
                "Item": {
                    "id": {
                        "S": "123221"
                    },
                    "title": {
                        "S": "Knight Without Armor (1937)"
                    },
                    "genres": {
                        "S": "Adventure|Drama|Romance|Thriller"
                    }
                }
            }
        },
        {
            "PutRequest": {
                "Item": {
                    "id": {
                        "S": "123223"
                    },
                    "title": {
                        "S": "Suddenly (2006)"
                    },
                    "genres": {
                        "S": "Drama"
                    }
                }
            }
        },
        {
            "PutRequest": {
                "Item": {
                    "id": {
                        "S": "123225"
                    },
                    "title": {
                        "S": "Winning Streak (2012)"
                    },
                    "genres": {
                        "S": "Drama"
                    }
                }
            }
        },
        {
            "PutRequest": {
                "Item": {
                    "id": {
                        "S": "123227"
                    },
                    "title": {
                        "S": "The Slaughter (2006)"
                    },
                    "genres": {
                        "S": "Horror"
                    }
                }
            }
        },
        {
            "PutRequest": {
                "Item": {
                    "id": {
                        "S": "123229"
                    },
                    "title": {
                        "S": "The Flesh and the Fiends (1961)"
                    },
                    "genres": {
                        "S": "Horror"
                    }
                }
            }
        },
        {
            "PutRequest": {
                "Item": {
                    "id": {
                        "S": "123233"
                    },
                    "title": {
                        "S": "The Lion Has Wings (1939)"
                    },
                    "genres": {
                        "S": "War"
                    }
                }
            }
        },
        {
            "PutRequest": {
                "Item": {
                    "id": {
                        "S": "123235"
                    },
                    "title": {
                        "S": "Sanders of the River (1935)"
                    },
                    "genres": {
                        "S": "Adventure|Drama"
                    }
                }
            }
        },
        {
            "PutRequest": {
                "Item": {
                    "id": {
                        "S": "123238"
                    },
                    "title": {
                        "S": "Counter-Attack (1945)"
                    },
                    "genres": {
                        "S": "Drama|War"
                    }
                }
            }
        },
        {
            "PutRequest": {
                "Item": {
                    "id": {
                        "S": "123240"
                    },
                    "title": {
                        "S": "The Macomber Affair (1947)"
                    },
                    "genres": {
                        "S": "Adventure"
                    }
                }
            }
        },
        {
            "PutRequest": {
                "Item": {
                    "id": {
                        "S": "123242"
                    },
                    "title": {
                        "S": "A Woman's Vengeance (1948)"
                    },
                    "genres": {
                        "S": "Drama|Mystery"
                    }
                }
            }
        },
        {
            "PutRequest": {
                "Item": {
                    "id": {
                        "S": "123244"
                    },
                    "title": {
                        "S": "Cry, the Beloved Country (1952)"
                    },
                    "genres": {
                        "S": "Drama"
                    }
                }
            }
        },
        {
            "PutRequest": {
                "Item": {
                    "id": {
                        "S": "123246"
                    },
                    "title": {
                        "S": "Address Unknown (1944)"
                    },
                    "genres": {
                        "S": "Drama"
                    }
                }
            }
        },
        {
            "PutRequest": {
                "Item": {
                    "id": {
                        "S": "123248"
                    },
                    "title": {
                        "S": "Drums in the Deep South (1951)"
                    },
                    "genres": {
                        "S": "Action|Drama"
                    }
                }
            }
        },
        {
            "PutRequest": {
                "Item": {
                    "id": {
                        "S": "123250"
                    },
                    "title": {
                        "S": "The Great Man (1956)"
                    },
                    "genres": {
                        "S": "(no genres listed)"
                    }
                }
            }
        },
        {
            "PutRequest": {
                "Item": {
                    "id": {
                        "S": "123252"
                    },
                    "title": {
                        "S": "I Accuse! (1958)"
                    },
                    "genres": {
                        "S": "Drama"
                    }
                }
            }
        },
        {
            "PutRequest": {
                "Item": {
                    "id": {
                        "S": "123254"
                    },
                    "title": {
                        "S": "State Fair (1962)"
                    },
                    "genres": {
                        "S": "(no genres listed)"
                    }
                }
            }
        }
    ]
}