{
    "movies": [
        {
            "PutRequest": {
                "Item": {
                    "id": {
                        "S": "137012"
                    },
                    "title": {
                        "S": "Deadly Daycare (2014)"
                    },
                    "genres": {
                        "S": "Action|Drama"
                    }
                }
            }
        },
        {
            "PutRequest": {
                "Item": {
                    "id": {
                        "S": "137014"
                    },
                    "title": {
                        "S": "A Sister's Nightmare (2013)"
                    },
                    "genres": {
                        "S": "Thriller"
                    }
                }
            }
        },
        {
            "PutRequest": {
                "Item": {
                    "id": {
                        "S": "137016"
                    },
                    "title": {
                        "S": "A Daughter's Nightmare (2014)"
                    },
                    "genres": {
                        "S": "Drama|Mystery|Thriller"
                    }
                }
            }
        },
        {
            "PutRequest": {
                "Item": {
                    "id": {
                        "S": "137018"
                    },
                    "title": {
                        "S": "A Sister's Revenge (2013)"
                    },
                    "genres": {
                        "S": "Drama|Mystery|Thriller"
                    }
                }
            }
        },
        {
            "PutRequest": {
                "Item": {
                    "id": {
                        "S": "137020"
                    },
                    "title": {
                        "S": "A Sister's Secret (2009)"
                    },
                    "genres": {
                        "S": "Drama|Mystery|Thriller"
                    }
                }
            }
        },
        {
            "PutRequest": {
                "Item": {
                    "id": {
                        "S": "137022"
                    },
                    "title": {
                        "S": "A Nanny's Revenge (2012)"
                    },
                    "genres": {
                        "S": "Drama|Thriller"
                    }
                }
            }
        },
        {
            "PutRequest": {
                "Item": {
                    "id": {
                        "S": "137024"
                    },
                    "title": {
                        "S": "The Perfect Nanny (2000)"
                    },
                    "genres": {
                        "S": "Thriller"
                    }
                }
            }
        },
        {
            "PutRequest": {
                "Item": {
                    "id": {
                        "S": "137026"
                    },
                    "title": {
                        "S": "Tainted Blood (1993)"
                    },
                    "genres": {
                        "S": "Mystery|Thriller"
                    }
                }
            }
        },
        {
            "PutRequest": {
                "Item": {
                    "id": {
                        "S": "137028"
                    },
                    "title": {
                        "S": "Augusta, Gone (2006)"
                    },
                    "genres": {
                        "S": "Drama"
                    }
                }
            }
        },
        {
            "PutRequest": {
                "Item": {
                    "id": {
                        "S": "137030"
                    },
                    "title": {
                        "S": "Dangerous Child (2001)"
                    },
                    "genres": {
                        "S": "(no genres listed)"
                    }
                }
            }
        },
        {
            "PutRequest": {
                "Item": {
                    "id": {
                        "S": "137032"
                    },
                    "title": {
                        "S": "The Perfect Neighbor (2005)"
                    },
                    "genres": {
                        "S": "Drama|Thriller"
                    }
                }
            }
        },
        {
            "PutRequest": {
                "Item": {
                    "id": {
                        "S": "137034"
                    },
                    "title": {
                        "S": "Perfect High (2015)"
                    },
                    "genres": {
                        "S": "(no genres listed)"
                    }
                }
            }
        },
        {
            "PutRequest": {
                "Item": {
                    "id": {
                        "S": "137036"
                    },
                    "title": {
                        "S": "The Surrogate (2013)"
                    },
                    "genres": {
                        "S": "Drama|Mystery|Thriller"
                    }
                }
            }
        },
        {
            "PutRequest": {
                "Item": {
                    "id": {
                        "S": "137038"
                    },
                    "title": {
                        "S": "The Perfect Wife (2001)"
                    },
                    "genres": {
                        "S": "Drama|Thriller"
                    }
                }
            }
        },
        {
            "PutRequest": {
                "Item": {
                    "id": {
                        "S": "137040"
                    },
                    "title": {
                        "S": "Hunger Point (2003)"
                    },
                    "genres": {
                        "S": "Drama"
                    }
                }
            }
        },
        {
            "PutRequest": {
                "Item": {
                    "id": {
                        "S": "137042"
                    },
                    "title": {
                        "S": "When Friendship Kills (1996)"
                    },
                    "genres": {
                        "S": "Drama"
                    }
                }
            }
        },
        {
            "PutRequest": {
                "Item": {
                    "id": {
                        "S": "137044"
                    },
                    "title": {
                        "S": "A Killer Among Friends (1992)"
                    },
                    "genres": {
                        "S": "Drama|Mystery"
                    }
                }
            }
        },
        {
            "PutRequest": {
                "Item": {
                    "id": {
                        "S": "137046"
                    },
                    "title": {
                        "S": "The Perfect Assistant (2008)"
                    },
                    "genres": {
                        "S": "Crime|Mystery|Thriller"
                    }
                }
            }
        },
        {
            "PutRequest": {
                "Item": {
                    "id": {
                        "S": "137048"
                    },
                    "title": {
                        "S": "Perfect Child (2007)"
                    },
                    "genres": {
                        "S": "Drama"
                    }
                }
            }
        },
        {
            "PutRequest": {
                "Item": {
                    "id": {
                        "S": "137050"
                    },
                    "title": {
                        "S": "The Rival (2006)"
                    },
                    "genres": {
                        "S": "Thriller"
                    }
                }
            }
        },
        {
            "PutRequest": {
                "Item": {
                    "id": {
                        "S": "137052"
                    },
                    "title": {
                        "S": "A Job to Kill For (2006)"
                    },
                    "genres": {
                        "S": "Drama|Thriller"
                    }
                }
            }
        },
        {
            "PutRequest": {
                "Item": {
                    "id": {
                        "S": "137054"
                    },
                    "title": {
                        "S": "Daniels Daughter (2008)"
                    },
                    "genres": {
                        "S": "Drama|Romance"
                    }
                }
            }
        },
        {
            "PutRequest": {
                "Item": {
                    "id": {
                        "S": "137056"
                    },
                    "title": {
                        "S": "The Secretary (1995)"
                    },
                    "genres": {
                        "S": "(no genres listed)"
                    }
                }
            }
        },
        {
            "PutRequest": {
                "Item": {
                    "id": {
                        "S": "137060"
                    },
                    "title": {
                        "S": "The Tenth Circle (2008)"
                    },
                    "genres": {
                        "S": "Drama|Mystery|Thriller"
                    }
                }
            }
        },
        {
            "PutRequest": {
                "Item": {
                    "id": {
                        "S": "137062"
                    },
                    "title": {
                        "S": "Naruto Shippuden the Movie: Road to Ninja (2012)"
                    },
                    "genres": {
                        "S": "Action|Adventure|Animation|Fantasy"
                    }
                }
            }
        }
    ]
}