{
    "movies": [
        {
            "PutRequest": {
                "Item": {
                    "id": {
                        "S": "148659"
                    },
                    "title": {
                        "S": "Ennum Eppozhum (2015)"
                    },
                    "genres": {
                        "S": "Children|Drama"
                    }
                }
            }
        },
        {
            "PutRequest": {
                "Item": {
                    "id": {
                        "S": "148661"
                    },
                    "title": {
                        "S": "Spirit (2012)"
                    },
                    "genres": {
                        "S": "Action|Thriller"
                    }
                }
            }
        },
        {
            "PutRequest": {
                "Item": {
                    "id": {
                        "S": "148663"
                    },
                    "title": {
                        "S": "Psychic Killer (1975)"
                    },
                    "genres": {
                        "S": "Horror|Thriller"
                    }
                }
            }
        },
        {
            "PutRequest": {
                "Item": {
                    "id": {
                        "S": "148665"
                    },
                    "title": {
                        "S": "William Shatner Presents: Chaos on the Bridge (2015)"
                    },
                    "genres": {
                        "S": "Documentary|Sci-Fi"
                    }
                }
            }
        },
        {
            "PutRequest": {
                "Item": {
                    "id": {
                        "S": "148667"
                    },
                    "title": {
                        "S": "John Mulaney: The Comeback Kid (2015)"
                    },
                    "genres": {
                        "S": "Comedy"
                    }
                }
            }
        },
        {
            "PutRequest": {
                "Item": {
                    "id": {
                        "S": "148669"
                    },
                    "title": {
                        "S": "L for Leisure (2014)"
                    },
                    "genres": {
                        "S": "Comedy"
                    }
                }
            }
        },
        {
            "PutRequest": {
                "Item": {
                    "id": {
                        "S": "148671"
                    },
                    "title": {
                        "S": "Saw (2003)"
                    },
                    "genres": {
                        "S": "Crime|Horror"
                    }
                }
            }
        },
        {
            "PutRequest": {
                "Item": {
                    "id": {
                        "S": "148673"
                    },
                    "title": {
                        "S": "Northpole (2014)"
                    },
                    "genres": {
                        "S": "Children|Fantasy"
                    }
                }
            }
        },
        {
            "PutRequest": {
                "Item": {
                    "id": {
                        "S": "148675"
                    },
                    "title": {
                        "S": "North Pole: Open For Christmas (2015)"
                    },
                    "genres": {
                        "S": "Children|Fantasy"
                    }
                }
            }
        },
        {
            "PutRequest": {
                "Item": {
                    "id": {
                        "S": "148677"
                    },
                    "title": {
                        "S": "\u039f\u03c5\u03b6\u03b5\u03c1\u03af \u03a4\u03c3\u03b9\u03c4\u03c3\u03ac\u03bd\u03b7\u03c2"
                    },
                    "genres": {
                        "S": "(no genres listed)"
                    }
                }
            }
        },
        {
            "PutRequest": {
                "Item": {
                    "id": {
                        "S": "148679"
                    },
                    "title": {
                        "S": "Amy Schumer: Mostly Sex Stuff (2012)"
                    },
                    "genres": {
                        "S": "Comedy"
                    }
                }
            }
        },
        {
            "PutRequest": {
                "Item": {
                    "id": {
                        "S": "148681"
                    },
                    "title": {
                        "S": "Loup (2009)"
                    },
                    "genres": {
                        "S": "Adventure"
                    }
                }
            }
        },
        {
            "PutRequest": {
                "Item": {
                    "id": {
                        "S": "148683"
                    },
                    "title": {
                        "S": "American Hero (2015)"
                    },
                    "genres": {
                        "S": "Action|Comedy|Sci-Fi"
                    }
                }
            }
        },
        {
            "PutRequest": {
                "Item": {
                    "id": {
                        "S": "148685"
                    },
                    "title": {
                        "S": "Night Owls (2015)"
                    },
                    "genres": {
                        "S": "Comedy|Drama"
                    }
                }
            }
        },
        {
            "PutRequest": {
                "Item": {
                    "id": {
                        "S": "148687"
                    },
                    "title": {
                        "S": "Led Zeppelin: Celebration Day (2012)"
                    },
                    "genres": {
                        "S": "Documentary"
                    }
                }
            }
        },
        {
            "PutRequest": {
                "Item": {
                    "id": {
                        "S": "148689"
                    },
                    "title": {
                        "S": "The Incident (2014)"
                    },
                    "genres": {
                        "S": "Sci-Fi"
                    }
                }
            }
        },
        {
            "PutRequest": {
                "Item": {
                    "id": {
                        "S": "148691"
                    },
                    "title": {
                        "S": "The Chiefs (2004)"
                    },
                    "genres": {
                        "S": "(no genres listed)"
                    }
                }
            }
        },
        {
            "PutRequest": {
                "Item": {
                    "id": {
                        "S": "148693"
                    },
                    "title": {
                        "S": "Architecture 101 (2012)"
                    },
                    "genres": {
                        "S": "Comedy|Romance"
                    }
                }
            }
        },
        {
            "PutRequest": {
                "Item": {
                    "id": {
                        "S": "148695"
                    },
                    "title": {
                        "S": "Under the Rainbow (2013)"
                    },
                    "genres": {
                        "S": "Comedy"
                    }
                }
            }
        },
        {
            "PutRequest": {
                "Item": {
                    "id": {
                        "S": "148697"
                    },
                    "title": {
                        "S": "April 9th (2015)"
                    },
                    "genres": {
                        "S": "Drama|War"
                    }
                }
            }
        },
        {
            "PutRequest": {
                "Item": {
                    "id": {
                        "S": "148699"
                    },
                    "title": {
                        "S": "I Believe in Miracles (2015)"
                    },
                    "genres": {
                        "S": "Documentary"
                    }
                }
            }
        },
        {
            "PutRequest": {
                "Item": {
                    "id": {
                        "S": "148701"
                    },
                    "title": {
                        "S": "The Girl in the Book (2015)"
                    },
                    "genres": {
                        "S": "Drama"
                    }
                }
            }
        },
        {
            "PutRequest": {
                "Item": {
                    "id": {
                        "S": "148703"
                    },
                    "title": {
                        "S": "The Wave (1891)"
                    },
                    "genres": {
                        "S": "Documentary"
                    }
                }
            }
        },
        {
            "PutRequest": {
                "Item": {
                    "id": {
                        "S": "148705"
                    },
                    "title": {
                        "S": "A Hand Shake (1892)"
                    },
                    "genres": {
                        "S": "(no genres listed)"
                    }
                }
            }
        },
        {
            "PutRequest": {
                "Item": {
                    "id": {
                        "S": "148707"
                    },
                    "title": {
                        "S": "Angels of Revolution (2014)"
                    },
                    "genres": {
                        "S": "(no genres listed)"
                    }
                }
            }
        }
    ]
}