{
    "movies": [
        {
            "PutRequest": {
                "Item": {
                    "id": {
                        "S": "125213"
                    },
                    "title": {
                        "S": "Red Heat (1985)"
                    },
                    "genres": {
                        "S": "Thriller"
                    }
                }
            }
        },
        {
            "PutRequest": {
                "Item": {
                    "id": {
                        "S": "125215"
                    },
                    "title": {
                        "S": "Percentage (2013)"
                    },
                    "genres": {
                        "S": "Crime"
                    }
                }
            }
        },
        {
            "PutRequest": {
                "Item": {
                    "id": {
                        "S": "125217"
                    },
                    "title": {
                        "S": "Parachute Jumper (1933)"
                    },
                    "genres": {
                        "S": "Drama"
                    }
                }
            }
        },
        {
            "PutRequest": {
                "Item": {
                    "id": {
                        "S": "125219"
                    },
                    "title": {
                        "S": "The Way Back (1957)"
                    },
                    "genres": {
                        "S": "Western"
                    }
                }
            }
        },
        {
            "PutRequest": {
                "Item": {
                    "id": {
                        "S": "125221"
                    },
                    "title": {
                        "S": "The Beast of Hollow Mountain (1956)"
                    },
                    "genres": {
                        "S": "Horror|Sci-Fi|Western"
                    }
                }
            }
        },
        {
            "PutRequest": {
                "Item": {
                    "id": {
                        "S": "125223"
                    },
                    "title": {
                        "S": "The Woman on Pier 13 (1949)"
                    },
                    "genres": {
                        "S": "Drama|Thriller"
                    }
                }
            }
        },
        {
            "PutRequest": {
                "Item": {
                    "id": {
                        "S": "125225"
                    },
                    "title": {
                        "S": "Midnight (1934)"
                    },
                    "genres": {
                        "S": "Crime|Drama"
                    }
                }
            }
        },
        {
            "PutRequest": {
                "Item": {
                    "id": {
                        "S": "125227"
                    },
                    "title": {
                        "S": "Hanzo the Razor: Who's Got the Gold? (1974)"
                    },
                    "genres": {
                        "S": "Action|Drama"
                    }
                }
            }
        },
        {
            "PutRequest": {
                "Item": {
                    "id": {
                        "S": "125229"
                    },
                    "title": {
                        "S": "The Good Die Young (1954)"
                    },
                    "genres": {
                        "S": "Crime"
                    }
                }
            }
        },
        {
            "PutRequest": {
                "Item": {
                    "id": {
                        "S": "125231"
                    },
                    "title": {
                        "S": "Real (2013)"
                    },
                    "genres": {
                        "S": "Drama|Sci-Fi"
                    }
                }
            }
        },
        {
            "PutRequest": {
                "Item": {
                    "id": {
                        "S": "125233"
                    },
                    "title": {
                        "S": "Playdate (2012)"
                    },
                    "genres": {
                        "S": "(no genres listed)"
                    }
                }
            }
        },
        {
            "PutRequest": {
                "Item": {
                    "id": {
                        "S": "125235"
                    },
                    "title": {
                        "S": "Charlie Valentine (2009)"
                    },
                    "genres": {
                        "S": "Crime|Drama|Thriller"
                    }
                }
            }
        },
        {
            "PutRequest": {
                "Item": {
                    "id": {
                        "S": "125237"
                    },
                    "title": {
                        "S": "The Learning Tree (1969)"
                    },
                    "genres": {
                        "S": "Drama"
                    }
                }
            }
        },
        {
            "PutRequest": {
                "Item": {
                    "id": {
                        "S": "125239"
                    },
                    "title": {
                        "S": "Spider's Web (2002)"
                    },
                    "genres": {
                        "S": "Drama|Mystery|Romance|Thriller"
                    }
                }
            }
        },
        {
            "PutRequest": {
                "Item": {
                    "id": {
                        "S": "125241"
                    },
                    "title": {
                        "S": "The Next Voice You Hear.... (1950)"
                    },
                    "genres": {
                        "S": "Drama"
                    }
                }
            }
        },
        {
            "PutRequest": {
                "Item": {
                    "id": {
                        "S": "125245"
                    },
                    "title": {
                        "S": "The Great Rupert (1950)"
                    },
                    "genres": {
                        "S": "Children|Comedy"
                    }
                }
            }
        },
        {
            "PutRequest": {
                "Item": {
                    "id": {
                        "S": "125247"
                    },
                    "title": {
                        "S": "Too Many Crooks (1959)"
                    },
                    "genres": {
                        "S": "Comedy"
                    }
                }
            }
        },
        {
            "PutRequest": {
                "Item": {
                    "id": {
                        "S": "125249"
                    },
                    "title": {
                        "S": "The Legend of Hell's Gate: An American Conspiracy (2011)"
                    },
                    "genres": {
                        "S": "Action|Adventure|Western"
                    }
                }
            }
        },
        {
            "PutRequest": {
                "Item": {
                    "id": {
                        "S": "125251"
                    },
                    "title": {
                        "S": "The Wagons Roll at Night (1941)"
                    },
                    "genres": {
                        "S": "Drama"
                    }
                }
            }
        },
        {
            "PutRequest": {
                "Item": {
                    "id": {
                        "S": "125253"
                    },
                    "title": {
                        "S": "The Cure (2014)"
                    },
                    "genres": {
                        "S": "Action|Sci-Fi|Thriller"
                    }
                }
            }
        },
        {
            "PutRequest": {
                "Item": {
                    "id": {
                        "S": "125255"
                    },
                    "title": {
                        "S": "Multiple Sarcasms (2010)"
                    },
                    "genres": {
                        "S": "Drama|Romance"
                    }
                }
            }
        },
        {
            "PutRequest": {
                "Item": {
                    "id": {
                        "S": "125257"
                    },
                    "title": {
                        "S": "A Woman Called Golda (1982)"
                    },
                    "genres": {
                        "S": "Drama"
                    }
                }
            }
        },
        {
            "PutRequest": {
                "Item": {
                    "id": {
                        "S": "125259"
                    },
                    "title": {
                        "S": "These Wilder Years (1956)"
                    },
                    "genres": {
                        "S": "Drama"
                    }
                }
            }
        },
        {
            "PutRequest": {
                "Item": {
                    "id": {
                        "S": "125261"
                    },
                    "title": {
                        "S": "Mysterious Island (2010)"
                    },
                    "genres": {
                        "S": "Adventure|Horror|Sci-Fi"
                    }
                }
            }
        },
        {
            "PutRequest": {
                "Item": {
                    "id": {
                        "S": "125263"
                    },
                    "title": {
                        "S": "The Burglar (1957)"
                    },
                    "genres": {
                        "S": "Crime|Drama"
                    }
                }
            }
        }
    ]
}