{
    "movies": [
        {
            "PutRequest": {
                "Item": {
                    "id": {
                        "S": "141137"
                    },
                    "title": {
                        "S": "The Short & Curlies (1987)"
                    },
                    "genres": {
                        "S": "Comedy"
                    }
                }
            }
        },
        {
            "PutRequest": {
                "Item": {
                    "id": {
                        "S": "141139"
                    },
                    "title": {
                        "S": "The Terror Live (2013)"
                    },
                    "genres": {
                        "S": "Action|Crime|Thriller"
                    }
                }
            }
        },
        {
            "PutRequest": {
                "Item": {
                    "id": {
                        "S": "141145"
                    },
                    "title": {
                        "S": "A Ticket to Tomahawk (1950)"
                    },
                    "genres": {
                        "S": "Comedy|Western"
                    }
                }
            }
        },
        {
            "PutRequest": {
                "Item": {
                    "id": {
                        "S": "141149"
                    },
                    "title": {
                        "S": "The Angrez (2006)"
                    },
                    "genres": {
                        "S": "Comedy"
                    }
                }
            }
        },
        {
            "PutRequest": {
                "Item": {
                    "id": {
                        "S": "141152"
                    },
                    "title": {
                        "S": "After the Wizard (2012)"
                    },
                    "genres": {
                        "S": "Children|Fantasy"
                    }
                }
            }
        },
        {
            "PutRequest": {
                "Item": {
                    "id": {
                        "S": "141154"
                    },
                    "title": {
                        "S": "Against the Wild (2014)"
                    },
                    "genres": {
                        "S": "Adventure|Children"
                    }
                }
            }
        },
        {
            "PutRequest": {
                "Item": {
                    "id": {
                        "S": "141156"
                    },
                    "title": {
                        "S": "Alibi Ike (1935)"
                    },
                    "genres": {
                        "S": "Comedy"
                    }
                }
            }
        },
        {
            "PutRequest": {
                "Item": {
                    "id": {
                        "S": "141158"
                    },
                    "title": {
                        "S": "So Far, Fifty-Six (2004)"
                    },
                    "genres": {
                        "S": "Crime|Drama"
                    }
                }
            }
        },
        {
            "PutRequest": {
                "Item": {
                    "id": {
                        "S": "141162"
                    },
                    "title": {
                        "S": "Taxi No. 9 2 11: Nau Do Gyarah (2006)"
                    },
                    "genres": {
                        "S": "(no genres listed)"
                    }
                }
            }
        },
        {
            "PutRequest": {
                "Item": {
                    "id": {
                        "S": "141166"
                    },
                    "title": {
                        "S": "Arthur 3: The War of the Two Worlds (2010)"
                    },
                    "genres": {
                        "S": "Adventure|Animation|Children|Fantasy"
                    }
                }
            }
        },
        {
            "PutRequest": {
                "Item": {
                    "id": {
                        "S": "141168"
                    },
                    "title": {
                        "S": "Beau Geste (1966)"
                    },
                    "genres": {
                        "S": "Action|Drama|War"
                    }
                }
            }
        },
        {
            "PutRequest": {
                "Item": {
                    "id": {
                        "S": "141170"
                    },
                    "title": {
                        "S": "Beau Geste (1926)"
                    },
                    "genres": {
                        "S": "(no genres listed)"
                    }
                }
            }
        },
        {
            "PutRequest": {
                "Item": {
                    "id": {
                        "S": "141172"
                    },
                    "title": {
                        "S": "Beyond the Last Frontier (1943)"
                    },
                    "genres": {
                        "S": "Western"
                    }
                }
            }
        },
        {
            "PutRequest": {
                "Item": {
                    "id": {
                        "S": "141175"
                    },
                    "title": {
                        "S": "Bloodwork (2012)"
                    },
                    "genres": {
                        "S": "Horror|Thriller"
                    }
                }
            }
        },
        {
            "PutRequest": {
                "Item": {
                    "id": {
                        "S": "141177"
                    },
                    "title": {
                        "S": "Body Slam (1987)"
                    },
                    "genres": {
                        "S": "Comedy"
                    }
                }
            }
        },
        {
            "PutRequest": {
                "Item": {
                    "id": {
                        "S": "141179"
                    },
                    "title": {
                        "S": "Captive (2012)"
                    },
                    "genres": {
                        "S": "Drama|Thriller"
                    }
                }
            }
        },
        {
            "PutRequest": {
                "Item": {
                    "id": {
                        "S": "141181"
                    },
                    "title": {
                        "S": "Cheyenne (1947)"
                    },
                    "genres": {
                        "S": "Western"
                    }
                }
            }
        },
        {
            "PutRequest": {
                "Item": {
                    "id": {
                        "S": "141185"
                    },
                    "title": {
                        "S": "Close to My Heart (1951)"
                    },
                    "genres": {
                        "S": "Drama"
                    }
                }
            }
        },
        {
            "PutRequest": {
                "Item": {
                    "id": {
                        "S": "141189"
                    },
                    "title": {
                        "S": "Get Smart, Again! (1989)"
                    },
                    "genres": {
                        "S": "Action|Children|Comedy"
                    }
                }
            }
        },
        {
            "PutRequest": {
                "Item": {
                    "id": {
                        "S": "141191"
                    },
                    "title": {
                        "S": "OPA! (2005)"
                    },
                    "genres": {
                        "S": "Comedy|Romance"
                    }
                }
            }
        },
        {
            "PutRequest": {
                "Item": {
                    "id": {
                        "S": "141193"
                    },
                    "title": {
                        "S": "Thumb Tripping (1972)"
                    },
                    "genres": {
                        "S": "Drama"
                    }
                }
            }
        },
        {
            "PutRequest": {
                "Item": {
                    "id": {
                        "S": "141195"
                    },
                    "title": {
                        "S": "The Harrad Experiment (1973)"
                    },
                    "genres": {
                        "S": "Drama|Romance"
                    }
                }
            }
        },
        {
            "PutRequest": {
                "Item": {
                    "id": {
                        "S": "141197"
                    },
                    "title": {
                        "S": "Corleone (1978)"
                    },
                    "genres": {
                        "S": "Crime|Thriller"
                    }
                }
            }
        },
        {
            "PutRequest": {
                "Item": {
                    "id": {
                        "S": "141199"
                    },
                    "title": {
                        "S": "The Last House on Dead End Street (1973)"
                    },
                    "genres": {
                        "S": "Horror"
                    }
                }
            }
        },
        {
            "PutRequest": {
                "Item": {
                    "id": {
                        "S": "141201"
                    },
                    "title": {
                        "S": "Death of a Doctor (1991)"
                    },
                    "genres": {
                        "S": "Drama"
                    }
                }
            }
        }
    ]
}