{
    "movies": [
        {
            "PutRequest": {
                "Item": {
                    "id": {
                        "S": "123898"
                    },
                    "title": {
                        "S": "Nocturna (1979)"
                    },
                    "genres": {
                        "S": "Comedy|Horror"
                    }
                }
            }
        },
        {
            "PutRequest": {
                "Item": {
                    "id": {
                        "S": "123900"
                    },
                    "title": {
                        "S": "Safari 3000 (1982)"
                    },
                    "genres": {
                        "S": "Action"
                    }
                }
            }
        },
        {
            "PutRequest": {
                "Item": {
                    "id": {
                        "S": "123902"
                    },
                    "title": {
                        "S": "The Rosebud Beach Hotel (1984)"
                    },
                    "genres": {
                        "S": "(no genres listed)"
                    }
                }
            }
        },
        {
            "PutRequest": {
                "Item": {
                    "id": {
                        "S": "123904"
                    },
                    "title": {
                        "S": "Le blanc et le noir (1931)"
                    },
                    "genres": {
                        "S": "(no genres listed)"
                    }
                }
            }
        },
        {
            "PutRequest": {
                "Item": {
                    "id": {
                        "S": "123911"
                    },
                    "title": {
                        "S": "Zouzou (1934)"
                    },
                    "genres": {
                        "S": "Comedy"
                    }
                }
            }
        },
        {
            "PutRequest": {
                "Item": {
                    "id": {
                        "S": "123913"
                    },
                    "title": {
                        "S": "Gribouille (1937)"
                    },
                    "genres": {
                        "S": "(no genres listed)"
                    }
                }
            }
        },
        {
            "PutRequest": {
                "Item": {
                    "id": {
                        "S": "123915"
                    },
                    "title": {
                        "S": "Entr\u00e9e des artistes (1938)"
                    },
                    "genres": {
                        "S": "(no genres listed)"
                    }
                }
            }
        },
        {
            "PutRequest": {
                "Item": {
                    "id": {
                        "S": "123919"
                    },
                    "title": {
                        "S": "Blanche Fury (1948)"
                    },
                    "genres": {
                        "S": "Drama|Thriller"
                    }
                }
            }
        },
        {
            "PutRequest": {
                "Item": {
                    "id": {
                        "S": "123921"
                    },
                    "title": {
                        "S": "Julietta (1953)"
                    },
                    "genres": {
                        "S": "Comedy|Romance"
                    }
                }
            }
        },
        {
            "PutRequest": {
                "Item": {
                    "id": {
                        "S": "123923"
                    },
                    "title": {
                        "S": "School for Love (1955)"
                    },
                    "genres": {
                        "S": "Comedy|Drama"
                    }
                }
            }
        },
        {
            "PutRequest": {
                "Item": {
                    "id": {
                        "S": "123925"
                    },
                    "title": {
                        "S": "Lady Chatterley's Lover (1955)"
                    },
                    "genres": {
                        "S": "(no genres listed)"
                    }
                }
            }
        },
        {
            "PutRequest": {
                "Item": {
                    "id": {
                        "S": "123927"
                    },
                    "title": {
                        "S": "Plucking the Daisy (1956)"
                    },
                    "genres": {
                        "S": "Comedy|Drama|Romance"
                    }
                }
            }
        },
        {
            "PutRequest": {
                "Item": {
                    "id": {
                        "S": "123929"
                    },
                    "title": {
                        "S": "Be Beautiful But Shut Up (1958)"
                    },
                    "genres": {
                        "S": "Comedy|Documentary"
                    }
                }
            }
        },
        {
            "PutRequest": {
                "Item": {
                    "id": {
                        "S": "123931"
                    },
                    "title": {
                        "S": "Sunday Encounter (1958)"
                    },
                    "genres": {
                        "S": "Drama"
                    }
                }
            }
        },
        {
            "PutRequest": {
                "Item": {
                    "id": {
                        "S": "123935"
                    },
                    "title": {
                        "S": "St. Giuseppe Moscati: Doctor to the Poor (2007)"
                    },
                    "genres": {
                        "S": "(no genres listed)"
                    }
                }
            }
        },
        {
            "PutRequest": {
                "Item": {
                    "id": {
                        "S": "123937"
                    },
                    "title": {
                        "S": "Five Loose Women (1974)"
                    },
                    "genres": {
                        "S": "Action|Adventure|Crime|Drama"
                    }
                }
            }
        },
        {
            "PutRequest": {
                "Item": {
                    "id": {
                        "S": "123939"
                    },
                    "title": {
                        "S": "Women Aren't Funny (2014)"
                    },
                    "genres": {
                        "S": "(no genres listed)"
                    }
                }
            }
        },
        {
            "PutRequest": {
                "Item": {
                    "id": {
                        "S": "123941"
                    },
                    "title": {
                        "S": "The Last Outpost (1951)"
                    },
                    "genres": {
                        "S": "Western"
                    }
                }
            }
        },
        {
            "PutRequest": {
                "Item": {
                    "id": {
                        "S": "123943"
                    },
                    "title": {
                        "S": "Shun Li and the Poet (2011)"
                    },
                    "genres": {
                        "S": "Drama"
                    }
                }
            }
        },
        {
            "PutRequest": {
                "Item": {
                    "id": {
                        "S": "123945"
                    },
                    "title": {
                        "S": "Basara: Princess Goh (1992)"
                    },
                    "genres": {
                        "S": "Drama"
                    }
                }
            }
        },
        {
            "PutRequest": {
                "Item": {
                    "id": {
                        "S": "123947"
                    },
                    "title": {
                        "S": "Cake (2014)"
                    },
                    "genres": {
                        "S": "Drama"
                    }
                }
            }
        },
        {
            "PutRequest": {
                "Item": {
                    "id": {
                        "S": "123949"
                    },
                    "title": {
                        "S": "The Escape (2013)"
                    },
                    "genres": {
                        "S": "Drama"
                    }
                }
            }
        },
        {
            "PutRequest": {
                "Item": {
                    "id": {
                        "S": "123951"
                    },
                    "title": {
                        "S": "Power Play (1978)"
                    },
                    "genres": {
                        "S": "Drama|Thriller"
                    }
                }
            }
        },
        {
            "PutRequest": {
                "Item": {
                    "id": {
                        "S": "123953"
                    },
                    "title": {
                        "S": "Teresa's Tattoo (1994)"
                    },
                    "genres": {
                        "S": "Action|Comedy|Crime"
                    }
                }
            }
        },
        {
            "PutRequest": {
                "Item": {
                    "id": {
                        "S": "123957"
                    },
                    "title": {
                        "S": "The Human Shield (1992)"
                    },
                    "genres": {
                        "S": "Action|Drama|War"
                    }
                }
            }
        }
    ]
}