{
    "movies": [
        {
            "PutRequest": {
                "Item": {
                    "id": {
                        "S": "147642"
                    },
                    "title": {
                        "S": "Just You and Me, Kid (1979)"
                    },
                    "genres": {
                        "S": "Comedy"
                    }
                }
            }
        },
        {
            "PutRequest": {
                "Item": {
                    "id": {
                        "S": "147644"
                    },
                    "title": {
                        "S": "Mantis in Lace (1968)"
                    },
                    "genres": {
                        "S": "Horror"
                    }
                }
            }
        },
        {
            "PutRequest": {
                "Item": {
                    "id": {
                        "S": "147647"
                    },
                    "title": {
                        "S": "Ma and Pa Kettle at Home (1954)"
                    },
                    "genres": {
                        "S": "Comedy"
                    }
                }
            }
        },
        {
            "PutRequest": {
                "Item": {
                    "id": {
                        "S": "147649"
                    },
                    "title": {
                        "S": "Ma and Pa Kettle at Waikiki (1955)"
                    },
                    "genres": {
                        "S": "Comedy"
                    }
                }
            }
        },
        {
            "PutRequest": {
                "Item": {
                    "id": {
                        "S": "147651"
                    },
                    "title": {
                        "S": "Ma and Pa Kettle at the Fair (1952)"
                    },
                    "genres": {
                        "S": "Comedy"
                    }
                }
            }
        },
        {
            "PutRequest": {
                "Item": {
                    "id": {
                        "S": "147653"
                    },
                    "title": {
                        "S": "Ma and Pa Kettle Go to Town (1950)"
                    },
                    "genres": {
                        "S": "Comedy"
                    }
                }
            }
        },
        {
            "PutRequest": {
                "Item": {
                    "id": {
                        "S": "147655"
                    },
                    "title": {
                        "S": "Ma and Pa Kettle on Vacation (1953)"
                    },
                    "genres": {
                        "S": "Comedy"
                    }
                }
            }
        },
        {
            "PutRequest": {
                "Item": {
                    "id": {
                        "S": "147657"
                    },
                    "title": {
                        "S": "Masked Avengers (1981)"
                    },
                    "genres": {
                        "S": "Action"
                    }
                }
            }
        },
        {
            "PutRequest": {
                "Item": {
                    "id": {
                        "S": "147662"
                    },
                    "title": {
                        "S": "Return of the One-Armed Swordsman (1969)"
                    },
                    "genres": {
                        "S": "Action|Adventure"
                    }
                }
            }
        },
        {
            "PutRequest": {
                "Item": {
                    "id": {
                        "S": "147664"
                    },
                    "title": {
                        "S": "One Armed Against Nine Killers (1976)"
                    },
                    "genres": {
                        "S": "Action"
                    }
                }
            }
        },
        {
            "PutRequest": {
                "Item": {
                    "id": {
                        "S": "147668"
                    },
                    "title": {
                        "S": "Opium and the Kung Fu Master (1984)"
                    },
                    "genres": {
                        "S": "Action|Comedy|Drama"
                    }
                }
            }
        },
        {
            "PutRequest": {
                "Item": {
                    "id": {
                        "S": "147670"
                    },
                    "title": {
                        "S": "Huacho (2009)"
                    },
                    "genres": {
                        "S": "Drama"
                    }
                }
            }
        },
        {
            "PutRequest": {
                "Item": {
                    "id": {
                        "S": "147672"
                    },
                    "title": {
                        "S": "Rendezvous with Death (1980)"
                    },
                    "genres": {
                        "S": "Action"
                    }
                }
            }
        },
        {
            "PutRequest": {
                "Item": {
                    "id": {
                        "S": "147674"
                    },
                    "title": {
                        "S": "Rockabilly Zombie Weekend (2013)"
                    },
                    "genres": {
                        "S": "Horror"
                    }
                }
            }
        },
        {
            "PutRequest": {
                "Item": {
                    "id": {
                        "S": "147676"
                    },
                    "title": {
                        "S": "Salome Where She Danced (1945)"
                    },
                    "genres": {
                        "S": "(no genres listed)"
                    }
                }
            }
        },
        {
            "PutRequest": {
                "Item": {
                    "id": {
                        "S": "147678"
                    },
                    "title": {
                        "S": "Salom\u00e9 (2002)"
                    },
                    "genres": {
                        "S": "Drama"
                    }
                }
            }
        },
        {
            "PutRequest": {
                "Item": {
                    "id": {
                        "S": "147680"
                    },
                    "title": {
                        "S": "Salom\u00e9 (2013)"
                    },
                    "genres": {
                        "S": "(no genres listed)"
                    }
                }
            }
        },
        {
            "PutRequest": {
                "Item": {
                    "id": {
                        "S": "147682"
                    },
                    "title": {
                        "S": "Salom\u00e9 (1923)"
                    },
                    "genres": {
                        "S": "Drama|Horror"
                    }
                }
            }
        },
        {
            "PutRequest": {
                "Item": {
                    "id": {
                        "S": "147687"
                    },
                    "title": {
                        "S": "Ten Tigers of Kwangtung (1979)"
                    },
                    "genres": {
                        "S": "Action"
                    }
                }
            }
        },
        {
            "PutRequest": {
                "Item": {
                    "id": {
                        "S": "147689"
                    },
                    "title": {
                        "S": "The Shaolin Drunken Monk (1982)"
                    },
                    "genres": {
                        "S": "Action"
                    }
                }
            }
        },
        {
            "PutRequest": {
                "Item": {
                    "id": {
                        "S": "147692"
                    },
                    "title": {
                        "S": "Federal Bank Heist (2011)"
                    },
                    "genres": {
                        "S": "Crime|Drama|Thriller"
                    }
                }
            }
        },
        {
            "PutRequest": {
                "Item": {
                    "id": {
                        "S": "147694"
                    },
                    "title": {
                        "S": "The Christmas That Almost Wasn't (1966)"
                    },
                    "genres": {
                        "S": "Children|Fantasy"
                    }
                }
            }
        },
        {
            "PutRequest": {
                "Item": {
                    "id": {
                        "S": "147696"
                    },
                    "title": {
                        "S": "The Flirting Widow (1930)"
                    },
                    "genres": {
                        "S": "(no genres listed)"
                    }
                }
            }
        },
        {
            "PutRequest": {
                "Item": {
                    "id": {
                        "S": "147698"
                    },
                    "title": {
                        "S": "Palace Carnage (1978)"
                    },
                    "genres": {
                        "S": "Action"
                    }
                }
            }
        },
        {
            "PutRequest": {
                "Item": {
                    "id": {
                        "S": "147700"
                    },
                    "title": {
                        "S": "Fatal Flying Guillotine (1977)"
                    },
                    "genres": {
                        "S": "Action|Adventure"
                    }
                }
            }
        }
    ]
}