{
    "movies": [
        {
            "PutRequest": {
                "Item": {
                    "id": {
                        "S": "141446"
                    },
                    "title": {
                        "S": "The Marquis (2011)"
                    },
                    "genres": {
                        "S": "Comedy"
                    }
                }
            }
        },
        {
            "PutRequest": {
                "Item": {
                    "id": {
                        "S": "141448"
                    },
                    "title": {
                        "S": "Hate Crime (2006)"
                    },
                    "genres": {
                        "S": "Drama|Thriller"
                    }
                }
            }
        },
        {
            "PutRequest": {
                "Item": {
                    "id": {
                        "S": "141450"
                    },
                    "title": {
                        "S": "Thief (2006)"
                    },
                    "genres": {
                        "S": "Crime|Drama|Thriller"
                    }
                }
            }
        },
        {
            "PutRequest": {
                "Item": {
                    "id": {
                        "S": "141452"
                    },
                    "title": {
                        "S": "Clannad: The Motion Picture (2007)"
                    },
                    "genres": {
                        "S": "Animation|Drama"
                    }
                }
            }
        },
        {
            "PutRequest": {
                "Item": {
                    "id": {
                        "S": "141454"
                    },
                    "title": {
                        "S": "Interviews with My Lai Veterans (1971)"
                    },
                    "genres": {
                        "S": "Documentary|War"
                    }
                }
            }
        },
        {
            "PutRequest": {
                "Item": {
                    "id": {
                        "S": "141456"
                    },
                    "title": {
                        "S": "Vanishing of the Bees (2009)"
                    },
                    "genres": {
                        "S": "Documentary"
                    }
                }
            }
        },
        {
            "PutRequest": {
                "Item": {
                    "id": {
                        "S": "141458"
                    },
                    "title": {
                        "S": "Rising from Ashes (2013)"
                    },
                    "genres": {
                        "S": "(no genres listed)"
                    }
                }
            }
        },
        {
            "PutRequest": {
                "Item": {
                    "id": {
                        "S": "141460"
                    },
                    "title": {
                        "S": "Carnival of Blood (1970)"
                    },
                    "genres": {
                        "S": "Horror"
                    }
                }
            }
        },
        {
            "PutRequest": {
                "Item": {
                    "id": {
                        "S": "141462"
                    },
                    "title": {
                        "S": "Extinction: The G.M.O. Chronicles (2011)"
                    },
                    "genres": {
                        "S": "Drama|Horror"
                    }
                }
            }
        },
        {
            "PutRequest": {
                "Item": {
                    "id": {
                        "S": "141464"
                    },
                    "title": {
                        "S": "The New Black (2014)"
                    },
                    "genres": {
                        "S": "Documentary"
                    }
                }
            }
        },
        {
            "PutRequest": {
                "Item": {
                    "id": {
                        "S": "141466"
                    },
                    "title": {
                        "S": "Oscenit\u00e0 (1980)"
                    },
                    "genres": {
                        "S": "(no genres listed)"
                    }
                }
            }
        },
        {
            "PutRequest": {
                "Item": {
                    "id": {
                        "S": "141468"
                    },
                    "title": {
                        "S": "Keep On Keepin\u2019 On (2014)"
                    },
                    "genres": {
                        "S": "Documentary"
                    }
                }
            }
        },
        {
            "PutRequest": {
                "Item": {
                    "id": {
                        "S": "141470"
                    },
                    "title": {
                        "S": "Andrew Jenks, Room 335 (2008)"
                    },
                    "genres": {
                        "S": "(no genres listed)"
                    }
                }
            }
        },
        {
            "PutRequest": {
                "Item": {
                    "id": {
                        "S": "141472"
                    },
                    "title": {
                        "S": "The 50 Year Argument (2014)"
                    },
                    "genres": {
                        "S": "(no genres listed)"
                    }
                }
            }
        },
        {
            "PutRequest": {
                "Item": {
                    "id": {
                        "S": "141474"
                    },
                    "title": {
                        "S": "Peppermint Frapp\u00e9 (1967)"
                    },
                    "genres": {
                        "S": "Drama"
                    }
                }
            }
        },
        {
            "PutRequest": {
                "Item": {
                    "id": {
                        "S": "141476"
                    },
                    "title": {
                        "S": "Sweet Talk (2013)"
                    },
                    "genres": {
                        "S": "Adventure|Drama"
                    }
                }
            }
        },
        {
            "PutRequest": {
                "Item": {
                    "id": {
                        "S": "141478"
                    },
                    "title": {
                        "S": "From a Place of Darkness (2008)"
                    },
                    "genres": {
                        "S": "Drama|Horror|Thriller"
                    }
                }
            }
        },
        {
            "PutRequest": {
                "Item": {
                    "id": {
                        "S": "141480"
                    },
                    "title": {
                        "S": "In the Dust of the Stars (1976)"
                    },
                    "genres": {
                        "S": "Sci-Fi"
                    }
                }
            }
        },
        {
            "PutRequest": {
                "Item": {
                    "id": {
                        "S": "141483"
                    },
                    "title": {
                        "S": "Lost Rivers (2013)"
                    },
                    "genres": {
                        "S": "Documentary"
                    }
                }
            }
        },
        {
            "PutRequest": {
                "Item": {
                    "id": {
                        "S": "141485"
                    },
                    "title": {
                        "S": "The High Sun (2015)"
                    },
                    "genres": {
                        "S": "Drama"
                    }
                }
            }
        },
        {
            "PutRequest": {
                "Item": {
                    "id": {
                        "S": "141487"
                    },
                    "title": {
                        "S": "Blades of Blood (2010)"
                    },
                    "genres": {
                        "S": "Action|Drama"
                    }
                }
            }
        },
        {
            "PutRequest": {
                "Item": {
                    "id": {
                        "S": "141489"
                    },
                    "title": {
                        "S": "Memory Vague (2009)"
                    },
                    "genres": {
                        "S": "(no genres listed)"
                    }
                }
            }
        },
        {
            "PutRequest": {
                "Item": {
                    "id": {
                        "S": "141491"
                    },
                    "title": {
                        "S": "Young Girls in Black (2010)"
                    },
                    "genres": {
                        "S": "Drama"
                    }
                }
            }
        },
        {
            "PutRequest": {
                "Item": {
                    "id": {
                        "S": "141493"
                    },
                    "title": {
                        "S": "The Hunchback of Notre Dame II (2002)"
                    },
                    "genres": {
                        "S": "Adventure|Animation|Children|Romance"
                    }
                }
            }
        },
        {
            "PutRequest": {
                "Item": {
                    "id": {
                        "S": "141495"
                    },
                    "title": {
                        "S": "HK: Forbidden Super Hero (2013)"
                    },
                    "genres": {
                        "S": "Action|Comedy"
                    }
                }
            }
        }
    ]
}