{
    "movies": [
        {
            "PutRequest": {
                "Item": {
                    "id": {
                        "S": "133075"
                    },
                    "title": {
                        "S": "Violent Naples (1976)"
                    },
                    "genres": {
                        "S": "(no genres listed)"
                    }
                }
            }
        },
        {
            "PutRequest": {
                "Item": {
                    "id": {
                        "S": "133077"
                    },
                    "title": {
                        "S": "Rome, Armed to the Teeth (1976)"
                    },
                    "genres": {
                        "S": "Action"
                    }
                }
            }
        },
        {
            "PutRequest": {
                "Item": {
                    "id": {
                        "S": "133079"
                    },
                    "title": {
                        "S": "Syndicate Sadists (1975)"
                    },
                    "genres": {
                        "S": "Action|Crime|Thriller"
                    }
                }
            }
        },
        {
            "PutRequest": {
                "Item": {
                    "id": {
                        "S": "133081"
                    },
                    "title": {
                        "S": "Manhunt in the City (1975)"
                    },
                    "genres": {
                        "S": "(no genres listed)"
                    }
                }
            }
        },
        {
            "PutRequest": {
                "Item": {
                    "id": {
                        "S": "133083"
                    },
                    "title": {
                        "S": "Gang War in Milan (1973)"
                    },
                    "genres": {
                        "S": "Action|Crime|Thriller"
                    }
                }
            }
        },
        {
            "PutRequest": {
                "Item": {
                    "id": {
                        "S": "133085"
                    },
                    "title": {
                        "S": "Knife of Ice (1972)"
                    },
                    "genres": {
                        "S": "Horror|Mystery"
                    }
                }
            }
        },
        {
            "PutRequest": {
                "Item": {
                    "id": {
                        "S": "133087"
                    },
                    "title": {
                        "S": "Man from Deep River (1972)"
                    },
                    "genres": {
                        "S": "Adventure|Horror"
                    }
                }
            }
        },
        {
            "PutRequest": {
                "Item": {
                    "id": {
                        "S": "133089"
                    },
                    "title": {
                        "S": "Seven Blood-Stained Orchids (1972)"
                    },
                    "genres": {
                        "S": "Crime|Horror|Thriller"
                    }
                }
            }
        },
        {
            "PutRequest": {
                "Item": {
                    "id": {
                        "S": "133091"
                    },
                    "title": {
                        "S": "An Ideal Place to Kill (1971)"
                    },
                    "genres": {
                        "S": "Crime|Thriller"
                    }
                }
            }
        },
        {
            "PutRequest": {
                "Item": {
                    "id": {
                        "S": "133093"
                    },
                    "title": {
                        "S": "A Quiet Place to Kill (1970)"
                    },
                    "genres": {
                        "S": "Drama|Thriller"
                    }
                }
            }
        },
        {
            "PutRequest": {
                "Item": {
                    "id": {
                        "S": "133095"
                    },
                    "title": {
                        "S": "La legione dei dannati (1969)"
                    },
                    "genres": {
                        "S": "Action|War"
                    }
                }
            }
        },
        {
            "PutRequest": {
                "Item": {
                    "id": {
                        "S": "133097"
                    },
                    "title": {
                        "S": "Orgasmo (1969)"
                    },
                    "genres": {
                        "S": "(no genres listed)"
                    }
                }
            }
        },
        {
            "PutRequest": {
                "Item": {
                    "id": {
                        "S": "133099"
                    },
                    "title": {
                        "S": "A Gun for One Hundred Graves (1968)"
                    },
                    "genres": {
                        "S": "Western"
                    }
                }
            }
        },
        {
            "PutRequest": {
                "Item": {
                    "id": {
                        "S": "133101"
                    },
                    "title": {
                        "S": "Desert Commandos (1966)"
                    },
                    "genres": {
                        "S": "Adventure|Drama|War"
                    }
                }
            }
        },
        {
            "PutRequest": {
                "Item": {
                    "id": {
                        "S": "133103"
                    },
                    "title": {
                        "S": "Napoli: i 5 della squadra speciale (1979)"
                    },
                    "genres": {
                        "S": "Crime"
                    }
                }
            }
        },
        {
            "PutRequest": {
                "Item": {
                    "id": {
                        "S": "133105"
                    },
                    "title": {
                        "S": "Ringo, It's Massacre Time (1970)"
                    },
                    "genres": {
                        "S": "(no genres listed)"
                    }
                }
            }
        },
        {
            "PutRequest": {
                "Item": {
                    "id": {
                        "S": "133107"
                    },
                    "title": {
                        "S": "Let's Go And Kill Sartana (1971)"
                    },
                    "genres": {
                        "S": "Western"
                    }
                }
            }
        },
        {
            "PutRequest": {
                "Item": {
                    "id": {
                        "S": "133109"
                    },
                    "title": {
                        "S": "Due Magnum .38 per una citt\u00e0 di carogne (1975)"
                    },
                    "genres": {
                        "S": "Action|Crime"
                    }
                }
            }
        },
        {
            "PutRequest": {
                "Item": {
                    "id": {
                        "S": "133111"
                    },
                    "title": {
                        "S": "Mandinga (1976)"
                    },
                    "genres": {
                        "S": "Adventure|Drama"
                    }
                }
            }
        },
        {
            "PutRequest": {
                "Item": {
                    "id": {
                        "S": "133115"
                    },
                    "title": {
                        "S": "We Could Be King (2014)"
                    },
                    "genres": {
                        "S": "Documentary"
                    }
                }
            }
        },
        {
            "PutRequest": {
                "Item": {
                    "id": {
                        "S": "133117"
                    },
                    "title": {
                        "S": "Canopy (2013)"
                    },
                    "genres": {
                        "S": "Adventure|Drama|War"
                    }
                }
            }
        },
        {
            "PutRequest": {
                "Item": {
                    "id": {
                        "S": "133119"
                    },
                    "title": {
                        "S": "Raised by Wolves (2014)"
                    },
                    "genres": {
                        "S": "Horror"
                    }
                }
            }
        },
        {
            "PutRequest": {
                "Item": {
                    "id": {
                        "S": "133121"
                    },
                    "title": {
                        "S": "Rites of Spring (2011)"
                    },
                    "genres": {
                        "S": "Horror|Thriller"
                    }
                }
            }
        },
        {
            "PutRequest": {
                "Item": {
                    "id": {
                        "S": "133123"
                    },
                    "title": {
                        "S": "Barbie as The Princess & the Pauper (2004)"
                    },
                    "genres": {
                        "S": "Animation|Children|Comedy"
                    }
                }
            }
        },
        {
            "PutRequest": {
                "Item": {
                    "id": {
                        "S": "133125"
                    },
                    "title": {
                        "S": "Barbie: Fairytopia (2005)"
                    },
                    "genres": {
                        "S": "Animation|Children"
                    }
                }
            }
        }
    ]
}