{
    "movies": [
        {
            "PutRequest": {
                "Item": {
                    "id": {
                        "S": "131256"
                    },
                    "title": {
                        "S": "Feuer, Eis & Dosenbier (2002)"
                    },
                    "genres": {
                        "S": "Comedy"
                    }
                }
            }
        },
        {
            "PutRequest": {
                "Item": {
                    "id": {
                        "S": "131258"
                    },
                    "title": {
                        "S": "The Pirates (2014)"
                    },
                    "genres": {
                        "S": "Adventure"
                    }
                }
            }
        },
        {
            "PutRequest": {
                "Item": {
                    "id": {
                        "S": "131260"
                    },
                    "title": {
                        "S": "Rentun Ruusu (2001)"
                    },
                    "genres": {
                        "S": "(no genres listed)"
                    }
                }
            }
        },
        {
            "PutRequest": {
                "Item": {
                    "id": {
                        "S": "131262"
                    },
                    "title": {
                        "S": "Innocence (2014)"
                    },
                    "genres": {
                        "S": "Adventure|Fantasy|Horror"
                    }
                }
            }
        },
        {
            "PutRequest": {
                "Item": {
                    "id": {
                        "S": "131264"
                    },
                    "title": {
                        "S": "Women of Valor (1986)"
                    },
                    "genres": {
                        "S": "War"
                    }
                }
            }
        },
        {
            "PutRequest": {
                "Item": {
                    "id": {
                        "S": "131266"
                    },
                    "title": {
                        "S": "Southside 1-1000 (1950)"
                    },
                    "genres": {
                        "S": "Crime"
                    }
                }
            }
        },
        {
            "PutRequest": {
                "Item": {
                    "id": {
                        "S": "131268"
                    },
                    "title": {
                        "S": "The Judge Steps Out (1949)"
                    },
                    "genres": {
                        "S": "Comedy|Drama"
                    }
                }
            }
        },
        {
            "PutRequest": {
                "Item": {
                    "id": {
                        "S": "131270"
                    },
                    "title": {
                        "S": "Kung Fu Jungle (2014)"
                    },
                    "genres": {
                        "S": "Action|Crime|Thriller"
                    }
                }
            }
        },
        {
            "PutRequest": {
                "Item": {
                    "id": {
                        "S": "131272"
                    },
                    "title": {
                        "S": "Last Flight Out (2004)"
                    },
                    "genres": {
                        "S": "Action"
                    }
                }
            }
        },
        {
            "PutRequest": {
                "Item": {
                    "id": {
                        "S": "131274"
                    },
                    "title": {
                        "S": "Heat (1986)"
                    },
                    "genres": {
                        "S": "Action|Drama|Thriller"
                    }
                }
            }
        },
        {
            "PutRequest": {
                "Item": {
                    "id": {
                        "S": "131276"
                    },
                    "title": {
                        "S": "Hotline (1982)"
                    },
                    "genres": {
                        "S": "(no genres listed)"
                    }
                }
            }
        },
        {
            "PutRequest": {
                "Item": {
                    "id": {
                        "S": "131278"
                    },
                    "title": {
                        "S": "Superdome (1978)"
                    },
                    "genres": {
                        "S": "Crime|Drama"
                    }
                }
            }
        },
        {
            "PutRequest": {
                "Item": {
                    "id": {
                        "S": "131280"
                    },
                    "title": {
                        "S": "Terror on the 40th Floor"
                    },
                    "genres": {
                        "S": "(no genres listed)"
                    }
                }
            }
        },
        {
            "PutRequest": {
                "Item": {
                    "id": {
                        "S": "131282"
                    },
                    "title": {
                        "S": "Hurricane (1974)"
                    },
                    "genres": {
                        "S": "Drama"
                    }
                }
            }
        },
        {
            "PutRequest": {
                "Item": {
                    "id": {
                        "S": "131284"
                    },
                    "title": {
                        "S": "The Elevator (1974)"
                    },
                    "genres": {
                        "S": "Drama|Thriller"
                    }
                }
            }
        },
        {
            "PutRequest": {
                "Item": {
                    "id": {
                        "S": "131286"
                    },
                    "title": {
                        "S": "Heatwave! (1974)"
                    },
                    "genres": {
                        "S": "Drama"
                    }
                }
            }
        },
        {
            "PutRequest": {
                "Item": {
                    "id": {
                        "S": "131288"
                    },
                    "title": {
                        "S": "The Dirt Gang (1972)"
                    },
                    "genres": {
                        "S": "Action|Drama"
                    }
                }
            }
        },
        {
            "PutRequest": {
                "Item": {
                    "id": {
                        "S": "131290"
                    },
                    "title": {
                        "S": "Brute Corps (1972)"
                    },
                    "genres": {
                        "S": "Action|Drama"
                    }
                }
            }
        },
        {
            "PutRequest": {
                "Item": {
                    "id": {
                        "S": "131292"
                    },
                    "title": {
                        "S": "Private Vices, Public Virtues (1976)"
                    },
                    "genres": {
                        "S": "Drama|War"
                    }
                }
            }
        },
        {
            "PutRequest": {
                "Item": {
                    "id": {
                        "S": "131294"
                    },
                    "title": {
                        "S": "The Odd Angry Shot (1979)"
                    },
                    "genres": {
                        "S": "(no genres listed)"
                    }
                }
            }
        },
        {
            "PutRequest": {
                "Item": {
                    "id": {
                        "S": "131296"
                    },
                    "title": {
                        "S": "The Removalists (1975)"
                    },
                    "genres": {
                        "S": "Drama"
                    }
                }
            }
        },
        {
            "PutRequest": {
                "Item": {
                    "id": {
                        "S": "131300"
                    },
                    "title": {
                        "S": "Breaking Point - Pornografisk Thriller (1975)"
                    },
                    "genres": {
                        "S": "(no genres listed)"
                    }
                }
            }
        },
        {
            "PutRequest": {
                "Item": {
                    "id": {
                        "S": "131303"
                    },
                    "title": {
                        "S": "Hur Marie tr\u00e4ffade Fredrik"
                    },
                    "genres": {
                        "S": "(no genres listed)"
                    }
                }
            }
        },
        {
            "PutRequest": {
                "Item": {
                    "id": {
                        "S": "131305"
                    },
                    "title": {
                        "S": "Deep Space (1988)"
                    },
                    "genres": {
                        "S": "Horror|Sci-Fi"
                    }
                }
            }
        },
        {
            "PutRequest": {
                "Item": {
                    "id": {
                        "S": "131308"
                    },
                    "title": {
                        "S": "Dollar for the Dead (1998)"
                    },
                    "genres": {
                        "S": "Western"
                    }
                }
            }
        }
    ]
}