{
    "movies": [
        {
            "PutRequest": {
                "Item": {
                    "id": {
                        "S": "140273"
                    },
                    "title": {
                        "S": "The Scarlet Worm (2011)"
                    },
                    "genres": {
                        "S": "Western"
                    }
                }
            }
        },
        {
            "PutRequest": {
                "Item": {
                    "id": {
                        "S": "140275"
                    },
                    "title": {
                        "S": "Tales of the Night (2011)"
                    },
                    "genres": {
                        "S": "Animation|Fantasy"
                    }
                }
            }
        },
        {
            "PutRequest": {
                "Item": {
                    "id": {
                        "S": "140277"
                    },
                    "title": {
                        "S": "Persistence of Vision (2012)"
                    },
                    "genres": {
                        "S": "Documentary"
                    }
                }
            }
        },
        {
            "PutRequest": {
                "Item": {
                    "id": {
                        "S": "140279"
                    },
                    "title": {
                        "S": "Eldorado (2008)"
                    },
                    "genres": {
                        "S": "Comedy|Drama"
                    }
                }
            }
        },
        {
            "PutRequest": {
                "Item": {
                    "id": {
                        "S": "140281"
                    },
                    "title": {
                        "S": "The Pack (2010)"
                    },
                    "genres": {
                        "S": "Horror"
                    }
                }
            }
        },
        {
            "PutRequest": {
                "Item": {
                    "id": {
                        "S": "140283"
                    },
                    "title": {
                        "S": "13 Eerie (2013)"
                    },
                    "genres": {
                        "S": "Horror|Sci-Fi"
                    }
                }
            }
        },
        {
            "PutRequest": {
                "Item": {
                    "id": {
                        "S": "140287"
                    },
                    "title": {
                        "S": "Rosebud (1975)"
                    },
                    "genres": {
                        "S": "Action|Thriller"
                    }
                }
            }
        },
        {
            "PutRequest": {
                "Item": {
                    "id": {
                        "S": "140289"
                    },
                    "title": {
                        "S": "Men & Chicken (2015)"
                    },
                    "genres": {
                        "S": "Comedy|Drama"
                    }
                }
            }
        },
        {
            "PutRequest": {
                "Item": {
                    "id": {
                        "S": "140291"
                    },
                    "title": {
                        "S": "About Ray (2015)"
                    },
                    "genres": {
                        "S": "Comedy|Drama"
                    }
                }
            }
        },
        {
            "PutRequest": {
                "Item": {
                    "id": {
                        "S": "140293"
                    },
                    "title": {
                        "S": "Mobile Suit Gundam II: Soldiers of Sorrow (1981)"
                    },
                    "genres": {
                        "S": "Action|Adventure|Animation|Drama|Sci-Fi|War"
                    }
                }
            }
        },
        {
            "PutRequest": {
                "Item": {
                    "id": {
                        "S": "140295"
                    },
                    "title": {
                        "S": "Mobile Suit Gundam III: Encounters in Space (1982)"
                    },
                    "genres": {
                        "S": "Action|Adventure|Animation|Drama|Sci-Fi|War"
                    }
                }
            }
        },
        {
            "PutRequest": {
                "Item": {
                    "id": {
                        "S": "140297"
                    },
                    "title": {
                        "S": "The Man Who Saved the World (2013)"
                    },
                    "genres": {
                        "S": "Documentary"
                    }
                }
            }
        },
        {
            "PutRequest": {
                "Item": {
                    "id": {
                        "S": "140299"
                    },
                    "title": {
                        "S": "B-Movie: Lust & Sound in West-Berlin (2015)"
                    },
                    "genres": {
                        "S": "Documentary|Musical"
                    }
                }
            }
        },
        {
            "PutRequest": {
                "Item": {
                    "id": {
                        "S": "140301"
                    },
                    "title": {
                        "S": "The Escort (2015)"
                    },
                    "genres": {
                        "S": "Comedy|Romance"
                    }
                }
            }
        },
        {
            "PutRequest": {
                "Item": {
                    "id": {
                        "S": "140303"
                    },
                    "title": {
                        "S": "Zaytoun (2012)"
                    },
                    "genres": {
                        "S": "Adventure|Drama|Thriller|War"
                    }
                }
            }
        },
        {
            "PutRequest": {
                "Item": {
                    "id": {
                        "S": "140305"
                    },
                    "title": {
                        "S": "Crossfire: Hate Is Like a Gun (2005)"
                    },
                    "genres": {
                        "S": "Documentary"
                    }
                }
            }
        },
        {
            "PutRequest": {
                "Item": {
                    "id": {
                        "S": "140307"
                    },
                    "title": {
                        "S": "A Town Has Turned to Dust (1958)"
                    },
                    "genres": {
                        "S": "Drama"
                    }
                }
            }
        },
        {
            "PutRequest": {
                "Item": {
                    "id": {
                        "S": "140309"
                    },
                    "title": {
                        "S": "Uncle John (2015)"
                    },
                    "genres": {
                        "S": "Crime|Drama|Mystery"
                    }
                }
            }
        },
        {
            "PutRequest": {
                "Item": {
                    "id": {
                        "S": "140311"
                    },
                    "title": {
                        "S": "Pervert Park (2014)"
                    },
                    "genres": {
                        "S": "Crime|Documentary"
                    }
                }
            }
        },
        {
            "PutRequest": {
                "Item": {
                    "id": {
                        "S": "140313"
                    },
                    "title": {
                        "S": "No One's Child (2014)"
                    },
                    "genres": {
                        "S": "Drama"
                    }
                }
            }
        },
        {
            "PutRequest": {
                "Item": {
                    "id": {
                        "S": "140315"
                    },
                    "title": {
                        "S": "Last Cab to Darwin (2015)"
                    },
                    "genres": {
                        "S": "Drama"
                    }
                }
            }
        },
        {
            "PutRequest": {
                "Item": {
                    "id": {
                        "S": "140317"
                    },
                    "title": {
                        "S": "A Tiger Walks (1964)"
                    },
                    "genres": {
                        "S": "Children|Drama"
                    }
                }
            }
        },
        {
            "PutRequest": {
                "Item": {
                    "id": {
                        "S": "140319"
                    },
                    "title": {
                        "S": "Kung Fu Killer (2008)"
                    },
                    "genres": {
                        "S": "Action|Drama|Thriller"
                    }
                }
            }
        },
        {
            "PutRequest": {
                "Item": {
                    "id": {
                        "S": "140321"
                    },
                    "title": {
                        "S": "Chris Tucker: Live (2015)"
                    },
                    "genres": {
                        "S": "Comedy"
                    }
                }
            }
        },
        {
            "PutRequest": {
                "Item": {
                    "id": {
                        "S": "140323"
                    },
                    "title": {
                        "S": "Memories (2013)"
                    },
                    "genres": {
                        "S": "Crime|Thriller"
                    }
                }
            }
        }
    ]
}