{
    "movies": [
        {
            "PutRequest": {
                "Item": {
                    "id": {
                        "S": "132796"
                    },
                    "title": {
                        "S": "San Andreas (2015)"
                    },
                    "genres": {
                        "S": "Action|Drama|Thriller"
                    }
                }
            }
        },
        {
            "PutRequest": {
                "Item": {
                    "id": {
                        "S": "132798"
                    },
                    "title": {
                        "S": "Regression (2015)"
                    },
                    "genres": {
                        "S": "Thriller"
                    }
                }
            }
        },
        {
            "PutRequest": {
                "Item": {
                    "id": {
                        "S": "132800"
                    },
                    "title": {
                        "S": "Welcome to Me (2014)"
                    },
                    "genres": {
                        "S": "Comedy|Drama"
                    }
                }
            }
        },
        {
            "PutRequest": {
                "Item": {
                    "id": {
                        "S": "132802"
                    },
                    "title": {
                        "S": "Nest of Vipers (1978)"
                    },
                    "genres": {
                        "S": "Drama|Romance"
                    }
                }
            }
        },
        {
            "PutRequest": {
                "Item": {
                    "id": {
                        "S": "132804"
                    },
                    "title": {
                        "S": "Secrets (1971)"
                    },
                    "genres": {
                        "S": "Drama"
                    }
                }
            }
        },
        {
            "PutRequest": {
                "Item": {
                    "id": {
                        "S": "132806"
                    },
                    "title": {
                        "S": "Escape by Night (1937)"
                    },
                    "genres": {
                        "S": "(no genres listed)"
                    }
                }
            }
        },
        {
            "PutRequest": {
                "Item": {
                    "id": {
                        "S": "132808"
                    },
                    "title": {
                        "S": "Gang Bullets (1938)"
                    },
                    "genres": {
                        "S": "Action|Thriller"
                    }
                }
            }
        },
        {
            "PutRequest": {
                "Item": {
                    "id": {
                        "S": "132810"
                    },
                    "title": {
                        "S": "Gangster's Boy (1938)"
                    },
                    "genres": {
                        "S": "(no genres listed)"
                    }
                }
            }
        },
        {
            "PutRequest": {
                "Item": {
                    "id": {
                        "S": "132812"
                    },
                    "title": {
                        "S": "The Racketeer (1929)"
                    },
                    "genres": {
                        "S": "Crime|Drama"
                    }
                }
            }
        },
        {
            "PutRequest": {
                "Item": {
                    "id": {
                        "S": "132814"
                    },
                    "title": {
                        "S": "Baby Face Morgan (1942)"
                    },
                    "genres": {
                        "S": "Comedy"
                    }
                }
            }
        },
        {
            "PutRequest": {
                "Item": {
                    "id": {
                        "S": "132816"
                    },
                    "title": {
                        "S": "The Sinner (1972)"
                    },
                    "genres": {
                        "S": "(no genres listed)"
                    }
                }
            }
        },
        {
            "PutRequest": {
                "Item": {
                    "id": {
                        "S": "132818"
                    },
                    "title": {
                        "S": "The Boss of Big Town (1942)"
                    },
                    "genres": {
                        "S": "Action|Thriller"
                    }
                }
            }
        },
        {
            "PutRequest": {
                "Item": {
                    "id": {
                        "S": "132820"
                    },
                    "title": {
                        "S": "Paper Bullets (1941)"
                    },
                    "genres": {
                        "S": "Crime|Drama|Thriller"
                    }
                }
            }
        },
        {
            "PutRequest": {
                "Item": {
                    "id": {
                        "S": "132822"
                    },
                    "title": {
                        "S": "Primitive Love (1964)"
                    },
                    "genres": {
                        "S": "Comedy"
                    }
                }
            }
        },
        {
            "PutRequest": {
                "Item": {
                    "id": {
                        "S": "132824"
                    },
                    "title": {
                        "S": "Two Marines and a General (1966)"
                    },
                    "genres": {
                        "S": "Comedy"
                    }
                }
            }
        },
        {
            "PutRequest": {
                "Item": {
                    "id": {
                        "S": "132826"
                    },
                    "title": {
                        "S": "Sweden: Heaven and Hell (1968)"
                    },
                    "genres": {
                        "S": "Documentary"
                    }
                }
            }
        },
        {
            "PutRequest": {
                "Item": {
                    "id": {
                        "S": "132828"
                    },
                    "title": {
                        "S": "Mondo Cane 2000 (1971)"
                    },
                    "genres": {
                        "S": "Documentary"
                    }
                }
            }
        },
        {
            "PutRequest": {
                "Item": {
                    "id": {
                        "S": "132830"
                    },
                    "title": {
                        "S": "Witchcraft '70 (1970)"
                    },
                    "genres": {
                        "S": "Documentary"
                    }
                }
            }
        },
        {
            "PutRequest": {
                "Item": {
                    "id": {
                        "S": "132832"
                    },
                    "title": {
                        "S": "The Chase (1946)"
                    },
                    "genres": {
                        "S": "Crime"
                    }
                }
            }
        },
        {
            "PutRequest": {
                "Item": {
                    "id": {
                        "S": "132834"
                    },
                    "title": {
                        "S": "La ragazza fuoristrada (1973)"
                    },
                    "genres": {
                        "S": "(no genres listed)"
                    }
                }
            }
        },
        {
            "PutRequest": {
                "Item": {
                    "id": {
                        "S": "132836"
                    },
                    "title": {
                        "S": "The Body (1974)"
                    },
                    "genres": {
                        "S": "(no genres listed)"
                    }
                }
            }
        },
        {
            "PutRequest": {
                "Item": {
                    "id": {
                        "S": "132838"
                    },
                    "title": {
                        "S": "Crime, Inc. (1945)"
                    },
                    "genres": {
                        "S": "Drama|Thriller"
                    }
                }
            }
        },
        {
            "PutRequest": {
                "Item": {
                    "id": {
                        "S": "132840"
                    },
                    "title": {
                        "S": "Shoot to Kill (1947)"
                    },
                    "genres": {
                        "S": "Crime"
                    }
                }
            }
        },
        {
            "PutRequest": {
                "Item": {
                    "id": {
                        "S": "132844"
                    },
                    "title": {
                        "S": "Mr. Robinson (1976)"
                    },
                    "genres": {
                        "S": "Comedy"
                    }
                }
            }
        },
        {
            "PutRequest": {
                "Item": {
                    "id": {
                        "S": "132846"
                    },
                    "title": {
                        "S": "Woman on the Run (1950)"
                    },
                    "genres": {
                        "S": "Crime|Drama|Film-Noir"
                    }
                }
            }
        }
    ]
}