{
    "movies": [
        {
            "PutRequest": {
                "Item": {
                    "id": {
                        "S": "144108"
                    },
                    "title": {
                        "S": "Esterina (1959)"
                    },
                    "genres": {
                        "S": "Drama"
                    }
                }
            }
        },
        {
            "PutRequest": {
                "Item": {
                    "id": {
                        "S": "144110"
                    },
                    "title": {
                        "S": "Hotel Meina (2007)"
                    },
                    "genres": {
                        "S": "(no genres listed)"
                    }
                }
            }
        },
        {
            "PutRequest": {
                "Item": {
                    "id": {
                        "S": "144112"
                    },
                    "title": {
                        "S": "Roberto Rossellini: Frammenti e Battute (2000)"
                    },
                    "genres": {
                        "S": "(no genres listed)"
                    }
                }
            }
        },
        {
            "PutRequest": {
                "Item": {
                    "id": {
                        "S": "144114"
                    },
                    "title": {
                        "S": "Celluloide (1996)"
                    },
                    "genres": {
                        "S": "(no genres listed)"
                    }
                }
            }
        },
        {
            "PutRequest": {
                "Item": {
                    "id": {
                        "S": "144118"
                    },
                    "title": {
                        "S": "Caro Gorbaciov (1988)"
                    },
                    "genres": {
                        "S": "(no genres listed)"
                    }
                }
            }
        },
        {
            "PutRequest": {
                "Item": {
                    "id": {
                        "S": "144124"
                    },
                    "title": {
                        "S": "Chronicle of Poor Lovers (1954)"
                    },
                    "genres": {
                        "S": "(no genres listed)"
                    }
                }
            }
        },
        {
            "PutRequest": {
                "Item": {
                    "id": {
                        "S": "144128"
                    },
                    "title": {
                        "S": "Attention! Bandits! (1951)"
                    },
                    "genres": {
                        "S": "Drama|War"
                    }
                }
            }
        },
        {
            "PutRequest": {
                "Item": {
                    "id": {
                        "S": "144132"
                    },
                    "title": {
                        "S": "Darkness by Day (2013)"
                    },
                    "genres": {
                        "S": "Horror"
                    }
                }
            }
        },
        {
            "PutRequest": {
                "Item": {
                    "id": {
                        "S": "144134"
                    },
                    "title": {
                        "S": "The Hive (2015)"
                    },
                    "genres": {
                        "S": "Sci-Fi|Thriller"
                    }
                }
            }
        },
        {
            "PutRequest": {
                "Item": {
                    "id": {
                        "S": "144136"
                    },
                    "title": {
                        "S": "Framed (1975)"
                    },
                    "genres": {
                        "S": "Action|Adventure|Crime|Thriller"
                    }
                }
            }
        },
        {
            "PutRequest": {
                "Item": {
                    "id": {
                        "S": "144138"
                    },
                    "title": {
                        "S": "Billy Elliot: The Musical (2014)"
                    },
                    "genres": {
                        "S": "Comedy|Drama"
                    }
                }
            }
        },
        {
            "PutRequest": {
                "Item": {
                    "id": {
                        "S": "144140"
                    },
                    "title": {
                        "S": "Ready? OK! (2008)"
                    },
                    "genres": {
                        "S": "Children|Comedy"
                    }
                }
            }
        },
        {
            "PutRequest": {
                "Item": {
                    "id": {
                        "S": "144142"
                    },
                    "title": {
                        "S": "The Eternal Rainbow (1958)"
                    },
                    "genres": {
                        "S": "(no genres listed)"
                    }
                }
            }
        },
        {
            "PutRequest": {
                "Item": {
                    "id": {
                        "S": "144144"
                    },
                    "title": {
                        "S": "Times of Joy and Sorrow (1957)"
                    },
                    "genres": {
                        "S": "(no genres listed)"
                    }
                }
            }
        },
        {
            "PutRequest": {
                "Item": {
                    "id": {
                        "S": "144146"
                    },
                    "title": {
                        "S": "Honeyspider (2014)"
                    },
                    "genres": {
                        "S": "Horror|Thriller"
                    }
                }
            }
        },
        {
            "PutRequest": {
                "Item": {
                    "id": {
                        "S": "144148"
                    },
                    "title": {
                        "S": "TimeScapes (2012)"
                    },
                    "genres": {
                        "S": "Documentary"
                    }
                }
            }
        },
        {
            "PutRequest": {
                "Item": {
                    "id": {
                        "S": "144150"
                    },
                    "title": {
                        "S": "Peace Officer (2015)"
                    },
                    "genres": {
                        "S": "Documentary"
                    }
                }
            }
        },
        {
            "PutRequest": {
                "Item": {
                    "id": {
                        "S": "144152"
                    },
                    "title": {
                        "S": "All About Them (2015)"
                    },
                    "genres": {
                        "S": "Comedy|Romance"
                    }
                }
            }
        },
        {
            "PutRequest": {
                "Item": {
                    "id": {
                        "S": "144154"
                    },
                    "title": {
                        "S": "Difret (2014)"
                    },
                    "genres": {
                        "S": "Drama"
                    }
                }
            }
        },
        {
            "PutRequest": {
                "Item": {
                    "id": {
                        "S": "144158"
                    },
                    "title": {
                        "S": "Deep Dark (2015)"
                    },
                    "genres": {
                        "S": "(no genres listed)"
                    }
                }
            }
        },
        {
            "PutRequest": {
                "Item": {
                    "id": {
                        "S": "144160"
                    },
                    "title": {
                        "S": "Honeybaby, Honeybaby (1974)"
                    },
                    "genres": {
                        "S": "Action"
                    }
                }
            }
        },
        {
            "PutRequest": {
                "Item": {
                    "id": {
                        "S": "144162"
                    },
                    "title": {
                        "S": "Dirty O'Neil (1974)"
                    },
                    "genres": {
                        "S": "Comedy|Drama|Thriller"
                    }
                }
            }
        },
        {
            "PutRequest": {
                "Item": {
                    "id": {
                        "S": "144164"
                    },
                    "title": {
                        "S": "Fighting Back (1982)"
                    },
                    "genres": {
                        "S": "Action|Crime|Thriller"
                    }
                }
            }
        },
        {
            "PutRequest": {
                "Item": {
                    "id": {
                        "S": "144166"
                    },
                    "title": {
                        "S": "No Man's Land (1978)"
                    },
                    "genres": {
                        "S": "(no genres listed)"
                    }
                }
            }
        },
        {
            "PutRequest": {
                "Item": {
                    "id": {
                        "S": "144168"
                    },
                    "title": {
                        "S": "The Party Never Stops: Diary of a Binge Drinker (2007)"
                    },
                    "genres": {
                        "S": "Drama"
                    }
                }
            }
        }
    ]
}