{
    "movies": [
        {
            "PutRequest": {
                "Item": {
                    "id": {
                        "S": "132688"
                    },
                    "title": {
                        "S": "Falling From Grace (1992)"
                    },
                    "genres": {
                        "S": "Drama|Romance"
                    }
                }
            }
        },
        {
            "PutRequest": {
                "Item": {
                    "id": {
                        "S": "132690"
                    },
                    "title": {
                        "S": "5 Steps to Danger (1957)"
                    },
                    "genres": {
                        "S": "Action|Thriller"
                    }
                }
            }
        },
        {
            "PutRequest": {
                "Item": {
                    "id": {
                        "S": "132692"
                    },
                    "title": {
                        "S": "Frontier Rangers (1959)"
                    },
                    "genres": {
                        "S": "Adventure|War|Western"
                    }
                }
            }
        },
        {
            "PutRequest": {
                "Item": {
                    "id": {
                        "S": "132694"
                    },
                    "title": {
                        "S": "Full Circle (1996)"
                    },
                    "genres": {
                        "S": "Drama|Romance"
                    }
                }
            }
        },
        {
            "PutRequest": {
                "Item": {
                    "id": {
                        "S": "132699"
                    },
                    "title": {
                        "S": "Johnny Doesn't Live Here Anymore (1944)"
                    },
                    "genres": {
                        "S": "(no genres listed)"
                    }
                }
            }
        },
        {
            "PutRequest": {
                "Item": {
                    "id": {
                        "S": "132701"
                    },
                    "title": {
                        "S": "Kidnapped (1995)"
                    },
                    "genres": {
                        "S": "Action|Adventure"
                    }
                }
            }
        },
        {
            "PutRequest": {
                "Item": {
                    "id": {
                        "S": "132703"
                    },
                    "title": {
                        "S": "Kidnapped (1971)"
                    },
                    "genres": {
                        "S": "Action|Adventure"
                    }
                }
            }
        },
        {
            "PutRequest": {
                "Item": {
                    "id": {
                        "S": "132705"
                    },
                    "title": {
                        "S": "Kidnapped (1938)"
                    },
                    "genres": {
                        "S": "Adventure|Drama"
                    }
                }
            }
        },
        {
            "PutRequest": {
                "Item": {
                    "id": {
                        "S": "132707"
                    },
                    "title": {
                        "S": "Kidnapped (1948)"
                    },
                    "genres": {
                        "S": "(no genres listed)"
                    }
                }
            }
        },
        {
            "PutRequest": {
                "Item": {
                    "id": {
                        "S": "132711"
                    },
                    "title": {
                        "S": "Life Support (2007)"
                    },
                    "genres": {
                        "S": "Drama"
                    }
                }
            }
        },
        {
            "PutRequest": {
                "Item": {
                    "id": {
                        "S": "132713"
                    },
                    "title": {
                        "S": "Public Enemy's Wife (1936)"
                    },
                    "genres": {
                        "S": "(no genres listed)"
                    }
                }
            }
        },
        {
            "PutRequest": {
                "Item": {
                    "id": {
                        "S": "132715"
                    },
                    "title": {
                        "S": "Registered Nurse (1934)"
                    },
                    "genres": {
                        "S": "Drama"
                    }
                }
            }
        },
        {
            "PutRequest": {
                "Item": {
                    "id": {
                        "S": "132717"
                    },
                    "title": {
                        "S": "Atlantic Ferry (1942)"
                    },
                    "genres": {
                        "S": "Drama|Romance"
                    }
                }
            }
        },
        {
            "PutRequest": {
                "Item": {
                    "id": {
                        "S": "132719"
                    },
                    "title": {
                        "S": "Superstition (1982)"
                    },
                    "genres": {
                        "S": "Horror"
                    }
                }
            }
        },
        {
            "PutRequest": {
                "Item": {
                    "id": {
                        "S": "132723"
                    },
                    "title": {
                        "S": "Ten Thousand Bedrooms (1957)"
                    },
                    "genres": {
                        "S": "Comedy|Romance"
                    }
                }
            }
        },
        {
            "PutRequest": {
                "Item": {
                    "id": {
                        "S": "132725"
                    },
                    "title": {
                        "S": "The Castilian (1963)"
                    },
                    "genres": {
                        "S": "Adventure|Drama"
                    }
                }
            }
        },
        {
            "PutRequest": {
                "Item": {
                    "id": {
                        "S": "132727"
                    },
                    "title": {
                        "S": "The Ceremony (1963)"
                    },
                    "genres": {
                        "S": "Crime|Drama"
                    }
                }
            }
        },
        {
            "PutRequest": {
                "Item": {
                    "id": {
                        "S": "132729"
                    },
                    "title": {
                        "S": "The Cisco Kid (1994)"
                    },
                    "genres": {
                        "S": "(no genres listed)"
                    }
                }
            }
        },
        {
            "PutRequest": {
                "Item": {
                    "id": {
                        "S": "132731"
                    },
                    "title": {
                        "S": "The Cisco Kid (1931)"
                    },
                    "genres": {
                        "S": "(no genres listed)"
                    }
                }
            }
        },
        {
            "PutRequest": {
                "Item": {
                    "id": {
                        "S": "132733"
                    },
                    "title": {
                        "S": "The Crowd Roars (1938)"
                    },
                    "genres": {
                        "S": "(no genres listed)"
                    }
                }
            }
        },
        {
            "PutRequest": {
                "Item": {
                    "id": {
                        "S": "132735"
                    },
                    "title": {
                        "S": "The Culling (2015)"
                    },
                    "genres": {
                        "S": "Horror|Thriller"
                    }
                }
            }
        },
        {
            "PutRequest": {
                "Item": {
                    "id": {
                        "S": "132737"
                    },
                    "title": {
                        "S": "The Hidden Hand (1942)"
                    },
                    "genres": {
                        "S": "Comedy|Drama|Mystery|Romance"
                    }
                }
            }
        },
        {
            "PutRequest": {
                "Item": {
                    "id": {
                        "S": "132739"
                    },
                    "title": {
                        "S": "The Hunt for Eagle One (2006)"
                    },
                    "genres": {
                        "S": "Action|Adventure|Drama|Thriller"
                    }
                }
            }
        },
        {
            "PutRequest": {
                "Item": {
                    "id": {
                        "S": "132741"
                    },
                    "title": {
                        "S": "The Hunt for Eagle One: Crash Point (2006)"
                    },
                    "genres": {
                        "S": "Action|Adventure|Thriller"
                    }
                }
            }
        },
        {
            "PutRequest": {
                "Item": {
                    "id": {
                        "S": "132743"
                    },
                    "title": {
                        "S": "The Lost Volcano (1950)"
                    },
                    "genres": {
                        "S": "Adventure"
                    }
                }
            }
        }
    ]
}