{
    "movies": [
        {
            "PutRequest": {
                "Item": {
                    "id": {
                        "S": "132954"
                    },
                    "title": {
                        "S": "Awake: The Life of Yogananda (2014)"
                    },
                    "genres": {
                        "S": "Documentary"
                    }
                }
            }
        },
        {
            "PutRequest": {
                "Item": {
                    "id": {
                        "S": "132958"
                    },
                    "title": {
                        "S": "The Kill Team (2013)"
                    },
                    "genres": {
                        "S": "Documentary|War"
                    }
                }
            }
        },
        {
            "PutRequest": {
                "Item": {
                    "id": {
                        "S": "132961"
                    },
                    "title": {
                        "S": "Far from the Madding Crowd (2015)"
                    },
                    "genres": {
                        "S": "Drama"
                    }
                }
            }
        },
        {
            "PutRequest": {
                "Item": {
                    "id": {
                        "S": "132963"
                    },
                    "title": {
                        "S": "Mr. Superinvisible (1970)"
                    },
                    "genres": {
                        "S": "Action|Comedy"
                    }
                }
            }
        },
        {
            "PutRequest": {
                "Item": {
                    "id": {
                        "S": "132965"
                    },
                    "title": {
                        "S": "Appropriate Behaviour (2014)"
                    },
                    "genres": {
                        "S": "Comedy|Drama|Romance"
                    }
                }
            }
        },
        {
            "PutRequest": {
                "Item": {
                    "id": {
                        "S": "132967"
                    },
                    "title": {
                        "S": "Thursday Till Sunday (2012)"
                    },
                    "genres": {
                        "S": "Drama"
                    }
                }
            }
        },
        {
            "PutRequest": {
                "Item": {
                    "id": {
                        "S": "132969"
                    },
                    "title": {
                        "S": "L (2012)"
                    },
                    "genres": {
                        "S": "Drama|Thriller"
                    }
                }
            }
        },
        {
            "PutRequest": {
                "Item": {
                    "id": {
                        "S": "132971"
                    },
                    "title": {
                        "S": "Magical Girl (2014)"
                    },
                    "genres": {
                        "S": "Drama"
                    }
                }
            }
        },
        {
            "PutRequest": {
                "Item": {
                    "id": {
                        "S": "132973"
                    },
                    "title": {
                        "S": "Vikingo (2009)"
                    },
                    "genres": {
                        "S": "(no genres listed)"
                    }
                }
            }
        },
        {
            "PutRequest": {
                "Item": {
                    "id": {
                        "S": "132975"
                    },
                    "title": {
                        "S": "Garrison Keillor: The Man on the Radio in the Red Shoes (2009)"
                    },
                    "genres": {
                        "S": "Documentary"
                    }
                }
            }
        },
        {
            "PutRequest": {
                "Item": {
                    "id": {
                        "S": "132977"
                    },
                    "title": {
                        "S": "The House of Magic (2014)"
                    },
                    "genres": {
                        "S": "Adventure|Animation|Children|Fantasy"
                    }
                }
            }
        },
        {
            "PutRequest": {
                "Item": {
                    "id": {
                        "S": "132979"
                    },
                    "title": {
                        "S": "A Company Man (2012)"
                    },
                    "genres": {
                        "S": "Action|Drama"
                    }
                }
            }
        },
        {
            "PutRequest": {
                "Item": {
                    "id": {
                        "S": "132981"
                    },
                    "title": {
                        "S": "Crowsnest (2012)"
                    },
                    "genres": {
                        "S": "(no genres listed)"
                    }
                }
            }
        },
        {
            "PutRequest": {
                "Item": {
                    "id": {
                        "S": "132983"
                    },
                    "title": {
                        "S": "Overnight (2012)"
                    },
                    "genres": {
                        "S": "Comedy|Romance"
                    }
                }
            }
        },
        {
            "PutRequest": {
                "Item": {
                    "id": {
                        "S": "132985"
                    },
                    "title": {
                        "S": "A Certain Justice (2014)"
                    },
                    "genres": {
                        "S": "Action|Drama"
                    }
                }
            }
        },
        {
            "PutRequest": {
                "Item": {
                    "id": {
                        "S": "132987"
                    },
                    "title": {
                        "S": "Kill 'em All (2012)"
                    },
                    "genres": {
                        "S": "Action|Crime|Thriller"
                    }
                }
            }
        },
        {
            "PutRequest": {
                "Item": {
                    "id": {
                        "S": "132989"
                    },
                    "title": {
                        "S": "Frontera (2014)"
                    },
                    "genres": {
                        "S": "Drama|Western"
                    }
                }
            }
        },
        {
            "PutRequest": {
                "Item": {
                    "id": {
                        "S": "132991"
                    },
                    "title": {
                        "S": "No Tears for the Dead (2014)"
                    },
                    "genres": {
                        "S": "Action|Thriller"
                    }
                }
            }
        },
        {
            "PutRequest": {
                "Item": {
                    "id": {
                        "S": "132993"
                    },
                    "title": {
                        "S": "Love Is the Perfect Crime (2013)"
                    },
                    "genres": {
                        "S": "Drama|Thriller"
                    }
                }
            }
        },
        {
            "PutRequest": {
                "Item": {
                    "id": {
                        "S": "132995"
                    },
                    "title": {
                        "S": "Dear Lemon Lima (2009)"
                    },
                    "genres": {
                        "S": "Drama"
                    }
                }
            }
        },
        {
            "PutRequest": {
                "Item": {
                    "id": {
                        "S": "132997"
                    },
                    "title": {
                        "S": "Wrong Turn 6: Last Resort (2014)"
                    },
                    "genres": {
                        "S": "Horror"
                    }
                }
            }
        },
        {
            "PutRequest": {
                "Item": {
                    "id": {
                        "S": "132999"
                    },
                    "title": {
                        "S": "Kriminal (1966)"
                    },
                    "genres": {
                        "S": "Action|Crime|Mystery"
                    }
                }
            }
        },
        {
            "PutRequest": {
                "Item": {
                    "id": {
                        "S": "133001"
                    },
                    "title": {
                        "S": "The Spy Who Loved Flowers (1966)"
                    },
                    "genres": {
                        "S": "Adventure"
                    }
                }
            }
        },
        {
            "PutRequest": {
                "Item": {
                    "id": {
                        "S": "133003"
                    },
                    "title": {
                        "S": "Superseven chiama Cairo (1965)"
                    },
                    "genres": {
                        "S": "Action|Drama"
                    }
                }
            }
        },
        {
            "PutRequest": {
                "Item": {
                    "id": {
                        "S": "133005"
                    },
                    "title": {
                        "S": "008: Operation Exterminate (1966)"
                    },
                    "genres": {
                        "S": "Action|Comedy"
                    }
                }
            }
        }
    ]
}