{
    "movies": [
        {
            "PutRequest": {
                "Item": {
                    "id": {
                        "S": "124442"
                    },
                    "title": {
                        "S": "No God, No Master (2014)"
                    },
                    "genres": {
                        "S": "Crime|Drama|Thriller"
                    }
                }
            }
        },
        {
            "PutRequest": {
                "Item": {
                    "id": {
                        "S": "124444"
                    },
                    "title": {
                        "S": "Invitation (1952)"
                    },
                    "genres": {
                        "S": "Drama"
                    }
                }
            }
        },
        {
            "PutRequest": {
                "Item": {
                    "id": {
                        "S": "124446"
                    },
                    "title": {
                        "S": "The Very Thought of You (1944)"
                    },
                    "genres": {
                        "S": "Drama|Romance"
                    }
                }
            }
        },
        {
            "PutRequest": {
                "Item": {
                    "id": {
                        "S": "124448"
                    },
                    "title": {
                        "S": "Rain (2008)"
                    },
                    "genres": {
                        "S": "Drama"
                    }
                }
            }
        },
        {
            "PutRequest": {
                "Item": {
                    "id": {
                        "S": "124450"
                    },
                    "title": {
                        "S": "Lady Killer (1937)"
                    },
                    "genres": {
                        "S": "Drama|Romance|War"
                    }
                }
            }
        },
        {
            "PutRequest": {
                "Item": {
                    "id": {
                        "S": "124452"
                    },
                    "title": {
                        "S": "Tension at Table Rock (1956)"
                    },
                    "genres": {
                        "S": "Western"
                    }
                }
            }
        },
        {
            "PutRequest": {
                "Item": {
                    "id": {
                        "S": "124454"
                    },
                    "title": {
                        "S": "The Guardsman (1931)"
                    },
                    "genres": {
                        "S": "Comedy|Drama"
                    }
                }
            }
        },
        {
            "PutRequest": {
                "Item": {
                    "id": {
                        "S": "124456"
                    },
                    "title": {
                        "S": "Simple Things (2007)"
                    },
                    "genres": {
                        "S": "Children|Drama"
                    }
                }
            }
        },
        {
            "PutRequest": {
                "Item": {
                    "id": {
                        "S": "124458"
                    },
                    "title": {
                        "S": "Hansel and Gretel (1982)"
                    },
                    "genres": {
                        "S": "Children"
                    }
                }
            }
        },
        {
            "PutRequest": {
                "Item": {
                    "id": {
                        "S": "124460"
                    },
                    "title": {
                        "S": "White Witch Doctor (1953)"
                    },
                    "genres": {
                        "S": "Adventure"
                    }
                }
            }
        },
        {
            "PutRequest": {
                "Item": {
                    "id": {
                        "S": "124462"
                    },
                    "title": {
                        "S": "Sitting Bull (1954)"
                    },
                    "genres": {
                        "S": "Western"
                    }
                }
            }
        },
        {
            "PutRequest": {
                "Item": {
                    "id": {
                        "S": "124464"
                    },
                    "title": {
                        "S": "Iceberg Slim: Portrait of a Pimp (2013)"
                    },
                    "genres": {
                        "S": "(no genres listed)"
                    }
                }
            }
        },
        {
            "PutRequest": {
                "Item": {
                    "id": {
                        "S": "124466"
                    },
                    "title": {
                        "S": "Lost Angel (1943)"
                    },
                    "genres": {
                        "S": "Drama"
                    }
                }
            }
        },
        {
            "PutRequest": {
                "Item": {
                    "id": {
                        "S": "124468"
                    },
                    "title": {
                        "S": "Green Flash (2008)"
                    },
                    "genres": {
                        "S": "Comedy|Drama"
                    }
                }
            }
        },
        {
            "PutRequest": {
                "Item": {
                    "id": {
                        "S": "124470"
                    },
                    "title": {
                        "S": "One Sunday Afternoon (1933)"
                    },
                    "genres": {
                        "S": "Comedy|Romance"
                    }
                }
            }
        },
        {
            "PutRequest": {
                "Item": {
                    "id": {
                        "S": "124472"
                    },
                    "title": {
                        "S": "Red Light (1949)"
                    },
                    "genres": {
                        "S": "Mystery|Thriller"
                    }
                }
            }
        },
        {
            "PutRequest": {
                "Item": {
                    "id": {
                        "S": "124474"
                    },
                    "title": {
                        "S": "Rose of Washington Square (1939)"
                    },
                    "genres": {
                        "S": "Drama"
                    }
                }
            }
        },
        {
            "PutRequest": {
                "Item": {
                    "id": {
                        "S": "124476"
                    },
                    "title": {
                        "S": "The Mask (1961)"
                    },
                    "genres": {
                        "S": "Horror|Thriller"
                    }
                }
            }
        },
        {
            "PutRequest": {
                "Item": {
                    "id": {
                        "S": "124480"
                    },
                    "title": {
                        "S": "Outward Bound (1930)"
                    },
                    "genres": {
                        "S": "(no genres listed)"
                    }
                }
            }
        },
        {
            "PutRequest": {
                "Item": {
                    "id": {
                        "S": "124482"
                    },
                    "title": {
                        "S": "The Heartbreak Kid (1993)"
                    },
                    "genres": {
                        "S": "Drama|Romance"
                    }
                }
            }
        },
        {
            "PutRequest": {
                "Item": {
                    "id": {
                        "S": "124484"
                    },
                    "title": {
                        "S": "Kenny & Company (1976)"
                    },
                    "genres": {
                        "S": "Comedy|Drama"
                    }
                }
            }
        },
        {
            "PutRequest": {
                "Item": {
                    "id": {
                        "S": "124486"
                    },
                    "title": {
                        "S": "The Life of Jimmy Dolan (1933)"
                    },
                    "genres": {
                        "S": "(no genres listed)"
                    }
                }
            }
        },
        {
            "PutRequest": {
                "Item": {
                    "id": {
                        "S": "124488"
                    },
                    "title": {
                        "S": "Santiago (2007)"
                    },
                    "genres": {
                        "S": "Documentary"
                    }
                }
            }
        },
        {
            "PutRequest": {
                "Item": {
                    "id": {
                        "S": "124490"
                    },
                    "title": {
                        "S": "Sea Hawk, The (1924)"
                    },
                    "genres": {
                        "S": "Adventure|Drama|Romance"
                    }
                }
            }
        },
        {
            "PutRequest": {
                "Item": {
                    "id": {
                        "S": "124492"
                    },
                    "title": {
                        "S": "This is My Affair (1937)"
                    },
                    "genres": {
                        "S": "Crime|Drama"
                    }
                }
            }
        }
    ]
}