{
    "movies": [
        {
            "PutRequest": {
                "Item": {
                    "id": {
                        "S": "123691"
                    },
                    "title": {
                        "S": "The Miracle (1959)"
                    },
                    "genres": {
                        "S": "Drama"
                    }
                }
            }
        },
        {
            "PutRequest": {
                "Item": {
                    "id": {
                        "S": "123693"
                    },
                    "title": {
                        "S": "The Brigand of Kandahar (1965)"
                    },
                    "genres": {
                        "S": "(no genres listed)"
                    }
                }
            }
        },
        {
            "PutRequest": {
                "Item": {
                    "id": {
                        "S": "123695"
                    },
                    "title": {
                        "S": "The Story on Page One (1959)"
                    },
                    "genres": {
                        "S": "Drama"
                    }
                }
            }
        },
        {
            "PutRequest": {
                "Item": {
                    "id": {
                        "S": "123697"
                    },
                    "title": {
                        "S": "Just This Once (1952)"
                    },
                    "genres": {
                        "S": "Comedy"
                    }
                }
            }
        },
        {
            "PutRequest": {
                "Item": {
                    "id": {
                        "S": "123699"
                    },
                    "title": {
                        "S": "The Affairs of Dobie Gillis (1953)"
                    },
                    "genres": {
                        "S": "Comedy"
                    }
                }
            }
        },
        {
            "PutRequest": {
                "Item": {
                    "id": {
                        "S": "123701"
                    },
                    "title": {
                        "S": "Remains to Be Seen (1953)"
                    },
                    "genres": {
                        "S": "Comedy|Crime|Horror|Mystery"
                    }
                }
            }
        },
        {
            "PutRequest": {
                "Item": {
                    "id": {
                        "S": "123703"
                    },
                    "title": {
                        "S": "I Love Melvin (1953)"
                    },
                    "genres": {
                        "S": "Comedy|Romance"
                    }
                }
            }
        },
        {
            "PutRequest": {
                "Item": {
                    "id": {
                        "S": "123707"
                    },
                    "title": {
                        "S": "The Gene Krupa Story (1959)"
                    },
                    "genres": {
                        "S": "Drama"
                    }
                }
            }
        },
        {
            "PutRequest": {
                "Item": {
                    "id": {
                        "S": "123709"
                    },
                    "title": {
                        "S": "Looking For Love (1964)"
                    },
                    "genres": {
                        "S": "(no genres listed)"
                    }
                }
            }
        },
        {
            "PutRequest": {
                "Item": {
                    "id": {
                        "S": "123711"
                    },
                    "title": {
                        "S": "The Ghost in the Invisible Bikini (1966)"
                    },
                    "genres": {
                        "S": "Comedy|Horror"
                    }
                }
            }
        },
        {
            "PutRequest": {
                "Item": {
                    "id": {
                        "S": "123713"
                    },
                    "title": {
                        "S": "The Longest Hundred Miles (1967)"
                    },
                    "genres": {
                        "S": "Drama|War"
                    }
                }
            }
        },
        {
            "PutRequest": {
                "Item": {
                    "id": {
                        "S": "123715"
                    },
                    "title": {
                        "S": "The Munsters' Revenge (1981)"
                    },
                    "genres": {
                        "S": "(no genres listed)"
                    }
                }
            }
        },
        {
            "PutRequest": {
                "Item": {
                    "id": {
                        "S": "123717"
                    },
                    "title": {
                        "S": "Strange Bargain (1949)"
                    },
                    "genres": {
                        "S": "Mystery|Thriller"
                    }
                }
            }
        },
        {
            "PutRequest": {
                "Item": {
                    "id": {
                        "S": "123719"
                    },
                    "title": {
                        "S": "Stingaree (1934)"
                    },
                    "genres": {
                        "S": "Comedy|Drama|Romance"
                    }
                }
            }
        },
        {
            "PutRequest": {
                "Item": {
                    "id": {
                        "S": "123721"
                    },
                    "title": {
                        "S": "Love Is Better Than Ever (1952)"
                    },
                    "genres": {
                        "S": "(no genres listed)"
                    }
                }
            }
        },
        {
            "PutRequest": {
                "Item": {
                    "id": {
                        "S": "123723"
                    },
                    "title": {
                        "S": "Hayride (2012)"
                    },
                    "genres": {
                        "S": "Horror|Thriller"
                    }
                }
            }
        },
        {
            "PutRequest": {
                "Item": {
                    "id": {
                        "S": "123725"
                    },
                    "title": {
                        "S": "Scandal at Scourie (1953)"
                    },
                    "genres": {
                        "S": "Drama"
                    }
                }
            }
        },
        {
            "PutRequest": {
                "Item": {
                    "id": {
                        "S": "123727"
                    },
                    "title": {
                        "S": "Immigration Tango (2011)"
                    },
                    "genres": {
                        "S": "Comedy|Romance"
                    }
                }
            }
        },
        {
            "PutRequest": {
                "Item": {
                    "id": {
                        "S": "123729"
                    },
                    "title": {
                        "S": "Lily Boy (1954)"
                    },
                    "genres": {
                        "S": "(no genres listed)"
                    }
                }
            }
        },
        {
            "PutRequest": {
                "Item": {
                    "id": {
                        "S": "123731"
                    },
                    "title": {
                        "S": "Mad About Men (1954)"
                    },
                    "genres": {
                        "S": "Comedy|Drama|Fantasy|Romance|Sci-Fi"
                    }
                }
            }
        },
        {
            "PutRequest": {
                "Item": {
                    "id": {
                        "S": "123733"
                    },
                    "title": {
                        "S": "The Unguarded Hour (1936)"
                    },
                    "genres": {
                        "S": "Crime"
                    }
                }
            }
        },
        {
            "PutRequest": {
                "Item": {
                    "id": {
                        "S": "123735"
                    },
                    "title": {
                        "S": "Vito (2011)"
                    },
                    "genres": {
                        "S": "Documentary"
                    }
                }
            }
        },
        {
            "PutRequest": {
                "Item": {
                    "id": {
                        "S": "123737"
                    },
                    "title": {
                        "S": "The Big Land (1957)"
                    },
                    "genres": {
                        "S": "Western"
                    }
                }
            }
        },
        {
            "PutRequest": {
                "Item": {
                    "id": {
                        "S": "123739"
                    },
                    "title": {
                        "S": "Scared To Death (1981)"
                    },
                    "genres": {
                        "S": "Drama|Horror|Sci-Fi"
                    }
                }
            }
        },
        {
            "PutRequest": {
                "Item": {
                    "id": {
                        "S": "123741"
                    },
                    "title": {
                        "S": "The Hoodlum Saint (1946)"
                    },
                    "genres": {
                        "S": "Drama"
                    }
                }
            }
        }
    ]
}