{
    "movies": [
        {
            "PutRequest": {
                "Item": {
                    "id": {
                        "S": "144960"
                    },
                    "title": {
                        "S": "P\u00fcnktchen und Anton (1953)"
                    },
                    "genres": {
                        "S": "Drama"
                    }
                }
            }
        },
        {
            "PutRequest": {
                "Item": {
                    "id": {
                        "S": "144962"
                    },
                    "title": {
                        "S": "Phantom Boy (2015)"
                    },
                    "genres": {
                        "S": "Adventure|Animation|Children"
                    }
                }
            }
        },
        {
            "PutRequest": {
                "Item": {
                    "id": {
                        "S": "144964"
                    },
                    "title": {
                        "S": "Les Cowboys (2015)"
                    },
                    "genres": {
                        "S": "Drama"
                    }
                }
            }
        },
        {
            "PutRequest": {
                "Item": {
                    "id": {
                        "S": "144966"
                    },
                    "title": {
                        "S": "Alive (2006)"
                    },
                    "genres": {
                        "S": "Drama|Fantasy|Mystery"
                    }
                }
            }
        },
        {
            "PutRequest": {
                "Item": {
                    "id": {
                        "S": "144968"
                    },
                    "title": {
                        "S": "Master and Tatyana (2015)"
                    },
                    "genres": {
                        "S": "Documentary|Drama"
                    }
                }
            }
        },
        {
            "PutRequest": {
                "Item": {
                    "id": {
                        "S": "144970"
                    },
                    "title": {
                        "S": "The Best of Men (2012)"
                    },
                    "genres": {
                        "S": "Drama"
                    }
                }
            }
        },
        {
            "PutRequest": {
                "Item": {
                    "id": {
                        "S": "144972"
                    },
                    "title": {
                        "S": "The Sixth Side of the Pentagon (1968)"
                    },
                    "genres": {
                        "S": "Documentary"
                    }
                }
            }
        },
        {
            "PutRequest": {
                "Item": {
                    "id": {
                        "S": "144974"
                    },
                    "title": {
                        "S": "Eclipse (1999)"
                    },
                    "genres": {
                        "S": "Documentary"
                    }
                }
            }
        },
        {
            "PutRequest": {
                "Item": {
                    "id": {
                        "S": "144976"
                    },
                    "title": {
                        "S": "Bone Tomahawk (2015)"
                    },
                    "genres": {
                        "S": "Horror|Western"
                    }
                }
            }
        },
        {
            "PutRequest": {
                "Item": {
                    "id": {
                        "S": "144978"
                    },
                    "title": {
                        "S": "Paul and Michelle (1974)"
                    },
                    "genres": {
                        "S": "Drama|Romance"
                    }
                }
            }
        },
        {
            "PutRequest": {
                "Item": {
                    "id": {
                        "S": "144980"
                    },
                    "title": {
                        "S": "Friends (1971)"
                    },
                    "genres": {
                        "S": "Drama|Romance"
                    }
                }
            }
        },
        {
            "PutRequest": {
                "Item": {
                    "id": {
                        "S": "144982"
                    },
                    "title": {
                        "S": "Paranormal Activity: The Ghost Dimension (2015)"
                    },
                    "genres": {
                        "S": "Horror|Thriller"
                    }
                }
            }
        },
        {
            "PutRequest": {
                "Item": {
                    "id": {
                        "S": "144984"
                    },
                    "title": {
                        "S": "Pyaar Ka Punchnama 2 (2015)"
                    },
                    "genres": {
                        "S": "Comedy|Drama|Romance"
                    }
                }
            }
        },
        {
            "PutRequest": {
                "Item": {
                    "id": {
                        "S": "144986"
                    },
                    "title": {
                        "S": "A Chinese Ghost Story (2011)"
                    },
                    "genres": {
                        "S": "Fantasy|Sci-Fi"
                    }
                }
            }
        },
        {
            "PutRequest": {
                "Item": {
                    "id": {
                        "S": "144988"
                    },
                    "title": {
                        "S": "Imagination (2008)"
                    },
                    "genres": {
                        "S": "Drama|Fantasy|Sci-Fi"
                    }
                }
            }
        },
        {
            "PutRequest": {
                "Item": {
                    "id": {
                        "S": "144990"
                    },
                    "title": {
                        "S": "The Edge of Dreaming (2010)"
                    },
                    "genres": {
                        "S": "(no genres listed)"
                    }
                }
            }
        },
        {
            "PutRequest": {
                "Item": {
                    "id": {
                        "S": "144992"
                    },
                    "title": {
                        "S": "The Chinese Botanist's Daughters (2006)"
                    },
                    "genres": {
                        "S": "Drama"
                    }
                }
            }
        },
        {
            "PutRequest": {
                "Item": {
                    "id": {
                        "S": "144994"
                    },
                    "title": {
                        "S": "The Secret Life of Plants (1979)"
                    },
                    "genres": {
                        "S": "Documentary"
                    }
                }
            }
        },
        {
            "PutRequest": {
                "Item": {
                    "id": {
                        "S": "144998"
                    },
                    "title": {
                        "S": "Rebels in Canada (1965)"
                    },
                    "genres": {
                        "S": "(no genres listed)"
                    }
                }
            }
        },
        {
            "PutRequest": {
                "Item": {
                    "id": {
                        "S": "145002"
                    },
                    "title": {
                        "S": "School of Nurses (1964)"
                    },
                    "genres": {
                        "S": "(no genres listed)"
                    }
                }
            }
        },
        {
            "PutRequest": {
                "Item": {
                    "id": {
                        "S": "145004"
                    },
                    "title": {
                        "S": "When the Screaming Stops (1974)"
                    },
                    "genres": {
                        "S": "Horror"
                    }
                }
            }
        },
        {
            "PutRequest": {
                "Item": {
                    "id": {
                        "S": "145006"
                    },
                    "title": {
                        "S": "Demon Witch Child (1975)"
                    },
                    "genres": {
                        "S": "(no genres listed)"
                    }
                }
            }
        },
        {
            "PutRequest": {
                "Item": {
                    "id": {
                        "S": "145008"
                    },
                    "title": {
                        "S": "Night of the Sorcerers (1974)"
                    },
                    "genres": {
                        "S": "Horror"
                    }
                }
            }
        },
        {
            "PutRequest": {
                "Item": {
                    "id": {
                        "S": "145010"
                    },
                    "title": {
                        "S": "Night of the Seagulls (1975)"
                    },
                    "genres": {
                        "S": "Horror"
                    }
                }
            }
        },
        {
            "PutRequest": {
                "Item": {
                    "id": {
                        "S": "145012"
                    },
                    "title": {
                        "S": "The Sea Serpent (1984)"
                    },
                    "genres": {
                        "S": "Horror|Sci-Fi"
                    }
                }
            }
        }
    ]
}