{
    "movies": [
        {
            "PutRequest": {
                "Item": {
                    "id": {
                        "S": "129233"
                    },
                    "title": {
                        "S": "Believe Me (2014)"
                    },
                    "genres": {
                        "S": "Comedy|Drama"
                    }
                }
            }
        },
        {
            "PutRequest": {
                "Item": {
                    "id": {
                        "S": "129235"
                    },
                    "title": {
                        "S": "Les Invisibles (2012)"
                    },
                    "genres": {
                        "S": "Documentary"
                    }
                }
            }
        },
        {
            "PutRequest": {
                "Item": {
                    "id": {
                        "S": "129237"
                    },
                    "title": {
                        "S": "J.D.'s Revenge (1976)"
                    },
                    "genres": {
                        "S": "Action|Thriller"
                    }
                }
            }
        },
        {
            "PutRequest": {
                "Item": {
                    "id": {
                        "S": "129239"
                    },
                    "title": {
                        "S": "The Monkey Hustle (1976)"
                    },
                    "genres": {
                        "S": "Action"
                    }
                }
            }
        },
        {
            "PutRequest": {
                "Item": {
                    "id": {
                        "S": "129241"
                    },
                    "title": {
                        "S": "Tis kakomoiras (1963)"
                    },
                    "genres": {
                        "S": "Comedy"
                    }
                }
            }
        },
        {
            "PutRequest": {
                "Item": {
                    "id": {
                        "S": "129243"
                    },
                    "title": {
                        "S": "Afstiros katallilo (2008)"
                    },
                    "genres": {
                        "S": "Comedy"
                    }
                }
            }
        },
        {
            "PutRequest": {
                "Item": {
                    "id": {
                        "S": "129245"
                    },
                    "title": {
                        "S": "Loaf and Camouflage (1984)"
                    },
                    "genres": {
                        "S": "Comedy"
                    }
                }
            }
        },
        {
            "PutRequest": {
                "Item": {
                    "id": {
                        "S": "129248"
                    },
                    "title": {
                        "S": "Exhibition (2013)"
                    },
                    "genres": {
                        "S": "Drama"
                    }
                }
            }
        },
        {
            "PutRequest": {
                "Item": {
                    "id": {
                        "S": "129250"
                    },
                    "title": {
                        "S": "Superfast! (2015)"
                    },
                    "genres": {
                        "S": "(no genres listed)"
                    }
                }
            }
        },
        {
            "PutRequest": {
                "Item": {
                    "id": {
                        "S": "129252"
                    },
                    "title": {
                        "S": "Les Mots bleus (2005)"
                    },
                    "genres": {
                        "S": "Drama|Romance"
                    }
                }
            }
        },
        {
            "PutRequest": {
                "Item": {
                    "id": {
                        "S": "129256"
                    },
                    "title": {
                        "S": "Le cousin (1998)"
                    },
                    "genres": {
                        "S": "Crime"
                    }
                }
            }
        },
        {
            "PutRequest": {
                "Item": {
                    "id": {
                        "S": "129262"
                    },
                    "title": {
                        "S": "Lest We Forget (1991)"
                    },
                    "genres": {
                        "S": "Documentary|Drama"
                    }
                }
            }
        },
        {
            "PutRequest": {
                "Item": {
                    "id": {
                        "S": "129264"
                    },
                    "title": {
                        "S": "Nocturne Indien (1989)"
                    },
                    "genres": {
                        "S": "Drama"
                    }
                }
            }
        },
        {
            "PutRequest": {
                "Item": {
                    "id": {
                        "S": "129266"
                    },
                    "title": {
                        "S": "Le M\u00f4me (1986)"
                    },
                    "genres": {
                        "S": "Crime|Drama|Thriller"
                    }
                }
            }
        },
        {
            "PutRequest": {
                "Item": {
                    "id": {
                        "S": "129268"
                    },
                    "title": {
                        "S": "Fort Saganne (1984)"
                    },
                    "genres": {
                        "S": "Drama|War"
                    }
                }
            }
        },
        {
            "PutRequest": {
                "Item": {
                    "id": {
                        "S": "129270"
                    },
                    "title": {
                        "S": "Choice of Arms (1981)"
                    },
                    "genres": {
                        "S": "Crime|Drama"
                    }
                }
            }
        },
        {
            "PutRequest": {
                "Item": {
                    "id": {
                        "S": "129272"
                    },
                    "title": {
                        "S": "The Threat (1977)"
                    },
                    "genres": {
                        "S": "Action|Crime|Thriller"
                    }
                }
            }
        },
        {
            "PutRequest": {
                "Item": {
                    "id": {
                        "S": "129274"
                    },
                    "title": {
                        "S": "Police Python 357 (1976)"
                    },
                    "genres": {
                        "S": "Thriller"
                    }
                }
            }
        },
        {
            "PutRequest": {
                "Item": {
                    "id": {
                        "S": "129276"
                    },
                    "title": {
                        "S": "France Inc. (1974)"
                    },
                    "genres": {
                        "S": "Crime|Drama|Sci-Fi|Thriller"
                    }
                }
            }
        },
        {
            "PutRequest": {
                "Item": {
                    "id": {
                        "S": "129285"
                    },
                    "title": {
                        "S": "Do-Deca-Pentathlon, The (2012)"
                    },
                    "genres": {
                        "S": "Comedy"
                    }
                }
            }
        },
        {
            "PutRequest": {
                "Item": {
                    "id": {
                        "S": "129289"
                    },
                    "title": {
                        "S": "Adios Carmen (2013)"
                    },
                    "genres": {
                        "S": "Drama"
                    }
                }
            }
        },
        {
            "PutRequest": {
                "Item": {
                    "id": {
                        "S": "129291"
                    },
                    "title": {
                        "S": "Zero (2012)"
                    },
                    "genres": {
                        "S": "Drama"
                    }
                }
            }
        },
        {
            "PutRequest": {
                "Item": {
                    "id": {
                        "S": "129293"
                    },
                    "title": {
                        "S": "Bandaged (2009)"
                    },
                    "genres": {
                        "S": "Thriller"
                    }
                }
            }
        },
        {
            "PutRequest": {
                "Item": {
                    "id": {
                        "S": "129295"
                    },
                    "title": {
                        "S": "A Gun for Jennifer (1997)"
                    },
                    "genres": {
                        "S": "Crime|Drama|Thriller"
                    }
                }
            }
        },
        {
            "PutRequest": {
                "Item": {
                    "id": {
                        "S": "129297"
                    },
                    "title": {
                        "S": "Vampire Killer Barbys (1996)"
                    },
                    "genres": {
                        "S": "Horror"
                    }
                }
            }
        }
    ]
}