{
    "movies": [
        {
            "PutRequest": {
                "Item": {
                    "id": {
                        "S": "122974"
                    },
                    "title": {
                        "S": "In the Blood (2006)"
                    },
                    "genres": {
                        "S": "Horror|Thriller"
                    }
                }
            }
        },
        {
            "PutRequest": {
                "Item": {
                    "id": {
                        "S": "122976"
                    },
                    "title": {
                        "S": "Pound of Flesh (2010)"
                    },
                    "genres": {
                        "S": "Comedy|Drama|Thriller"
                    }
                }
            }
        },
        {
            "PutRequest": {
                "Item": {
                    "id": {
                        "S": "122978"
                    },
                    "title": {
                        "S": "The Chicken Chronicles (1977)"
                    },
                    "genres": {
                        "S": "Comedy"
                    }
                }
            }
        },
        {
            "PutRequest": {
                "Item": {
                    "id": {
                        "S": "122980"
                    },
                    "title": {
                        "S": "Lizzie (1957)"
                    },
                    "genres": {
                        "S": "Drama"
                    }
                }
            }
        },
        {
            "PutRequest": {
                "Item": {
                    "id": {
                        "S": "122982"
                    },
                    "title": {
                        "S": "Magic Boy (1961)"
                    },
                    "genres": {
                        "S": "Adventure|Animation|Children"
                    }
                }
            }
        },
        {
            "PutRequest": {
                "Item": {
                    "id": {
                        "S": "122984"
                    },
                    "title": {
                        "S": "One More Train to Rob (1971)"
                    },
                    "genres": {
                        "S": "Western"
                    }
                }
            }
        },
        {
            "PutRequest": {
                "Item": {
                    "id": {
                        "S": "122986"
                    },
                    "title": {
                        "S": "Shadow Zone: The Undead Express (1996)"
                    },
                    "genres": {
                        "S": "Drama|Fantasy|Horror|Sci-Fi"
                    }
                }
            }
        },
        {
            "PutRequest": {
                "Item": {
                    "id": {
                        "S": "122988"
                    },
                    "title": {
                        "S": "Someone To Love (1988)"
                    },
                    "genres": {
                        "S": "(no genres listed)"
                    }
                }
            }
        },
        {
            "PutRequest": {
                "Item": {
                    "id": {
                        "S": "122990"
                    },
                    "title": {
                        "S": "I Found Stella Parish (1935)"
                    },
                    "genres": {
                        "S": "Drama|Romance"
                    }
                }
            }
        },
        {
            "PutRequest": {
                "Item": {
                    "id": {
                        "S": "122992"
                    },
                    "title": {
                        "S": "The Savage Seven (1968)"
                    },
                    "genres": {
                        "S": "Action|Crime"
                    }
                }
            }
        },
        {
            "PutRequest": {
                "Item": {
                    "id": {
                        "S": "122994"
                    },
                    "title": {
                        "S": "The Decks Ran Red (1958)"
                    },
                    "genres": {
                        "S": "Adventure|Drama"
                    }
                }
            }
        },
        {
            "PutRequest": {
                "Item": {
                    "id": {
                        "S": "122996"
                    },
                    "title": {
                        "S": "Man on Fire (1957)"
                    },
                    "genres": {
                        "S": "Drama"
                    }
                }
            }
        },
        {
            "PutRequest": {
                "Item": {
                    "id": {
                        "S": "122998"
                    },
                    "title": {
                        "S": "Life Begins (1932)"
                    },
                    "genres": {
                        "S": "Drama"
                    }
                }
            }
        },
        {
            "PutRequest": {
                "Item": {
                    "id": {
                        "S": "123000"
                    },
                    "title": {
                        "S": "The Last of Mrs. Cheyney (1929)"
                    },
                    "genres": {
                        "S": "Comedy|Drama"
                    }
                }
            }
        },
        {
            "PutRequest": {
                "Item": {
                    "id": {
                        "S": "123002"
                    },
                    "title": {
                        "S": "One More Time (1970)"
                    },
                    "genres": {
                        "S": "Action|Comedy"
                    }
                }
            }
        },
        {
            "PutRequest": {
                "Item": {
                    "id": {
                        "S": "123004"
                    },
                    "title": {
                        "S": "I Don't Buy Kisses Anymore (1992)"
                    },
                    "genres": {
                        "S": "Comedy|Romance"
                    }
                }
            }
        },
        {
            "PutRequest": {
                "Item": {
                    "id": {
                        "S": "123006"
                    },
                    "title": {
                        "S": "Night Unto Night (1949)"
                    },
                    "genres": {
                        "S": "Drama|Romance"
                    }
                }
            }
        },
        {
            "PutRequest": {
                "Item": {
                    "id": {
                        "S": "123008"
                    },
                    "title": {
                        "S": "Heidi (1952)"
                    },
                    "genres": {
                        "S": "Children|Drama"
                    }
                }
            }
        },
        {
            "PutRequest": {
                "Item": {
                    "id": {
                        "S": "123010"
                    },
                    "title": {
                        "S": "Hammersmith Is Out (1972)"
                    },
                    "genres": {
                        "S": "(no genres listed)"
                    }
                }
            }
        },
        {
            "PutRequest": {
                "Item": {
                    "id": {
                        "S": "123012"
                    },
                    "title": {
                        "S": "The Daughter of Rosie O'Grady (1950)"
                    },
                    "genres": {
                        "S": "Comedy"
                    }
                }
            }
        },
        {
            "PutRequest": {
                "Item": {
                    "id": {
                        "S": "123014"
                    },
                    "title": {
                        "S": "Sidewalks of New York (1931)"
                    },
                    "genres": {
                        "S": "Comedy|Crime"
                    }
                }
            }
        },
        {
            "PutRequest": {
                "Item": {
                    "id": {
                        "S": "123016"
                    },
                    "title": {
                        "S": "Mary Stevens M.D. (1933)"
                    },
                    "genres": {
                        "S": "Drama"
                    }
                }
            }
        },
        {
            "PutRequest": {
                "Item": {
                    "id": {
                        "S": "123018"
                    },
                    "title": {
                        "S": "The Prize (2011)"
                    },
                    "genres": {
                        "S": "Drama"
                    }
                }
            }
        },
        {
            "PutRequest": {
                "Item": {
                    "id": {
                        "S": "123020"
                    },
                    "title": {
                        "S": "Secrets of an Actress (1938)"
                    },
                    "genres": {
                        "S": "Drama|Romance"
                    }
                }
            }
        },
        {
            "PutRequest": {
                "Item": {
                    "id": {
                        "S": "123024"
                    },
                    "title": {
                        "S": "Man Made Monster (1941)"
                    },
                    "genres": {
                        "S": "Drama|Horror|Sci-Fi|Thriller"
                    }
                }
            }
        }
    ]
}