{
    "movies": [
        {
            "PutRequest": {
                "Item": {
                    "id": {
                        "S": "146172"
                    },
                    "title": {
                        "S": "100 Days (1991)"
                    },
                    "genres": {
                        "S": "Horror|Romance|Thriller"
                    }
                }
            }
        },
        {
            "PutRequest": {
                "Item": {
                    "id": {
                        "S": "146174"
                    },
                    "title": {
                        "S": "Phool Aur Kaante (1991)"
                    },
                    "genres": {
                        "S": "(no genres listed)"
                    }
                }
            }
        },
        {
            "PutRequest": {
                "Item": {
                    "id": {
                        "S": "146176"
                    },
                    "title": {
                        "S": "Heart (1992)"
                    },
                    "genres": {
                        "S": "(no genres listed)"
                    }
                }
            }
        },
        {
            "PutRequest": {
                "Item": {
                    "id": {
                        "S": "146178"
                    },
                    "title": {
                        "S": "Jo Jeeta Wohi Sikandar (1992)"
                    },
                    "genres": {
                        "S": "Drama"
                    }
                }
            }
        },
        {
            "PutRequest": {
                "Item": {
                    "id": {
                        "S": "146180"
                    },
                    "title": {
                        "S": "Suryavanshi (1992)"
                    },
                    "genres": {
                        "S": "(no genres listed)"
                    }
                }
            }
        },
        {
            "PutRequest": {
                "Item": {
                    "id": {
                        "S": "146182"
                    },
                    "title": {
                        "S": "Chamatkar (1992)"
                    },
                    "genres": {
                        "S": "Comedy|Romance"
                    }
                }
            }
        },
        {
            "PutRequest": {
                "Item": {
                    "id": {
                        "S": "146184"
                    },
                    "title": {
                        "S": "Aankhen (1993)"
                    },
                    "genres": {
                        "S": "Comedy"
                    }
                }
            }
        },
        {
            "PutRequest": {
                "Item": {
                    "id": {
                        "S": "146186"
                    },
                    "title": {
                        "S": "Hum Hain Rahi Pyar Ke (1993)"
                    },
                    "genres": {
                        "S": "(no genres listed)"
                    }
                }
            }
        },
        {
            "PutRequest": {
                "Item": {
                    "id": {
                        "S": "146188"
                    },
                    "title": {
                        "S": "King Uncle (1993)"
                    },
                    "genres": {
                        "S": "(no genres listed)"
                    }
                }
            }
        },
        {
            "PutRequest": {
                "Item": {
                    "id": {
                        "S": "146190"
                    },
                    "title": {
                        "S": "Khal Nayak (1993)"
                    },
                    "genres": {
                        "S": "Action"
                    }
                }
            }
        },
        {
            "PutRequest": {
                "Item": {
                    "id": {
                        "S": "146192"
                    },
                    "title": {
                        "S": "Waqt Hamara Hai (1993)"
                    },
                    "genres": {
                        "S": "(no genres listed)"
                    }
                }
            }
        },
        {
            "PutRequest": {
                "Item": {
                    "id": {
                        "S": "146194"
                    },
                    "title": {
                        "S": "The Lady in Question (1940)"
                    },
                    "genres": {
                        "S": "Action|Thriller"
                    }
                }
            }
        },
        {
            "PutRequest": {
                "Item": {
                    "id": {
                        "S": "146196"
                    },
                    "title": {
                        "S": "Meet the Patels (2014)"
                    },
                    "genres": {
                        "S": "Documentary"
                    }
                }
            }
        },
        {
            "PutRequest": {
                "Item": {
                    "id": {
                        "S": "146198"
                    },
                    "title": {
                        "S": "Noi e la Giulia (2015)"
                    },
                    "genres": {
                        "S": "Comedy"
                    }
                }
            }
        },
        {
            "PutRequest": {
                "Item": {
                    "id": {
                        "S": "146200"
                    },
                    "title": {
                        "S": "Natale in crociera (2007)"
                    },
                    "genres": {
                        "S": "(no genres listed)"
                    }
                }
            }
        },
        {
            "PutRequest": {
                "Item": {
                    "id": {
                        "S": "146202"
                    },
                    "title": {
                        "S": "Inside of the White Slave Traffic, The (1913)"
                    },
                    "genres": {
                        "S": "Drama"
                    }
                }
            }
        },
        {
            "PutRequest": {
                "Item": {
                    "id": {
                        "S": "146204"
                    },
                    "title": {
                        "S": "A Brief Season (1969)"
                    },
                    "genres": {
                        "S": "(no genres listed)"
                    }
                }
            }
        },
        {
            "PutRequest": {
                "Item": {
                    "id": {
                        "S": "146206"
                    },
                    "title": {
                        "S": "Three Men in a Boat (1975)"
                    },
                    "genres": {
                        "S": "Comedy|Drama"
                    }
                }
            }
        },
        {
            "PutRequest": {
                "Item": {
                    "id": {
                        "S": "146208"
                    },
                    "title": {
                        "S": "The Ghost of Flight 401 (1978)"
                    },
                    "genres": {
                        "S": "Drama|Mystery|Thriller"
                    }
                }
            }
        },
        {
            "PutRequest": {
                "Item": {
                    "id": {
                        "S": "146210"
                    },
                    "title": {
                        "S": "Blue Mountain State: The Rise of Thadland (2015)"
                    },
                    "genres": {
                        "S": "Comedy"
                    }
                }
            }
        },
        {
            "PutRequest": {
                "Item": {
                    "id": {
                        "S": "146212"
                    },
                    "title": {
                        "S": "Bare (2015)"
                    },
                    "genres": {
                        "S": "Drama"
                    }
                }
            }
        },
        {
            "PutRequest": {
                "Item": {
                    "id": {
                        "S": "146214"
                    },
                    "title": {
                        "S": "Septic Man (2013)"
                    },
                    "genres": {
                        "S": "Horror"
                    }
                }
            }
        },
        {
            "PutRequest": {
                "Item": {
                    "id": {
                        "S": "146216"
                    },
                    "title": {
                        "S": "Suhaag (1994)"
                    },
                    "genres": {
                        "S": "(no genres listed)"
                    }
                }
            }
        },
        {
            "PutRequest": {
                "Item": {
                    "id": {
                        "S": "146218"
                    },
                    "title": {
                        "S": "Krantiveer (1994)"
                    },
                    "genres": {
                        "S": "(no genres listed)"
                    }
                }
            }
        },
        {
            "PutRequest": {
                "Item": {
                    "id": {
                        "S": "146220"
                    },
                    "title": {
                        "S": "Gopi Kishan (1994)"
                    },
                    "genres": {
                        "S": "(no genres listed)"
                    }
                }
            }
        }
    ]
}