{
    "movies": [
        {
            "PutRequest": {
                "Item": {
                    "id": {
                        "S": "148214"
                    },
                    "title": {
                        "S": "Extralarge: Miami Killer (1992)"
                    },
                    "genres": {
                        "S": "(no genres listed)"
                    }
                }
            }
        },
        {
            "PutRequest": {
                "Item": {
                    "id": {
                        "S": "148216"
                    },
                    "title": {
                        "S": "Extralarge: Black and White (1991)"
                    },
                    "genres": {
                        "S": "(no genres listed)"
                    }
                }
            }
        },
        {
            "PutRequest": {
                "Item": {
                    "id": {
                        "S": "148222"
                    },
                    "title": {
                        "S": "Jonathan of the Bears (1994)"
                    },
                    "genres": {
                        "S": "(no genres listed)"
                    }
                }
            }
        },
        {
            "PutRequest": {
                "Item": {
                    "id": {
                        "S": "148224"
                    },
                    "title": {
                        "S": "Johnny Hamlet (1968)"
                    },
                    "genres": {
                        "S": "Western"
                    }
                }
            }
        },
        {
            "PutRequest": {
                "Item": {
                    "id": {
                        "S": "148226"
                    },
                    "title": {
                        "S": "One Dollar Too Many (1968)"
                    },
                    "genres": {
                        "S": "(no genres listed)"
                    }
                }
            }
        },
        {
            "PutRequest": {
                "Item": {
                    "id": {
                        "S": "148228"
                    },
                    "title": {
                        "S": "Any Gun Can Play (1967)"
                    },
                    "genres": {
                        "S": "Action|Adventure|Western"
                    }
                }
            }
        },
        {
            "PutRequest": {
                "Item": {
                    "id": {
                        "S": "148232"
                    },
                    "title": {
                        "S": "Payment in Blood (1967)"
                    },
                    "genres": {
                        "S": "Western"
                    }
                }
            }
        },
        {
            "PutRequest": {
                "Item": {
                    "id": {
                        "S": "148236"
                    },
                    "title": {
                        "S": "Extralarge: Black Magic (1992)"
                    },
                    "genres": {
                        "S": "Action|Fantasy|Mystery"
                    }
                }
            }
        },
        {
            "PutRequest": {
                "Item": {
                    "id": {
                        "S": "148238"
                    },
                    "title": {
                        "S": "A Very Murray Christmas (2015)"
                    },
                    "genres": {
                        "S": "Comedy"
                    }
                }
            }
        },
        {
            "PutRequest": {
                "Item": {
                    "id": {
                        "S": "148240"
                    },
                    "title": {
                        "S": "Elf: Buddy's Musical Christmas (2014)"
                    },
                    "genres": {
                        "S": "Animation|Children|Fantasy"
                    }
                }
            }
        },
        {
            "PutRequest": {
                "Item": {
                    "id": {
                        "S": "148242"
                    },
                    "title": {
                        "S": "Wakko's Wish (1999)"
                    },
                    "genres": {
                        "S": "Animation|Comedy"
                    }
                }
            }
        },
        {
            "PutRequest": {
                "Item": {
                    "id": {
                        "S": "148244"
                    },
                    "title": {
                        "S": "600 Miles (2015)"
                    },
                    "genres": {
                        "S": "Drama|Thriller"
                    }
                }
            }
        },
        {
            "PutRequest": {
                "Item": {
                    "id": {
                        "S": "148246"
                    },
                    "title": {
                        "S": "The Hot Potato (2011)"
                    },
                    "genres": {
                        "S": "(no genres listed)"
                    }
                }
            }
        },
        {
            "PutRequest": {
                "Item": {
                    "id": {
                        "S": "148248"
                    },
                    "title": {
                        "S": "L'Affaire SK1 (2015)"
                    },
                    "genres": {
                        "S": "Crime|Drama|Thriller"
                    }
                }
            }
        },
        {
            "PutRequest": {
                "Item": {
                    "id": {
                        "S": "148250"
                    },
                    "title": {
                        "S": "L'Art de la fugue (2015)"
                    },
                    "genres": {
                        "S": "Comedy"
                    }
                }
            }
        },
        {
            "PutRequest": {
                "Item": {
                    "id": {
                        "S": "148252"
                    },
                    "title": {
                        "S": "Angel, Angel, Down We Go (1969)"
                    },
                    "genres": {
                        "S": "Crime|Drama"
                    }
                }
            }
        },
        {
            "PutRequest": {
                "Item": {
                    "id": {
                        "S": "148254"
                    },
                    "title": {
                        "S": "A Dark Place Inside"
                    },
                    "genres": {
                        "S": "(no genres listed)"
                    }
                }
            }
        },
        {
            "PutRequest": {
                "Item": {
                    "id": {
                        "S": "148256"
                    },
                    "title": {
                        "S": "In The House of Flies (2014)"
                    },
                    "genres": {
                        "S": "Thriller"
                    }
                }
            }
        },
        {
            "PutRequest": {
                "Item": {
                    "id": {
                        "S": "148260"
                    },
                    "title": {
                        "S": "Lucky (2012)"
                    },
                    "genres": {
                        "S": "(no genres listed)"
                    }
                }
            }
        },
        {
            "PutRequest": {
                "Item": {
                    "id": {
                        "S": "148262"
                    },
                    "title": {
                        "S": "Monkey Boy (2009)"
                    },
                    "genres": {
                        "S": "Horror"
                    }
                }
            }
        },
        {
            "PutRequest": {
                "Item": {
                    "id": {
                        "S": "148264"
                    },
                    "title": {
                        "S": "Pastor Shepherd (2010)"
                    },
                    "genres": {
                        "S": "Comedy"
                    }
                }
            }
        },
        {
            "PutRequest": {
                "Item": {
                    "id": {
                        "S": "148266"
                    },
                    "title": {
                        "S": "Pleased to Meet Me (2013)"
                    },
                    "genres": {
                        "S": "Drama"
                    }
                }
            }
        },
        {
            "PutRequest": {
                "Item": {
                    "id": {
                        "S": "148268"
                    },
                    "title": {
                        "S": "Les Souvenirs (2015)"
                    },
                    "genres": {
                        "S": "Comedy"
                    }
                }
            }
        },
        {
            "PutRequest": {
                "Item": {
                    "id": {
                        "S": "148270"
                    },
                    "title": {
                        "S": "Z Storm (2014)"
                    },
                    "genres": {
                        "S": "Crime|Thriller"
                    }
                }
            }
        },
        {
            "PutRequest": {
                "Item": {
                    "id": {
                        "S": "148272"
                    },
                    "title": {
                        "S": "Executive Koala (2005)"
                    },
                    "genres": {
                        "S": "Comedy|Crime|Drama|Thriller"
                    }
                }
            }
        }
    ]
}