{
    "movies": [
        {
            "PutRequest": {
                "Item": {
                    "id": {
                        "S": "125061"
                    },
                    "title": {
                        "S": "The Big Store (1973)"
                    },
                    "genres": {
                        "S": "Comedy"
                    }
                }
            }
        },
        {
            "PutRequest": {
                "Item": {
                    "id": {
                        "S": "125063"
                    },
                    "title": {
                        "S": "Neuf mois (1994)"
                    },
                    "genres": {
                        "S": "Comedy"
                    }
                }
            }
        },
        {
            "PutRequest": {
                "Item": {
                    "id": {
                        "S": "125065"
                    },
                    "title": {
                        "S": "The Fuller Brush Girl (1950)"
                    },
                    "genres": {
                        "S": "Comedy"
                    }
                }
            }
        },
        {
            "PutRequest": {
                "Item": {
                    "id": {
                        "S": "125067"
                    },
                    "title": {
                        "S": "Waltz of the Toreadors (1962)"
                    },
                    "genres": {
                        "S": "Comedy"
                    }
                }
            }
        },
        {
            "PutRequest": {
                "Item": {
                    "id": {
                        "S": "125069"
                    },
                    "title": {
                        "S": "Miss Grant Takes Richmond (1949)"
                    },
                    "genres": {
                        "S": "Comedy"
                    }
                }
            }
        },
        {
            "PutRequest": {
                "Item": {
                    "id": {
                        "S": "125071"
                    },
                    "title": {
                        "S": "Last Man Standing (2011)"
                    },
                    "genres": {
                        "S": "Action|Drama|Thriller"
                    }
                }
            }
        },
        {
            "PutRequest": {
                "Item": {
                    "id": {
                        "S": "125073"
                    },
                    "title": {
                        "S": "White Cargo (1942)"
                    },
                    "genres": {
                        "S": "Adventure|Drama"
                    }
                }
            }
        },
        {
            "PutRequest": {
                "Item": {
                    "id": {
                        "S": "125077"
                    },
                    "title": {
                        "S": "Eddie Izzard: Force Majeure Live (2013)"
                    },
                    "genres": {
                        "S": "Comedy"
                    }
                }
            }
        },
        {
            "PutRequest": {
                "Item": {
                    "id": {
                        "S": "125079"
                    },
                    "title": {
                        "S": "Sittin' on a Backyard Fence (1933)"
                    },
                    "genres": {
                        "S": "(no genres listed)"
                    }
                }
            }
        },
        {
            "PutRequest": {
                "Item": {
                    "id": {
                        "S": "125081"
                    },
                    "title": {
                        "S": "Mars (1968)"
                    },
                    "genres": {
                        "S": "Documentary|Sci-Fi"
                    }
                }
            }
        },
        {
            "PutRequest": {
                "Item": {
                    "id": {
                        "S": "125083"
                    },
                    "title": {
                        "S": "Ride Clear of Diablo (1954)"
                    },
                    "genres": {
                        "S": "Western"
                    }
                }
            }
        },
        {
            "PutRequest": {
                "Item": {
                    "id": {
                        "S": "125085"
                    },
                    "title": {
                        "S": "Killer Holiday (2013)"
                    },
                    "genres": {
                        "S": "Horror|Thriller"
                    }
                }
            }
        },
        {
            "PutRequest": {
                "Item": {
                    "id": {
                        "S": "125087"
                    },
                    "title": {
                        "S": "Snow White (2005)"
                    },
                    "genres": {
                        "S": "Drama"
                    }
                }
            }
        },
        {
            "PutRequest": {
                "Item": {
                    "id": {
                        "S": "125089"
                    },
                    "title": {
                        "S": "The Rising of the Moon (1957)"
                    },
                    "genres": {
                        "S": "Comedy|Drama"
                    }
                }
            }
        },
        {
            "PutRequest": {
                "Item": {
                    "id": {
                        "S": "125091"
                    },
                    "title": {
                        "S": "The Feminine Touch (1941)"
                    },
                    "genres": {
                        "S": "(no genres listed)"
                    }
                }
            }
        },
        {
            "PutRequest": {
                "Item": {
                    "id": {
                        "S": "125093"
                    },
                    "title": {
                        "S": "Playing House (2010)"
                    },
                    "genres": {
                        "S": "Thriller"
                    }
                }
            }
        },
        {
            "PutRequest": {
                "Item": {
                    "id": {
                        "S": "125095"
                    },
                    "title": {
                        "S": "Topaze (1933)"
                    },
                    "genres": {
                        "S": "Comedy|Drama"
                    }
                }
            }
        },
        {
            "PutRequest": {
                "Item": {
                    "id": {
                        "S": "125097"
                    },
                    "title": {
                        "S": "Kiss Toledo Goodbye (2000)"
                    },
                    "genres": {
                        "S": "Action|Comedy|Thriller"
                    }
                }
            }
        },
        {
            "PutRequest": {
                "Item": {
                    "id": {
                        "S": "125099"
                    },
                    "title": {
                        "S": "Susan Slade (1961)"
                    },
                    "genres": {
                        "S": "Drama|Romance"
                    }
                }
            }
        },
        {
            "PutRequest": {
                "Item": {
                    "id": {
                        "S": "125101"
                    },
                    "title": {
                        "S": "The Big Heat (1988)"
                    },
                    "genres": {
                        "S": "Action|Crime|Thriller"
                    }
                }
            }
        },
        {
            "PutRequest": {
                "Item": {
                    "id": {
                        "S": "125103"
                    },
                    "title": {
                        "S": "Homecoming (1948)"
                    },
                    "genres": {
                        "S": "Drama|Romance|War"
                    }
                }
            }
        },
        {
            "PutRequest": {
                "Item": {
                    "id": {
                        "S": "125105"
                    },
                    "title": {
                        "S": "Scene of the Crime (1986)"
                    },
                    "genres": {
                        "S": "Drama"
                    }
                }
            }
        },
        {
            "PutRequest": {
                "Item": {
                    "id": {
                        "S": "125107"
                    },
                    "title": {
                        "S": "The Hessen Affair (2009)"
                    },
                    "genres": {
                        "S": "Action|Drama|Thriller"
                    }
                }
            }
        },
        {
            "PutRequest": {
                "Item": {
                    "id": {
                        "S": "125109"
                    },
                    "title": {
                        "S": "Torrent (1926)"
                    },
                    "genres": {
                        "S": "Drama|Romance"
                    }
                }
            }
        },
        {
            "PutRequest": {
                "Item": {
                    "id": {
                        "S": "125111"
                    },
                    "title": {
                        "S": "The Three Stooges Go Around the World in a Daze (1963)"
                    },
                    "genres": {
                        "S": "Comedy"
                    }
                }
            }
        }
    ]
}