{
    "movies": [
        {
            "PutRequest": {
                "Item": {
                    "id": {
                        "S": "147881"
                    },
                    "title": {
                        "S": "Corridor of Mirrors (1948)"
                    },
                    "genres": {
                        "S": "Drama|Fantasy|Mystery|Romance|Thriller"
                    }
                }
            }
        },
        {
            "PutRequest": {
                "Item": {
                    "id": {
                        "S": "147883"
                    },
                    "title": {
                        "S": "Woman Hater (1949)"
                    },
                    "genres": {
                        "S": "(no genres listed)"
                    }
                }
            }
        },
        {
            "PutRequest": {
                "Item": {
                    "id": {
                        "S": "147887"
                    },
                    "title": {
                        "S": "Inchon (1981)"
                    },
                    "genres": {
                        "S": "Drama|War"
                    }
                }
            }
        },
        {
            "PutRequest": {
                "Item": {
                    "id": {
                        "S": "147889"
                    },
                    "title": {
                        "S": "The Jigsaw Man (1984)"
                    },
                    "genres": {
                        "S": "Thriller"
                    }
                }
            }
        },
        {
            "PutRequest": {
                "Item": {
                    "id": {
                        "S": "147891"
                    },
                    "title": {
                        "S": "Goin' Coconuts (1978)"
                    },
                    "genres": {
                        "S": "Adventure|Comedy"
                    }
                }
            }
        },
        {
            "PutRequest": {
                "Item": {
                    "id": {
                        "S": "147893"
                    },
                    "title": {
                        "S": "The Great Brain (1978)"
                    },
                    "genres": {
                        "S": "(no genres listed)"
                    }
                }
            }
        },
        {
            "PutRequest": {
                "Item": {
                    "id": {
                        "S": "147895"
                    },
                    "title": {
                        "S": "Recep \u0130vedik (2008)"
                    },
                    "genres": {
                        "S": "(no genres listed)"
                    }
                }
            }
        },
        {
            "PutRequest": {
                "Item": {
                    "id": {
                        "S": "147897"
                    },
                    "title": {
                        "S": "Recep \u0130vedik 2 (2009)"
                    },
                    "genres": {
                        "S": "Action|Sci-Fi|Thriller"
                    }
                }
            }
        },
        {
            "PutRequest": {
                "Item": {
                    "id": {
                        "S": "147899"
                    },
                    "title": {
                        "S": "Recep \u0130vedik 3 (2010)"
                    },
                    "genres": {
                        "S": "(no genres listed)"
                    }
                }
            }
        },
        {
            "PutRequest": {
                "Item": {
                    "id": {
                        "S": "147901"
                    },
                    "title": {
                        "S": "Recep \u0130vedik 4 (2014)"
                    },
                    "genres": {
                        "S": "Comedy"
                    }
                }
            }
        },
        {
            "PutRequest": {
                "Item": {
                    "id": {
                        "S": "147903"
                    },
                    "title": {
                        "S": "Tangerine (2008)"
                    },
                    "genres": {
                        "S": "Drama"
                    }
                }
            }
        },
        {
            "PutRequest": {
                "Item": {
                    "id": {
                        "S": "147905"
                    },
                    "title": {
                        "S": "The Kidnapping of Michel Houellebecq (2014)"
                    },
                    "genres": {
                        "S": "Comedy|Drama"
                    }
                }
            }
        },
        {
            "PutRequest": {
                "Item": {
                    "id": {
                        "S": "147907"
                    },
                    "title": {
                        "S": "Midnight Manhunt (1945)"
                    },
                    "genres": {
                        "S": "Mystery|Thriller"
                    }
                }
            }
        },
        {
            "PutRequest": {
                "Item": {
                    "id": {
                        "S": "147909"
                    },
                    "title": {
                        "S": "Antigang (2015)"
                    },
                    "genres": {
                        "S": "Action"
                    }
                }
            }
        },
        {
            "PutRequest": {
                "Item": {
                    "id": {
                        "S": "147911"
                    },
                    "title": {
                        "S": "The Smile Man (2013)"
                    },
                    "genres": {
                        "S": "Comedy|Drama"
                    }
                }
            }
        },
        {
            "PutRequest": {
                "Item": {
                    "id": {
                        "S": "147913"
                    },
                    "title": {
                        "S": "Glassland (2015)"
                    },
                    "genres": {
                        "S": "Drama"
                    }
                }
            }
        },
        {
            "PutRequest": {
                "Item": {
                    "id": {
                        "S": "147915"
                    },
                    "title": {
                        "S": "The Ventriloquist (2012)"
                    },
                    "genres": {
                        "S": "(no genres listed)"
                    }
                }
            }
        },
        {
            "PutRequest": {
                "Item": {
                    "id": {
                        "S": "147917"
                    },
                    "title": {
                        "S": "Envelope (2012)"
                    },
                    "genres": {
                        "S": "(no genres listed)"
                    }
                }
            }
        },
        {
            "PutRequest": {
                "Item": {
                    "id": {
                        "S": "147919"
                    },
                    "title": {
                        "S": "Pound (1970)"
                    },
                    "genres": {
                        "S": "Comedy"
                    }
                }
            }
        },
        {
            "PutRequest": {
                "Item": {
                    "id": {
                        "S": "147921"
                    },
                    "title": {
                        "S": "Submerged (2015)"
                    },
                    "genres": {
                        "S": "Drama|Thriller"
                    }
                }
            }
        },
        {
            "PutRequest": {
                "Item": {
                    "id": {
                        "S": "147923"
                    },
                    "title": {
                        "S": "Family Guy Presents: Seth and Alex's almost live comedy show (2009)"
                    },
                    "genres": {
                        "S": "Animation|Comedy"
                    }
                }
            }
        },
        {
            "PutRequest": {
                "Item": {
                    "id": {
                        "S": "147925"
                    },
                    "title": {
                        "S": "Illusions (1992)"
                    },
                    "genres": {
                        "S": "Drama|Thriller"
                    }
                }
            }
        },
        {
            "PutRequest": {
                "Item": {
                    "id": {
                        "S": "147927"
                    },
                    "title": {
                        "S": "Heart of a Dog (2015)"
                    },
                    "genres": {
                        "S": "Documentary"
                    }
                }
            }
        },
        {
            "PutRequest": {
                "Item": {
                    "id": {
                        "S": "147929"
                    },
                    "title": {
                        "S": "Lover Boy (1975)"
                    },
                    "genres": {
                        "S": "Comedy"
                    }
                }
            }
        },
        {
            "PutRequest": {
                "Item": {
                    "id": {
                        "S": "147932"
                    },
                    "title": {
                        "S": "Bedfellows (2008)"
                    },
                    "genres": {
                        "S": "Horror"
                    }
                }
            }
        }
    ]
}