{
    "movies": [
        {
            "PutRequest": {
                "Item": {
                    "id": {
                        "S": "145580"
                    },
                    "title": {
                        "S": "The Demonic Womanizer Costante Nicosia, or: Dracula in Brianza (1975)"
                    },
                    "genres": {
                        "S": "Comedy"
                    }
                }
            }
        },
        {
            "PutRequest": {
                "Item": {
                    "id": {
                        "S": "145582"
                    },
                    "title": {
                        "S": "My Sister in Law (1976)"
                    },
                    "genres": {
                        "S": "Comedy"
                    }
                }
            }
        },
        {
            "PutRequest": {
                "Item": {
                    "id": {
                        "S": "145584"
                    },
                    "title": {
                        "S": "The Psychic (1977)"
                    },
                    "genres": {
                        "S": "Horror|Thriller"
                    }
                }
            }
        },
        {
            "PutRequest": {
                "Item": {
                    "id": {
                        "S": "145586"
                    },
                    "title": {
                        "S": "They Died with Their Boots On (1978)"
                    },
                    "genres": {
                        "S": "Action|Western"
                    }
                }
            }
        },
        {
            "PutRequest": {
                "Item": {
                    "id": {
                        "S": "145590"
                    },
                    "title": {
                        "S": "Demonia (1990)"
                    },
                    "genres": {
                        "S": "Horror"
                    }
                }
            }
        },
        {
            "PutRequest": {
                "Item": {
                    "id": {
                        "S": "145592"
                    },
                    "title": {
                        "S": "Voices from Beyond (1991)"
                    },
                    "genres": {
                        "S": "Drama|Horror|Mystery"
                    }
                }
            }
        },
        {
            "PutRequest": {
                "Item": {
                    "id": {
                        "S": "145596"
                    },
                    "title": {
                        "S": "Kabukicho Love Hotel (2015)"
                    },
                    "genres": {
                        "S": "Comedy|Drama"
                    }
                }
            }
        },
        {
            "PutRequest": {
                "Item": {
                    "id": {
                        "S": "145598"
                    },
                    "title": {
                        "S": "My Man (2014)"
                    },
                    "genres": {
                        "S": "Crime|Drama|Romance"
                    }
                }
            }
        },
        {
            "PutRequest": {
                "Item": {
                    "id": {
                        "S": "145600"
                    },
                    "title": {
                        "S": "Night Slaves (1970)"
                    },
                    "genres": {
                        "S": "Horror|Sci-Fi"
                    }
                }
            }
        },
        {
            "PutRequest": {
                "Item": {
                    "id": {
                        "S": "145602"
                    },
                    "title": {
                        "S": "La buca (2014)"
                    },
                    "genres": {
                        "S": "Comedy"
                    }
                }
            }
        },
        {
            "PutRequest": {
                "Item": {
                    "id": {
                        "S": "145604"
                    },
                    "title": {
                        "S": "Soldier of God (2005)"
                    },
                    "genres": {
                        "S": "Drama"
                    }
                }
            }
        },
        {
            "PutRequest": {
                "Item": {
                    "id": {
                        "S": "145606"
                    },
                    "title": {
                        "S": "Lovemilla (2015)"
                    },
                    "genres": {
                        "S": "Comedy|Romance|Sci-Fi"
                    }
                }
            }
        },
        {
            "PutRequest": {
                "Item": {
                    "id": {
                        "S": "145610"
                    },
                    "title": {
                        "S": "Teodora, Slave Empress (1954)"
                    },
                    "genres": {
                        "S": "Adventure|Drama|Romance"
                    }
                }
            }
        },
        {
            "PutRequest": {
                "Item": {
                    "id": {
                        "S": "145612"
                    },
                    "title": {
                        "S": "Castle of the Banned Lovers (1956)"
                    },
                    "genres": {
                        "S": "(no genres listed)"
                    }
                }
            }
        },
        {
            "PutRequest": {
                "Item": {
                    "id": {
                        "S": "145614"
                    },
                    "title": {
                        "S": "Agi Murad il diavolo bianco (1959)"
                    },
                    "genres": {
                        "S": "Action|Adventure"
                    }
                }
            }
        },
        {
            "PutRequest": {
                "Item": {
                    "id": {
                        "S": "145616"
                    },
                    "title": {
                        "S": "The Giants of Thessaly (1960)"
                    },
                    "genres": {
                        "S": "Adventure"
                    }
                }
            }
        },
        {
            "PutRequest": {
                "Item": {
                    "id": {
                        "S": "145620"
                    },
                    "title": {
                        "S": "Samson and the Seven Miracles of the World (1961)"
                    },
                    "genres": {
                        "S": "(no genres listed)"
                    }
                }
            }
        },
        {
            "PutRequest": {
                "Item": {
                    "id": {
                        "S": "145624"
                    },
                    "title": {
                        "S": "The Witch's Curse (1962)"
                    },
                    "genres": {
                        "S": "Adventure|Fantasy"
                    }
                }
            }
        },
        {
            "PutRequest": {
                "Item": {
                    "id": {
                        "S": "145626"
                    },
                    "title": {
                        "S": "Gold for the Caesars (1963)"
                    },
                    "genres": {
                        "S": "Action|Adventure"
                    }
                }
            }
        },
        {
            "PutRequest": {
                "Item": {
                    "id": {
                        "S": "145636"
                    },
                    "title": {
                        "S": "Double Face (1969)"
                    },
                    "genres": {
                        "S": "Crime"
                    }
                }
            }
        },
        {
            "PutRequest": {
                "Item": {
                    "id": {
                        "S": "145638"
                    },
                    "title": {
                        "S": "Les Mis\u00e9rables (1948)"
                    },
                    "genres": {
                        "S": "(no genres listed)"
                    }
                }
            }
        },
        {
            "PutRequest": {
                "Item": {
                    "id": {
                        "S": "145640"
                    },
                    "title": {
                        "S": "Aquila Nera (1946)"
                    },
                    "genres": {
                        "S": "(no genres listed)"
                    }
                }
            }
        },
        {
            "PutRequest": {
                "Item": {
                    "id": {
                        "S": "145648"
                    },
                    "title": {
                        "S": "Il cavaliere misterioso (1948)"
                    },
                    "genres": {
                        "S": "(no genres listed)"
                    }
                }
            }
        },
        {
            "PutRequest": {
                "Item": {
                    "id": {
                        "S": "145650"
                    },
                    "title": {
                        "S": "Roger la Honte"
                    },
                    "genres": {
                        "S": "(no genres listed)"
                    }
                }
            }
        },
        {
            "PutRequest": {
                "Item": {
                    "id": {
                        "S": "145656"
                    },
                    "title": {
                        "S": "Ring of Darkness (1979)"
                    },
                    "genres": {
                        "S": "Horror"
                    }
                }
            }
        }
    ]
}