{
    "movies": [
        {
            "PutRequest": {
                "Item": {
                    "id": {
                        "S": "124228"
                    },
                    "title": {
                        "S": "Her Husband's Affairs (1947)"
                    },
                    "genres": {
                        "S": "Comedy|Sci-Fi"
                    }
                }
            }
        },
        {
            "PutRequest": {
                "Item": {
                    "id": {
                        "S": "124230"
                    },
                    "title": {
                        "S": "I Love Trouble (1948)"
                    },
                    "genres": {
                        "S": "Crime|Drama"
                    }
                }
            }
        },
        {
            "PutRequest": {
                "Item": {
                    "id": {
                        "S": "124232"
                    },
                    "title": {
                        "S": "The Fuller Brush Man (1948)"
                    },
                    "genres": {
                        "S": "Adventure|Comedy"
                    }
                }
            }
        },
        {
            "PutRequest": {
                "Item": {
                    "id": {
                        "S": "124235"
                    },
                    "title": {
                        "S": "Precious Find (1996)"
                    },
                    "genres": {
                        "S": "Action|Sci-Fi"
                    }
                }
            }
        },
        {
            "PutRequest": {
                "Item": {
                    "id": {
                        "S": "124237"
                    },
                    "title": {
                        "S": "Snide and Prejudice (1997)"
                    },
                    "genres": {
                        "S": "Drama"
                    }
                }
            }
        },
        {
            "PutRequest": {
                "Item": {
                    "id": {
                        "S": "124239"
                    },
                    "title": {
                        "S": "Pterodactyl Woman from Beverly Hills (1997)"
                    },
                    "genres": {
                        "S": "Comedy"
                    }
                }
            }
        },
        {
            "PutRequest": {
                "Item": {
                    "id": {
                        "S": "124243"
                    },
                    "title": {
                        "S": "Burning Down the House (2001)"
                    },
                    "genres": {
                        "S": "(no genres listed)"
                    }
                }
            }
        },
        {
            "PutRequest": {
                "Item": {
                    "id": {
                        "S": "124245"
                    },
                    "title": {
                        "S": "Pastor Hall (1940)"
                    },
                    "genres": {
                        "S": "Drama"
                    }
                }
            }
        },
        {
            "PutRequest": {
                "Item": {
                    "id": {
                        "S": "124247"
                    },
                    "title": {
                        "S": "Desert Victory (1943)"
                    },
                    "genres": {
                        "S": "Documentary"
                    }
                }
            }
        },
        {
            "PutRequest": {
                "Item": {
                    "id": {
                        "S": "124251"
                    },
                    "title": {
                        "S": "High Treason (1951)"
                    },
                    "genres": {
                        "S": "Action|Crime|Thriller"
                    }
                }
            }
        },
        {
            "PutRequest": {
                "Item": {
                    "id": {
                        "S": "124253"
                    },
                    "title": {
                        "S": "Sailor of the King (1953)"
                    },
                    "genres": {
                        "S": "Action|Drama"
                    }
                }
            }
        },
        {
            "PutRequest": {
                "Item": {
                    "id": {
                        "S": "124255"
                    },
                    "title": {
                        "S": "Josephine And Men (1955)"
                    },
                    "genres": {
                        "S": "(no genres listed)"
                    }
                }
            }
        },
        {
            "PutRequest": {
                "Item": {
                    "id": {
                        "S": "124257"
                    },
                    "title": {
                        "S": "Run for the Sun (1956)"
                    },
                    "genres": {
                        "S": "Action|Drama|Thriller"
                    }
                }
            }
        },
        {
            "PutRequest": {
                "Item": {
                    "id": {
                        "S": "124259"
                    },
                    "title": {
                        "S": "Brothers in Law (1957)"
                    },
                    "genres": {
                        "S": "Comedy"
                    }
                }
            }
        },
        {
            "PutRequest": {
                "Item": {
                    "id": {
                        "S": "124261"
                    },
                    "title": {
                        "S": "Happy Is the Bride (1958)"
                    },
                    "genres": {
                        "S": "Comedy"
                    }
                }
            }
        },
        {
            "PutRequest": {
                "Item": {
                    "id": {
                        "S": "124263"
                    },
                    "title": {
                        "S": "Carlton-Browne of the F.O. (1959)"
                    },
                    "genres": {
                        "S": "Comedy"
                    }
                }
            }
        },
        {
            "PutRequest": {
                "Item": {
                    "id": {
                        "S": "124265"
                    },
                    "title": {
                        "S": "The Family Way (1966)"
                    },
                    "genres": {
                        "S": "Comedy"
                    }
                }
            }
        },
        {
            "PutRequest": {
                "Item": {
                    "id": {
                        "S": "124267"
                    },
                    "title": {
                        "S": "Soft Beds, Hard Battles (1974)"
                    },
                    "genres": {
                        "S": "Comedy"
                    }
                }
            }
        },
        {
            "PutRequest": {
                "Item": {
                    "id": {
                        "S": "124269"
                    },
                    "title": {
                        "S": "The Moving Finger (1985)"
                    },
                    "genres": {
                        "S": "(no genres listed)"
                    }
                }
            }
        },
        {
            "PutRequest": {
                "Item": {
                    "id": {
                        "S": "124271"
                    },
                    "title": {
                        "S": "Textuality (2011)"
                    },
                    "genres": {
                        "S": "Comedy|Romance"
                    }
                }
            }
        },
        {
            "PutRequest": {
                "Item": {
                    "id": {
                        "S": "124273"
                    },
                    "title": {
                        "S": "Kevin Smith: Too Fat For 40 (2010)"
                    },
                    "genres": {
                        "S": "Comedy"
                    }
                }
            }
        },
        {
            "PutRequest": {
                "Item": {
                    "id": {
                        "S": "124275"
                    },
                    "title": {
                        "S": "Last Rites (1988)"
                    },
                    "genres": {
                        "S": "Action|Crime|Romance|Thriller"
                    }
                }
            }
        },
        {
            "PutRequest": {
                "Item": {
                    "id": {
                        "S": "124277"
                    },
                    "title": {
                        "S": "The Hellbenders (1967)"
                    },
                    "genres": {
                        "S": "Action|Adventure|Drama|Western"
                    }
                }
            }
        },
        {
            "PutRequest": {
                "Item": {
                    "id": {
                        "S": "124279"
                    },
                    "title": {
                        "S": "SeaFood (2012)"
                    },
                    "genres": {
                        "S": "Adventure|Animation|Children|Comedy"
                    }
                }
            }
        },
        {
            "PutRequest": {
                "Item": {
                    "id": {
                        "S": "124281"
                    },
                    "title": {
                        "S": "The Prophet's Game (2000)"
                    },
                    "genres": {
                        "S": "Thriller"
                    }
                }
            }
        }
    ]
}