{
    "movies": [
        {
            "PutRequest": {
                "Item": {
                    "id": {
                        "S": "137292"
                    },
                    "title": {
                        "S": "L'uomo della carit\u00e0"
                    },
                    "genres": {
                        "S": "(no genres listed)"
                    }
                }
            }
        },
        {
            "PutRequest": {
                "Item": {
                    "id": {
                        "S": "137294"
                    },
                    "title": {
                        "S": "The Life Coach (2005)"
                    },
                    "genres": {
                        "S": "Comedy"
                    }
                }
            }
        },
        {
            "PutRequest": {
                "Item": {
                    "id": {
                        "S": "137296"
                    },
                    "title": {
                        "S": "Heaven Knows What (2014)"
                    },
                    "genres": {
                        "S": "(no genres listed)"
                    }
                }
            }
        },
        {
            "PutRequest": {
                "Item": {
                    "id": {
                        "S": "137299"
                    },
                    "title": {
                        "S": "The Fort (2014)"
                    },
                    "genres": {
                        "S": "Comedy|Drama"
                    }
                }
            }
        },
        {
            "PutRequest": {
                "Item": {
                    "id": {
                        "S": "137301"
                    },
                    "title": {
                        "S": "Blue Seduction (2009)"
                    },
                    "genres": {
                        "S": "Romance|Thriller"
                    }
                }
            }
        },
        {
            "PutRequest": {
                "Item": {
                    "id": {
                        "S": "137303"
                    },
                    "title": {
                        "S": "An Optical Poem (1937)"
                    },
                    "genres": {
                        "S": "(no genres listed)"
                    }
                }
            }
        },
        {
            "PutRequest": {
                "Item": {
                    "id": {
                        "S": "137305"
                    },
                    "title": {
                        "S": "Bridge to Silence (1989)"
                    },
                    "genres": {
                        "S": "Drama|Romance"
                    }
                }
            }
        },
        {
            "PutRequest": {
                "Item": {
                    "id": {
                        "S": "137307"
                    },
                    "title": {
                        "S": "Antarctic Journal (2005)"
                    },
                    "genres": {
                        "S": "Horror|Mystery|Thriller"
                    }
                }
            }
        },
        {
            "PutRequest": {
                "Item": {
                    "id": {
                        "S": "137309"
                    },
                    "title": {
                        "S": "Malevil (1981)"
                    },
                    "genres": {
                        "S": "Drama|Sci-Fi"
                    }
                }
            }
        },
        {
            "PutRequest": {
                "Item": {
                    "id": {
                        "S": "137311"
                    },
                    "title": {
                        "S": "Love and the City (2009)"
                    },
                    "genres": {
                        "S": "Comedy|Romance"
                    }
                }
            }
        },
        {
            "PutRequest": {
                "Item": {
                    "id": {
                        "S": "137313"
                    },
                    "title": {
                        "S": "37 (2014)"
                    },
                    "genres": {
                        "S": "(no genres listed)"
                    }
                }
            }
        },
        {
            "PutRequest": {
                "Item": {
                    "id": {
                        "S": "137315"
                    },
                    "title": {
                        "S": "Hyena (2014)"
                    },
                    "genres": {
                        "S": "Crime|Drama"
                    }
                }
            }
        },
        {
            "PutRequest": {
                "Item": {
                    "id": {
                        "S": "137317"
                    },
                    "title": {
                        "S": "Don't Cry, Mommy (2012)"
                    },
                    "genres": {
                        "S": "Action|Drama"
                    }
                }
            }
        },
        {
            "PutRequest": {
                "Item": {
                    "id": {
                        "S": "137319"
                    },
                    "title": {
                        "S": "The Rainbow (1989)"
                    },
                    "genres": {
                        "S": "Action|Drama|Romance"
                    }
                }
            }
        },
        {
            "PutRequest": {
                "Item": {
                    "id": {
                        "S": "137323"
                    },
                    "title": {
                        "S": "A Picture of You (2014)"
                    },
                    "genres": {
                        "S": "Drama"
                    }
                }
            }
        },
        {
            "PutRequest": {
                "Item": {
                    "id": {
                        "S": "137325"
                    },
                    "title": {
                        "S": "Chlo\u00e9 (1996)"
                    },
                    "genres": {
                        "S": "Drama|Romance"
                    }
                }
            }
        },
        {
            "PutRequest": {
                "Item": {
                    "id": {
                        "S": "137327"
                    },
                    "title": {
                        "S": "The Space Between (2010)"
                    },
                    "genres": {
                        "S": "Drama"
                    }
                }
            }
        },
        {
            "PutRequest": {
                "Item": {
                    "id": {
                        "S": "137329"
                    },
                    "title": {
                        "S": "3 of a Kind (2012)"
                    },
                    "genres": {
                        "S": "(no genres listed)"
                    }
                }
            }
        },
        {
            "PutRequest": {
                "Item": {
                    "id": {
                        "S": "137331"
                    },
                    "title": {
                        "S": "The Impossible Spy (1987)"
                    },
                    "genres": {
                        "S": "Drama|Thriller"
                    }
                }
            }
        },
        {
            "PutRequest": {
                "Item": {
                    "id": {
                        "S": "137333"
                    },
                    "title": {
                        "S": "Double Parked (2000)"
                    },
                    "genres": {
                        "S": "(no genres listed)"
                    }
                }
            }
        },
        {
            "PutRequest": {
                "Item": {
                    "id": {
                        "S": "137335"
                    },
                    "title": {
                        "S": "Clutter (2013)"
                    },
                    "genres": {
                        "S": "(no genres listed)"
                    }
                }
            }
        },
        {
            "PutRequest": {
                "Item": {
                    "id": {
                        "S": "137337"
                    },
                    "title": {
                        "S": "Amy (2015)"
                    },
                    "genres": {
                        "S": "Documentary"
                    }
                }
            }
        },
        {
            "PutRequest": {
                "Item": {
                    "id": {
                        "S": "137339"
                    },
                    "title": {
                        "S": "Basil (1998)"
                    },
                    "genres": {
                        "S": "Drama|Romance"
                    }
                }
            }
        },
        {
            "PutRequest": {
                "Item": {
                    "id": {
                        "S": "137343"
                    },
                    "title": {
                        "S": "The Keeper (1995)"
                    },
                    "genres": {
                        "S": "Crime|Drama|Thriller"
                    }
                }
            }
        },
        {
            "PutRequest": {
                "Item": {
                    "id": {
                        "S": "137345"
                    },
                    "title": {
                        "S": "That Demon Within (2014)"
                    },
                    "genres": {
                        "S": "Crime|Thriller"
                    }
                }
            }
        }
    ]
}