{
    "movies": [
        {
            "PutRequest": {
                "Item": {
                    "id": {
                        "S": "123139"
                    },
                    "title": {
                        "S": "The Divine Woman (1928)"
                    },
                    "genres": {
                        "S": "(no genres listed)"
                    }
                }
            }
        },
        {
            "PutRequest": {
                "Item": {
                    "id": {
                        "S": "123141"
                    },
                    "title": {
                        "S": "The Sundowners (1950)"
                    },
                    "genres": {
                        "S": "Action|Western"
                    }
                }
            }
        },
        {
            "PutRequest": {
                "Item": {
                    "id": {
                        "S": "123143"
                    },
                    "title": {
                        "S": "The Real Howard Spitz (1998)"
                    },
                    "genres": {
                        "S": "Comedy"
                    }
                }
            }
        },
        {
            "PutRequest": {
                "Item": {
                    "id": {
                        "S": "123145"
                    },
                    "title": {
                        "S": "Mrs. O'Malley and Mr. Malone (1950)"
                    },
                    "genres": {
                        "S": "Comedy|Mystery"
                    }
                }
            }
        },
        {
            "PutRequest": {
                "Item": {
                    "id": {
                        "S": "123147"
                    },
                    "title": {
                        "S": "Sierra (1950)"
                    },
                    "genres": {
                        "S": "Western"
                    }
                }
            }
        },
        {
            "PutRequest": {
                "Item": {
                    "id": {
                        "S": "123149"
                    },
                    "title": {
                        "S": "The Gangster (1947)"
                    },
                    "genres": {
                        "S": "Crime"
                    }
                }
            }
        },
        {
            "PutRequest": {
                "Item": {
                    "id": {
                        "S": "123151"
                    },
                    "title": {
                        "S": "Metamorphosis (2007)"
                    },
                    "genres": {
                        "S": "Drama|Horror"
                    }
                }
            }
        },
        {
            "PutRequest": {
                "Item": {
                    "id": {
                        "S": "123155"
                    },
                    "title": {
                        "S": "Russkies (1987)"
                    },
                    "genres": {
                        "S": "Children|Drama"
                    }
                }
            }
        },
        {
            "PutRequest": {
                "Item": {
                    "id": {
                        "S": "123157"
                    },
                    "title": {
                        "S": "Julius Caesar (1971)"
                    },
                    "genres": {
                        "S": "Drama"
                    }
                }
            }
        },
        {
            "PutRequest": {
                "Item": {
                    "id": {
                        "S": "123159"
                    },
                    "title": {
                        "S": "Hercules and the Lost Kingdom (1994)"
                    },
                    "genres": {
                        "S": "Action|Adventure|Fantasy|Sci-Fi"
                    }
                }
            }
        },
        {
            "PutRequest": {
                "Item": {
                    "id": {
                        "S": "123161"
                    },
                    "title": {
                        "S": "Rites of Passage (2012)"
                    },
                    "genres": {
                        "S": "Thriller"
                    }
                }
            }
        },
        {
            "PutRequest": {
                "Item": {
                    "id": {
                        "S": "123163"
                    },
                    "title": {
                        "S": "The Suspect (2013)"
                    },
                    "genres": {
                        "S": "Thriller"
                    }
                }
            }
        },
        {
            "PutRequest": {
                "Item": {
                    "id": {
                        "S": "123165"
                    },
                    "title": {
                        "S": "Mongolian Death Worm (2010)"
                    },
                    "genres": {
                        "S": "Horror|Sci-Fi"
                    }
                }
            }
        },
        {
            "PutRequest": {
                "Item": {
                    "id": {
                        "S": "123172"
                    },
                    "title": {
                        "S": "Winter Break (2003)"
                    },
                    "genres": {
                        "S": "Comedy|Drama"
                    }
                }
            }
        },
        {
            "PutRequest": {
                "Item": {
                    "id": {
                        "S": "123174"
                    },
                    "title": {
                        "S": "The Facility (2012)"
                    },
                    "genres": {
                        "S": "Horror|Sci-Fi"
                    }
                }
            }
        },
        {
            "PutRequest": {
                "Item": {
                    "id": {
                        "S": "123176"
                    },
                    "title": {
                        "S": "Shredderman Rules (2007)"
                    },
                    "genres": {
                        "S": "Action|Adventure|Children|Comedy"
                    }
                }
            }
        },
        {
            "PutRequest": {
                "Item": {
                    "id": {
                        "S": "123178"
                    },
                    "title": {
                        "S": "Man on Fire (1987)"
                    },
                    "genres": {
                        "S": "Action|Drama|Thriller"
                    }
                }
            }
        },
        {
            "PutRequest": {
                "Item": {
                    "id": {
                        "S": "123180"
                    },
                    "title": {
                        "S": "Piranha Hunt (2006)"
                    },
                    "genres": {
                        "S": "Action|Crime|Thriller"
                    }
                }
            }
        },
        {
            "PutRequest": {
                "Item": {
                    "id": {
                        "S": "123182"
                    },
                    "title": {
                        "S": "Trouble Along the Way (1953)"
                    },
                    "genres": {
                        "S": "Comedy|Drama"
                    }
                }
            }
        },
        {
            "PutRequest": {
                "Item": {
                    "id": {
                        "S": "123184"
                    },
                    "title": {
                        "S": "The Secret Agent Club (1996)"
                    },
                    "genres": {
                        "S": "Action|Children|Comedy"
                    }
                }
            }
        },
        {
            "PutRequest": {
                "Item": {
                    "id": {
                        "S": "123186"
                    },
                    "title": {
                        "S": "I'm in Love with a Church Girl (2013)"
                    },
                    "genres": {
                        "S": "Drama|Romance"
                    }
                }
            }
        },
        {
            "PutRequest": {
                "Item": {
                    "id": {
                        "S": "123188"
                    },
                    "title": {
                        "S": "Ironclad 2: Battle for Blood (2014)"
                    },
                    "genres": {
                        "S": "Action|Adventure"
                    }
                }
            }
        },
        {
            "PutRequest": {
                "Item": {
                    "id": {
                        "S": "123190"
                    },
                    "title": {
                        "S": "Voices (2007)"
                    },
                    "genres": {
                        "S": "Horror|Thriller"
                    }
                }
            }
        },
        {
            "PutRequest": {
                "Item": {
                    "id": {
                        "S": "123192"
                    },
                    "title": {
                        "S": "The Land Before Time XI: Invasion of the Tinysauruses (2005)"
                    },
                    "genres": {
                        "S": "Animation|Children|Fantasy|Sci-Fi"
                    }
                }
            }
        },
        {
            "PutRequest": {
                "Item": {
                    "id": {
                        "S": "123194"
                    },
                    "title": {
                        "S": "See Girl Run (2013)"
                    },
                    "genres": {
                        "S": "Romance"
                    }
                }
            }
        }
    ]
}