{
    "movies": [
        {
            "PutRequest": {
                "Item": {
                    "id": {
                        "S": "132634"
                    },
                    "title": {
                        "S": "Radiostars (2012)"
                    },
                    "genres": {
                        "S": "Comedy"
                    }
                }
            }
        },
        {
            "PutRequest": {
                "Item": {
                    "id": {
                        "S": "132636"
                    },
                    "title": {
                        "S": "Our Brief Eternity (2009)"
                    },
                    "genres": {
                        "S": "Drama|Fantasy|Romance"
                    }
                }
            }
        },
        {
            "PutRequest": {
                "Item": {
                    "id": {
                        "S": "132638"
                    },
                    "title": {
                        "S": "Le Pari (1997)"
                    },
                    "genres": {
                        "S": "Comedy"
                    }
                }
            }
        },
        {
            "PutRequest": {
                "Item": {
                    "id": {
                        "S": "132640"
                    },
                    "title": {
                        "S": "UFO: Target Earth (1974)"
                    },
                    "genres": {
                        "S": "Sci-Fi"
                    }
                }
            }
        },
        {
            "PutRequest": {
                "Item": {
                    "id": {
                        "S": "132642"
                    },
                    "title": {
                        "S": "Target Earth (1954)"
                    },
                    "genres": {
                        "S": "Sci-Fi"
                    }
                }
            }
        },
        {
            "PutRequest": {
                "Item": {
                    "id": {
                        "S": "132644"
                    },
                    "title": {
                        "S": "An Act of War (2015)"
                    },
                    "genres": {
                        "S": "Drama|Mystery"
                    }
                }
            }
        },
        {
            "PutRequest": {
                "Item": {
                    "id": {
                        "S": "132646"
                    },
                    "title": {
                        "S": "The Velveteen Rabbit (2009)"
                    },
                    "genres": {
                        "S": "Animation|Children|Drama|Sci-Fi"
                    }
                }
            }
        },
        {
            "PutRequest": {
                "Item": {
                    "id": {
                        "S": "132648"
                    },
                    "title": {
                        "S": "Honig im Kopf (2014)"
                    },
                    "genres": {
                        "S": "Comedy|Drama"
                    }
                }
            }
        },
        {
            "PutRequest": {
                "Item": {
                    "id": {
                        "S": "132650"
                    },
                    "title": {
                        "S": "Pok\u00e9mon: Mewtwo Returns (2000)"
                    },
                    "genres": {
                        "S": "Animation|Children"
                    }
                }
            }
        },
        {
            "PutRequest": {
                "Item": {
                    "id": {
                        "S": "132652"
                    },
                    "title": {
                        "S": "Mother's Day (2010)"
                    },
                    "genres": {
                        "S": "Crime|Drama|Horror|Thriller"
                    }
                }
            }
        },
        {
            "PutRequest": {
                "Item": {
                    "id": {
                        "S": "132654"
                    },
                    "title": {
                        "S": "Su Excelencia (1967)"
                    },
                    "genres": {
                        "S": "Comedy|Drama"
                    }
                }
            }
        },
        {
            "PutRequest": {
                "Item": {
                    "id": {
                        "S": "132656"
                    },
                    "title": {
                        "S": "Batman Unlimited: Animal Instincts (2015)"
                    },
                    "genres": {
                        "S": "Animation"
                    }
                }
            }
        },
        {
            "PutRequest": {
                "Item": {
                    "id": {
                        "S": "132658"
                    },
                    "title": {
                        "S": "When I Live My Life Over Again (2015)"
                    },
                    "genres": {
                        "S": "Drama"
                    }
                }
            }
        },
        {
            "PutRequest": {
                "Item": {
                    "id": {
                        "S": "132660"
                    },
                    "title": {
                        "S": "Man Up (2015)"
                    },
                    "genres": {
                        "S": "Comedy|Romance"
                    }
                }
            }
        },
        {
            "PutRequest": {
                "Item": {
                    "id": {
                        "S": "132662"
                    },
                    "title": {
                        "S": "Devil's Bible (2008)"
                    },
                    "genres": {
                        "S": "Documentary|Mystery"
                    }
                }
            }
        },
        {
            "PutRequest": {
                "Item": {
                    "id": {
                        "S": "132664"
                    },
                    "title": {
                        "S": "Weirdo (1983)"
                    },
                    "genres": {
                        "S": "Children|Drama"
                    }
                }
            }
        },
        {
            "PutRequest": {
                "Item": {
                    "id": {
                        "S": "132666"
                    },
                    "title": {
                        "S": "21 Years: Richard Linklater (2014)"
                    },
                    "genres": {
                        "S": "(no genres listed)"
                    }
                }
            }
        },
        {
            "PutRequest": {
                "Item": {
                    "id": {
                        "S": "132668"
                    },
                    "title": {
                        "S": "All I Want for Christmas (2007)"
                    },
                    "genres": {
                        "S": "Children|Drama"
                    }
                }
            }
        },
        {
            "PutRequest": {
                "Item": {
                    "id": {
                        "S": "132670"
                    },
                    "title": {
                        "S": "Betrayal of the Dove (1993)"
                    },
                    "genres": {
                        "S": "Crime|Thriller"
                    }
                }
            }
        },
        {
            "PutRequest": {
                "Item": {
                    "id": {
                        "S": "132672"
                    },
                    "title": {
                        "S": "Bomba, the Jungle Boy (1949)"
                    },
                    "genres": {
                        "S": "Adventure"
                    }
                }
            }
        },
        {
            "PutRequest": {
                "Item": {
                    "id": {
                        "S": "132674"
                    },
                    "title": {
                        "S": "Bright Angel (1991)"
                    },
                    "genres": {
                        "S": "Drama|Thriller"
                    }
                }
            }
        },
        {
            "PutRequest": {
                "Item": {
                    "id": {
                        "S": "132678"
                    },
                    "title": {
                        "S": "Crossplot (1969)"
                    },
                    "genres": {
                        "S": "Action|Thriller"
                    }
                }
            }
        },
        {
            "PutRequest": {
                "Item": {
                    "id": {
                        "S": "132682"
                    },
                    "title": {
                        "S": "Driving Me Crazy 1991 (1991)"
                    },
                    "genres": {
                        "S": "Comedy"
                    }
                }
            }
        },
        {
            "PutRequest": {
                "Item": {
                    "id": {
                        "S": "132684"
                    },
                    "title": {
                        "S": "Driving Me Crazy (1988)"
                    },
                    "genres": {
                        "S": "Comedy"
                    }
                }
            }
        },
        {
            "PutRequest": {
                "Item": {
                    "id": {
                        "S": "132686"
                    },
                    "title": {
                        "S": "Ever Since Eve (1937)"
                    },
                    "genres": {
                        "S": "Comedy|Romance"
                    }
                }
            }
        }
    ]
}