{
    "movies": [
        {
            "PutRequest": {
                "Item": {
                    "id": {
                        "S": "147340"
                    },
                    "title": {
                        "S": "Gutterballs (2008)"
                    },
                    "genres": {
                        "S": "Horror"
                    }
                }
            }
        },
        {
            "PutRequest": {
                "Item": {
                    "id": {
                        "S": "147342"
                    },
                    "title": {
                        "S": "Camp Dread (2014)"
                    },
                    "genres": {
                        "S": "Horror|Mystery|Thriller"
                    }
                }
            }
        },
        {
            "PutRequest": {
                "Item": {
                    "id": {
                        "S": "147344"
                    },
                    "title": {
                        "S": "Hallowed Ground (2007)"
                    },
                    "genres": {
                        "S": "Horror"
                    }
                }
            }
        },
        {
            "PutRequest": {
                "Item": {
                    "id": {
                        "S": "147346"
                    },
                    "title": {
                        "S": "Final Exam (1981)"
                    },
                    "genres": {
                        "S": "Horror"
                    }
                }
            }
        },
        {
            "PutRequest": {
                "Item": {
                    "id": {
                        "S": "147348"
                    },
                    "title": {
                        "S": "Anacondas: Trail of Blood (2009)"
                    },
                    "genres": {
                        "S": "Action|Horror|Sci-Fi|Thriller"
                    }
                }
            }
        },
        {
            "PutRequest": {
                "Item": {
                    "id": {
                        "S": "147350"
                    },
                    "title": {
                        "S": "Don't Go to the Reunion (2013)"
                    },
                    "genres": {
                        "S": "Horror"
                    }
                }
            }
        },
        {
            "PutRequest": {
                "Item": {
                    "id": {
                        "S": "147352"
                    },
                    "title": {
                        "S": "SharkMan (2005)"
                    },
                    "genres": {
                        "S": "Horror|Sci-Fi"
                    }
                }
            }
        },
        {
            "PutRequest": {
                "Item": {
                    "id": {
                        "S": "147354"
                    },
                    "title": {
                        "S": "Father's Day (2011)"
                    },
                    "genres": {
                        "S": "Action|Comedy|Horror"
                    }
                }
            }
        },
        {
            "PutRequest": {
                "Item": {
                    "id": {
                        "S": "147356"
                    },
                    "title": {
                        "S": "Trophy Heads (2014)"
                    },
                    "genres": {
                        "S": "Comedy|Horror"
                    }
                }
            }
        },
        {
            "PutRequest": {
                "Item": {
                    "id": {
                        "S": "147358"
                    },
                    "title": {
                        "S": "Fat Chance (2014)"
                    },
                    "genres": {
                        "S": "Comedy|Horror"
                    }
                }
            }
        },
        {
            "PutRequest": {
                "Item": {
                    "id": {
                        "S": "147360"
                    },
                    "title": {
                        "S": "Don't Open Till Christmas (1984)"
                    },
                    "genres": {
                        "S": "Horror|Mystery"
                    }
                }
            }
        },
        {
            "PutRequest": {
                "Item": {
                    "id": {
                        "S": "147362"
                    },
                    "title": {
                        "S": "Curtains (1983)"
                    },
                    "genres": {
                        "S": "Crime|Horror|Thriller"
                    }
                }
            }
        },
        {
            "PutRequest": {
                "Item": {
                    "id": {
                        "S": "147364"
                    },
                    "title": {
                        "S": "Area 407 (2012)"
                    },
                    "genres": {
                        "S": "Horror|Sci-Fi|Thriller"
                    }
                }
            }
        },
        {
            "PutRequest": {
                "Item": {
                    "id": {
                        "S": "147366"
                    },
                    "title": {
                        "S": "Reality Terror Night (2013)"
                    },
                    "genres": {
                        "S": "Horror"
                    }
                }
            }
        },
        {
            "PutRequest": {
                "Item": {
                    "id": {
                        "S": "147368"
                    },
                    "title": {
                        "S": "Doll Graveyard (2005)"
                    },
                    "genres": {
                        "S": "Horror"
                    }
                }
            }
        },
        {
            "PutRequest": {
                "Item": {
                    "id": {
                        "S": "147370"
                    },
                    "title": {
                        "S": "Tut (2015)"
                    },
                    "genres": {
                        "S": "(no genres listed)"
                    }
                }
            }
        },
        {
            "PutRequest": {
                "Item": {
                    "id": {
                        "S": "147386"
                    },
                    "title": {
                        "S": "Transylvania Twist (1990)"
                    },
                    "genres": {
                        "S": "Comedy"
                    }
                }
            }
        },
        {
            "PutRequest": {
                "Item": {
                    "id": {
                        "S": "147388"
                    },
                    "title": {
                        "S": "The Halfway House (2004)"
                    },
                    "genres": {
                        "S": "(no genres listed)"
                    }
                }
            }
        },
        {
            "PutRequest": {
                "Item": {
                    "id": {
                        "S": "147390"
                    },
                    "title": {
                        "S": "Chainsaw Sally (2004)"
                    },
                    "genres": {
                        "S": "Horror"
                    }
                }
            }
        },
        {
            "PutRequest": {
                "Item": {
                    "id": {
                        "S": "147392"
                    },
                    "title": {
                        "S": "Last of the Living (2009)"
                    },
                    "genres": {
                        "S": "Comedy|Horror"
                    }
                }
            }
        },
        {
            "PutRequest": {
                "Item": {
                    "id": {
                        "S": "147394"
                    },
                    "title": {
                        "S": "Ninjas vs. Monsters (2012)"
                    },
                    "genres": {
                        "S": "Action|Comedy|Horror"
                    }
                }
            }
        },
        {
            "PutRequest": {
                "Item": {
                    "id": {
                        "S": "147396"
                    },
                    "title": {
                        "S": "Secrets in the Walls (2010)"
                    },
                    "genres": {
                        "S": "Horror|Thriller"
                    }
                }
            }
        },
        {
            "PutRequest": {
                "Item": {
                    "id": {
                        "S": "147398"
                    },
                    "title": {
                        "S": "Made in France (2015)"
                    },
                    "genres": {
                        "S": "Thriller"
                    }
                }
            }
        },
        {
            "PutRequest": {
                "Item": {
                    "id": {
                        "S": "147400"
                    },
                    "title": {
                        "S": "Meu P\u00e9 de Laranja Lima (2013)"
                    },
                    "genres": {
                        "S": "Drama"
                    }
                }
            }
        },
        {
            "PutRequest": {
                "Item": {
                    "id": {
                        "S": "147402"
                    },
                    "title": {
                        "S": "The King and Queen of Moonlight Bay (2003)"
                    },
                    "genres": {
                        "S": "Children|Drama"
                    }
                }
            }
        }
    ]
}