{
    "movies": [
        {
            "PutRequest": {
                "Item": {
                    "id": {
                        "S": "139435"
                    },
                    "title": {
                        "S": "The Legend of the Sorrow Creek (2007)"
                    },
                    "genres": {
                        "S": "Drama|Horror|Thriller"
                    }
                }
            }
        },
        {
            "PutRequest": {
                "Item": {
                    "id": {
                        "S": "139439"
                    },
                    "title": {
                        "S": "Secrets of the Clown (2007)"
                    },
                    "genres": {
                        "S": "Horror"
                    }
                }
            }
        },
        {
            "PutRequest": {
                "Item": {
                    "id": {
                        "S": "139441"
                    },
                    "title": {
                        "S": "ReVamped (2007)"
                    },
                    "genres": {
                        "S": "Action|Horror|Thriller"
                    }
                }
            }
        },
        {
            "PutRequest": {
                "Item": {
                    "id": {
                        "S": "139443"
                    },
                    "title": {
                        "S": "Alucard (2008)"
                    },
                    "genres": {
                        "S": "Drama|Horror"
                    }
                }
            }
        },
        {
            "PutRequest": {
                "Item": {
                    "id": {
                        "S": "139445"
                    },
                    "title": {
                        "S": "Satanic (2006)"
                    },
                    "genres": {
                        "S": "Horror"
                    }
                }
            }
        },
        {
            "PutRequest": {
                "Item": {
                    "id": {
                        "S": "139447"
                    },
                    "title": {
                        "S": "The Lazarus Papers (2010)"
                    },
                    "genres": {
                        "S": "Action|Drama|Sci-Fi|Thriller"
                    }
                }
            }
        },
        {
            "PutRequest": {
                "Item": {
                    "id": {
                        "S": "139451"
                    },
                    "title": {
                        "S": "Black Ribbon (2007)"
                    },
                    "genres": {
                        "S": "Horror|Mystery|Thriller"
                    }
                }
            }
        },
        {
            "PutRequest": {
                "Item": {
                    "id": {
                        "S": "139453"
                    },
                    "title": {
                        "S": "Hide (2011)"
                    },
                    "genres": {
                        "S": "Horror"
                    }
                }
            }
        },
        {
            "PutRequest": {
                "Item": {
                    "id": {
                        "S": "139455"
                    },
                    "title": {
                        "S": "The Cloth (2013)"
                    },
                    "genres": {
                        "S": "Action|Fantasy|Horror"
                    }
                }
            }
        },
        {
            "PutRequest": {
                "Item": {
                    "id": {
                        "S": "139457"
                    },
                    "title": {
                        "S": "Vampire Boys (2011)"
                    },
                    "genres": {
                        "S": "Horror"
                    }
                }
            }
        },
        {
            "PutRequest": {
                "Item": {
                    "id": {
                        "S": "139459"
                    },
                    "title": {
                        "S": "Back to the Beyond (2011)"
                    },
                    "genres": {
                        "S": "(no genres listed)"
                    }
                }
            }
        },
        {
            "PutRequest": {
                "Item": {
                    "id": {
                        "S": "139461"
                    },
                    "title": {
                        "S": "Carry On Columbus (1992)"
                    },
                    "genres": {
                        "S": "Comedy"
                    }
                }
            }
        },
        {
            "PutRequest": {
                "Item": {
                    "id": {
                        "S": "139463"
                    },
                    "title": {
                        "S": "Deadly Renovations (2010)"
                    },
                    "genres": {
                        "S": "Horror|Thriller"
                    }
                }
            }
        },
        {
            "PutRequest": {
                "Item": {
                    "id": {
                        "S": "139467"
                    },
                    "title": {
                        "S": "Mutants (2008)"
                    },
                    "genres": {
                        "S": "Action|Horror|Sci-Fi"
                    }
                }
            }
        },
        {
            "PutRequest": {
                "Item": {
                    "id": {
                        "S": "139469"
                    },
                    "title": {
                        "S": "Mr. Hush (2010)"
                    },
                    "genres": {
                        "S": "Horror"
                    }
                }
            }
        },
        {
            "PutRequest": {
                "Item": {
                    "id": {
                        "S": "139471"
                    },
                    "title": {
                        "S": "The Slaughterhouse Massacre (2005)"
                    },
                    "genres": {
                        "S": "Horror"
                    }
                }
            }
        },
        {
            "PutRequest": {
                "Item": {
                    "id": {
                        "S": "139473"
                    },
                    "title": {
                        "S": "Lost Woods (2012)"
                    },
                    "genres": {
                        "S": "Action|Horror|Sci-Fi|Thriller"
                    }
                }
            }
        },
        {
            "PutRequest": {
                "Item": {
                    "id": {
                        "S": "139475"
                    },
                    "title": {
                        "S": "Psychophony (2013)"
                    },
                    "genres": {
                        "S": "Mystery|Thriller"
                    }
                }
            }
        },
        {
            "PutRequest": {
                "Item": {
                    "id": {
                        "S": "139477"
                    },
                    "title": {
                        "S": "Dark Fields (2006)"
                    },
                    "genres": {
                        "S": "(no genres listed)"
                    }
                }
            }
        },
        {
            "PutRequest": {
                "Item": {
                    "id": {
                        "S": "139483"
                    },
                    "title": {
                        "S": "The Alumni Chapter (2011)"
                    },
                    "genres": {
                        "S": "Comedy|Drama"
                    }
                }
            }
        },
        {
            "PutRequest": {
                "Item": {
                    "id": {
                        "S": "139485"
                    },
                    "title": {
                        "S": "Dead End Road (2004)"
                    },
                    "genres": {
                        "S": "Action|Horror"
                    }
                }
            }
        },
        {
            "PutRequest": {
                "Item": {
                    "id": {
                        "S": "139487"
                    },
                    "title": {
                        "S": "Mummy Maniac (2007)"
                    },
                    "genres": {
                        "S": "Horror"
                    }
                }
            }
        },
        {
            "PutRequest": {
                "Item": {
                    "id": {
                        "S": "139489"
                    },
                    "title": {
                        "S": "Jinnah (1998)"
                    },
                    "genres": {
                        "S": "Drama|War"
                    }
                }
            }
        },
        {
            "PutRequest": {
                "Item": {
                    "id": {
                        "S": "139491"
                    },
                    "title": {
                        "S": "Sweet Kill (1972)"
                    },
                    "genres": {
                        "S": "Horror|Thriller"
                    }
                }
            }
        },
        {
            "PutRequest": {
                "Item": {
                    "id": {
                        "S": "139493"
                    },
                    "title": {
                        "S": "L'arte della felicit\u00e0 (2013)"
                    },
                    "genres": {
                        "S": "Animation|Drama|Fantasy"
                    }
                }
            }
        }
    ]
}