{
    "movies": [
        {
            "PutRequest": {
                "Item": {
                    "id": {
                        "S": "146272"
                    },
                    "title": {
                        "S": "The Ice Dragon (2012)"
                    },
                    "genres": {
                        "S": "(no genres listed)"
                    }
                }
            }
        },
        {
            "PutRequest": {
                "Item": {
                    "id": {
                        "S": "146275"
                    },
                    "title": {
                        "S": "11 Minutes (2015)"
                    },
                    "genres": {
                        "S": "(no genres listed)"
                    }
                }
            }
        },
        {
            "PutRequest": {
                "Item": {
                    "id": {
                        "S": "146277"
                    },
                    "title": {
                        "S": "When the Iron Bird Flies (2012)"
                    },
                    "genres": {
                        "S": "(no genres listed)"
                    }
                }
            }
        },
        {
            "PutRequest": {
                "Item": {
                    "id": {
                        "S": "146279"
                    },
                    "title": {
                        "S": "Do I Sound Gay? (2015)"
                    },
                    "genres": {
                        "S": "Documentary"
                    }
                }
            }
        },
        {
            "PutRequest": {
                "Item": {
                    "id": {
                        "S": "146283"
                    },
                    "title": {
                        "S": "Delta Fox (1979)"
                    },
                    "genres": {
                        "S": "Crime|Drama"
                    }
                }
            }
        },
        {
            "PutRequest": {
                "Item": {
                    "id": {
                        "S": "146285"
                    },
                    "title": {
                        "S": "Running Cool (1993)"
                    },
                    "genres": {
                        "S": "Action|Comedy|Drama"
                    }
                }
            }
        },
        {
            "PutRequest": {
                "Item": {
                    "id": {
                        "S": "146289"
                    },
                    "title": {
                        "S": "Gatorbait II: Cajun Justice (1988)"
                    },
                    "genres": {
                        "S": "Action"
                    }
                }
            }
        },
        {
            "PutRequest": {
                "Item": {
                    "id": {
                        "S": "146291"
                    },
                    "title": {
                        "S": "Rocktober Blood (1984)"
                    },
                    "genres": {
                        "S": "Horror"
                    }
                }
            }
        },
        {
            "PutRequest": {
                "Item": {
                    "id": {
                        "S": "146295"
                    },
                    "title": {
                        "S": "'Gator Bait (1974)"
                    },
                    "genres": {
                        "S": "Action|Thriller"
                    }
                }
            }
        },
        {
            "PutRequest": {
                "Item": {
                    "id": {
                        "S": "146297"
                    },
                    "title": {
                        "S": "The Single Girls (1974)"
                    },
                    "genres": {
                        "S": "Comedy|Drama|Horror"
                    }
                }
            }
        },
        {
            "PutRequest": {
                "Item": {
                    "id": {
                        "S": "146299"
                    },
                    "title": {
                        "S": "Red, White and Blue (1971)"
                    },
                    "genres": {
                        "S": "Documentary"
                    }
                }
            }
        },
        {
            "PutRequest": {
                "Item": {
                    "id": {
                        "S": "146301"
                    },
                    "title": {
                        "S": "Apenas o Fim (2008)"
                    },
                    "genres": {
                        "S": "Comedy|Romance"
                    }
                }
            }
        },
        {
            "PutRequest": {
                "Item": {
                    "id": {
                        "S": "146303"
                    },
                    "title": {
                        "S": "Jinxy Jenkins, Lucky Lou (2014)"
                    },
                    "genres": {
                        "S": "(no genres listed)"
                    }
                }
            }
        },
        {
            "PutRequest": {
                "Item": {
                    "id": {
                        "S": "146305"
                    },
                    "title": {
                        "S": "Princes and Princesses (2000)"
                    },
                    "genres": {
                        "S": "Animation|Children|Comedy|Drama|Fantasy|Romance|Sci-Fi"
                    }
                }
            }
        },
        {
            "PutRequest": {
                "Item": {
                    "id": {
                        "S": "146307"
                    },
                    "title": {
                        "S": "The Hallow (2015)"
                    },
                    "genres": {
                        "S": "Horror"
                    }
                }
            }
        },
        {
            "PutRequest": {
                "Item": {
                    "id": {
                        "S": "146309"
                    },
                    "title": {
                        "S": "The Boy and the Beast (2015)"
                    },
                    "genres": {
                        "S": "Action|Adventure|Animation"
                    }
                }
            }
        },
        {
            "PutRequest": {
                "Item": {
                    "id": {
                        "S": "146311"
                    },
                    "title": {
                        "S": "Toilet (2010)"
                    },
                    "genres": {
                        "S": "Drama"
                    }
                }
            }
        },
        {
            "PutRequest": {
                "Item": {
                    "id": {
                        "S": "146313"
                    },
                    "title": {
                        "S": "This Changes Everything (2015)"
                    },
                    "genres": {
                        "S": "Documentary"
                    }
                }
            }
        },
        {
            "PutRequest": {
                "Item": {
                    "id": {
                        "S": "146315"
                    },
                    "title": {
                        "S": "I Learn America (2013)"
                    },
                    "genres": {
                        "S": "(no genres listed)"
                    }
                }
            }
        },
        {
            "PutRequest": {
                "Item": {
                    "id": {
                        "S": "146317"
                    },
                    "title": {
                        "S": "Strella (2009)"
                    },
                    "genres": {
                        "S": "Drama"
                    }
                }
            }
        },
        {
            "PutRequest": {
                "Item": {
                    "id": {
                        "S": "146321"
                    },
                    "title": {
                        "S": "Witch from Nepal (1986)"
                    },
                    "genres": {
                        "S": "(no genres listed)"
                    }
                }
            }
        },
        {
            "PutRequest": {
                "Item": {
                    "id": {
                        "S": "146323"
                    },
                    "title": {
                        "S": "Sharpe's Enemy (1994)"
                    },
                    "genres": {
                        "S": "Action|Adventure|War"
                    }
                }
            }
        },
        {
            "PutRequest": {
                "Item": {
                    "id": {
                        "S": "146325"
                    },
                    "title": {
                        "S": "Traceless (2010)"
                    },
                    "genres": {
                        "S": "Crime|Drama|Thriller"
                    }
                }
            }
        },
        {
            "PutRequest": {
                "Item": {
                    "id": {
                        "S": "146327"
                    },
                    "title": {
                        "S": "Can't Change the Meeting Place (1979)"
                    },
                    "genres": {
                        "S": "Action|Crime"
                    }
                }
            }
        },
        {
            "PutRequest": {
                "Item": {
                    "id": {
                        "S": "146329"
                    },
                    "title": {
                        "S": "The Master and Margarita (2005)"
                    },
                    "genres": {
                        "S": "Drama|Mystery|Romance"
                    }
                }
            }
        }
    ]
}