{
    "movies": [
        {
            "PutRequest": {
                "Item": {
                    "id": {
                        "S": "122817"
                    },
                    "title": {
                        "S": "The Tooth Fairy (2006)"
                    },
                    "genres": {
                        "S": "Horror"
                    }
                }
            }
        },
        {
            "PutRequest": {
                "Item": {
                    "id": {
                        "S": "122819"
                    },
                    "title": {
                        "S": "If It's Tuesday, This Must Be Belgium (1969)"
                    },
                    "genres": {
                        "S": "Comedy|Drama"
                    }
                }
            }
        },
        {
            "PutRequest": {
                "Item": {
                    "id": {
                        "S": "122821"
                    },
                    "title": {
                        "S": "The Bad Mother's Handbook (2007)"
                    },
                    "genres": {
                        "S": "Children|Comedy|Drama|Romance"
                    }
                }
            }
        },
        {
            "PutRequest": {
                "Item": {
                    "id": {
                        "S": "122823"
                    },
                    "title": {
                        "S": "Tokyo The Last Megalopolis (1988)"
                    },
                    "genres": {
                        "S": "Animation|Fantasy|Horror|Thriller"
                    }
                }
            }
        },
        {
            "PutRequest": {
                "Item": {
                    "id": {
                        "S": "122825"
                    },
                    "title": {
                        "S": "Starlift (1951)"
                    },
                    "genres": {
                        "S": "(no genres listed)"
                    }
                }
            }
        },
        {
            "PutRequest": {
                "Item": {
                    "id": {
                        "S": "122827"
                    },
                    "title": {
                        "S": "Keep Your Powder Dry (1945)"
                    },
                    "genres": {
                        "S": "Drama|War"
                    }
                }
            }
        },
        {
            "PutRequest": {
                "Item": {
                    "id": {
                        "S": "122829"
                    },
                    "title": {
                        "S": "The Night the World Exploded (1957)"
                    },
                    "genres": {
                        "S": "Sci-Fi"
                    }
                }
            }
        },
        {
            "PutRequest": {
                "Item": {
                    "id": {
                        "S": "122831"
                    },
                    "title": {
                        "S": "Latin Lovers (1953)"
                    },
                    "genres": {
                        "S": "Romance"
                    }
                }
            }
        },
        {
            "PutRequest": {
                "Item": {
                    "id": {
                        "S": "122833"
                    },
                    "title": {
                        "S": "Too Young To Kiss (1951)"
                    },
                    "genres": {
                        "S": "Comedy|Romance"
                    }
                }
            }
        },
        {
            "PutRequest": {
                "Item": {
                    "id": {
                        "S": "122835"
                    },
                    "title": {
                        "S": "The Finger Points (1931)"
                    },
                    "genres": {
                        "S": "Crime|Drama|Thriller"
                    }
                }
            }
        },
        {
            "PutRequest": {
                "Item": {
                    "id": {
                        "S": "122837"
                    },
                    "title": {
                        "S": "Reaching for the Moon (1930)"
                    },
                    "genres": {
                        "S": "Comedy|Romance"
                    }
                }
            }
        },
        {
            "PutRequest": {
                "Item": {
                    "id": {
                        "S": "122839"
                    },
                    "title": {
                        "S": "Meet the People (1944)"
                    },
                    "genres": {
                        "S": "Comedy|Romance"
                    }
                }
            }
        },
        {
            "PutRequest": {
                "Item": {
                    "id": {
                        "S": "122841"
                    },
                    "title": {
                        "S": "The Firefly (1937)"
                    },
                    "genres": {
                        "S": "Drama"
                    }
                }
            }
        },
        {
            "PutRequest": {
                "Item": {
                    "id": {
                        "S": "122843"
                    },
                    "title": {
                        "S": "Red Riding Hood (1989)"
                    },
                    "genres": {
                        "S": "Adventure|Children|Fantasy"
                    }
                }
            }
        },
        {
            "PutRequest": {
                "Item": {
                    "id": {
                        "S": "122845"
                    },
                    "title": {
                        "S": "Seven Miles from Alcatraz (1942)"
                    },
                    "genres": {
                        "S": "Drama"
                    }
                }
            }
        },
        {
            "PutRequest": {
                "Item": {
                    "id": {
                        "S": "122847"
                    },
                    "title": {
                        "S": "Hi, Nellie! (1934)"
                    },
                    "genres": {
                        "S": "Comedy|Crime|Drama"
                    }
                }
            }
        },
        {
            "PutRequest": {
                "Item": {
                    "id": {
                        "S": "122849"
                    },
                    "title": {
                        "S": "Naked Violence (1969)"
                    },
                    "genres": {
                        "S": "Crime|Drama"
                    }
                }
            }
        },
        {
            "PutRequest": {
                "Item": {
                    "id": {
                        "S": "122851"
                    },
                    "title": {
                        "S": "The Italian Connection (1972)"
                    },
                    "genres": {
                        "S": "Crime|Drama"
                    }
                }
            }
        },
        {
            "PutRequest": {
                "Item": {
                    "id": {
                        "S": "122853"
                    },
                    "title": {
                        "S": "Seduction (1973)"
                    },
                    "genres": {
                        "S": "Drama"
                    }
                }
            }
        },
        {
            "PutRequest": {
                "Item": {
                    "id": {
                        "S": "122855"
                    },
                    "title": {
                        "S": "Colpo in canna (1975)"
                    },
                    "genres": {
                        "S": "Action"
                    }
                }
            }
        },
        {
            "PutRequest": {
                "Item": {
                    "id": {
                        "S": "122857"
                    },
                    "title": {
                        "S": "Kidnap Syndicate (1975)"
                    },
                    "genres": {
                        "S": "Crime"
                    }
                }
            }
        },
        {
            "PutRequest": {
                "Item": {
                    "id": {
                        "S": "122859"
                    },
                    "title": {
                        "S": "Rulers of the City (1976)"
                    },
                    "genres": {
                        "S": "Action|Comedy|Crime"
                    }
                }
            }
        },
        {
            "PutRequest": {
                "Item": {
                    "id": {
                        "S": "122861"
                    },
                    "title": {
                        "S": "To Be Twenty (1978)"
                    },
                    "genres": {
                        "S": "Comedy|Drama|Horror"
                    }
                }
            }
        },
        {
            "PutRequest": {
                "Item": {
                    "id": {
                        "S": "122863"
                    },
                    "title": {
                        "S": "Madness (1980)"
                    },
                    "genres": {
                        "S": "Horror|Thriller"
                    }
                }
            }
        },
        {
            "PutRequest": {
                "Item": {
                    "id": {
                        "S": "122865"
                    },
                    "title": {
                        "S": "The Violent Breed (1984)"
                    },
                    "genres": {
                        "S": "Action"
                    }
                }
            }
        }
    ]
}