{
    "movies": [
        {
            "PutRequest": {
                "Item": {
                    "id": {
                        "S": "135539"
                    },
                    "title": {
                        "S": "Aurora (2015)"
                    },
                    "genres": {
                        "S": "(no genres listed)"
                    }
                }
            }
        },
        {
            "PutRequest": {
                "Item": {
                    "id": {
                        "S": "135541"
                    },
                    "title": {
                        "S": "Noodle (2007)"
                    },
                    "genres": {
                        "S": "Drama"
                    }
                }
            }
        },
        {
            "PutRequest": {
                "Item": {
                    "id": {
                        "S": "135543"
                    },
                    "title": {
                        "S": "What a Woman! (1943)"
                    },
                    "genres": {
                        "S": "Comedy|Romance"
                    }
                }
            }
        },
        {
            "PutRequest": {
                "Item": {
                    "id": {
                        "S": "135545"
                    },
                    "title": {
                        "S": "Ardennes Fury (2014)"
                    },
                    "genres": {
                        "S": "Action|War"
                    }
                }
            }
        },
        {
            "PutRequest": {
                "Item": {
                    "id": {
                        "S": "135547"
                    },
                    "title": {
                        "S": "The Misfit Brigade (1987)"
                    },
                    "genres": {
                        "S": "Action|Adventure|Drama"
                    }
                }
            }
        },
        {
            "PutRequest": {
                "Item": {
                    "id": {
                        "S": "135549"
                    },
                    "title": {
                        "S": "Battle of Westerplatte (2013)"
                    },
                    "genres": {
                        "S": "Drama|War"
                    }
                }
            }
        },
        {
            "PutRequest": {
                "Item": {
                    "id": {
                        "S": "135551"
                    },
                    "title": {
                        "S": "Childish Games (2012)"
                    },
                    "genres": {
                        "S": "Drama|Horror|Thriller"
                    }
                }
            }
        },
        {
            "PutRequest": {
                "Item": {
                    "id": {
                        "S": "135553"
                    },
                    "title": {
                        "S": "The Crazy Life (La vida loca) (2008)"
                    },
                    "genres": {
                        "S": "Documentary"
                    }
                }
            }
        },
        {
            "PutRequest": {
                "Item": {
                    "id": {
                        "S": "135555"
                    },
                    "title": {
                        "S": "Bluffmaster! (2005)"
                    },
                    "genres": {
                        "S": "Comedy|Drama|Romance"
                    }
                }
            }
        },
        {
            "PutRequest": {
                "Item": {
                    "id": {
                        "S": "135557"
                    },
                    "title": {
                        "S": "The Treatment (2014)"
                    },
                    "genres": {
                        "S": "Thriller"
                    }
                }
            }
        },
        {
            "PutRequest": {
                "Item": {
                    "id": {
                        "S": "135559"
                    },
                    "title": {
                        "S": "Civilization (1916)"
                    },
                    "genres": {
                        "S": "Drama|War"
                    }
                }
            }
        },
        {
            "PutRequest": {
                "Item": {
                    "id": {
                        "S": "135561"
                    },
                    "title": {
                        "S": "The Loretta Claiborne Story (2000)"
                    },
                    "genres": {
                        "S": "(no genres listed)"
                    }
                }
            }
        },
        {
            "PutRequest": {
                "Item": {
                    "id": {
                        "S": "135565"
                    },
                    "title": {
                        "S": "Shocking Asia (1976)"
                    },
                    "genres": {
                        "S": "Documentary"
                    }
                }
            }
        },
        {
            "PutRequest": {
                "Item": {
                    "id": {
                        "S": "135567"
                    },
                    "title": {
                        "S": "Independence Day: Resurgence (2016)"
                    },
                    "genres": {
                        "S": "Action|Adventure|Sci-Fi"
                    }
                }
            }
        },
        {
            "PutRequest": {
                "Item": {
                    "id": {
                        "S": "135569"
                    },
                    "title": {
                        "S": "Star Trek Beyond (2016)"
                    },
                    "genres": {
                        "S": "Action|Adventure|Sci-Fi"
                    }
                }
            }
        },
        {
            "PutRequest": {
                "Item": {
                    "id": {
                        "S": "135571"
                    },
                    "title": {
                        "S": "The American Film Institute Salute to Frank Capra (1982)"
                    },
                    "genres": {
                        "S": "Documentary"
                    }
                }
            }
        },
        {
            "PutRequest": {
                "Item": {
                    "id": {
                        "S": "135573"
                    },
                    "title": {
                        "S": "Frank Capra's American Dream (1997)"
                    },
                    "genres": {
                        "S": "(no genres listed)"
                    }
                }
            }
        },
        {
            "PutRequest": {
                "Item": {
                    "id": {
                        "S": "135575"
                    },
                    "title": {
                        "S": "Fultah Fisher's Boarding House (1922)"
                    },
                    "genres": {
                        "S": "(no genres listed)"
                    }
                }
            }
        },
        {
            "PutRequest": {
                "Item": {
                    "id": {
                        "S": "135577"
                    },
                    "title": {
                        "S": "Tunnel Vision (1976)"
                    },
                    "genres": {
                        "S": "Comedy"
                    }
                }
            }
        },
        {
            "PutRequest": {
                "Item": {
                    "id": {
                        "S": "135579"
                    },
                    "title": {
                        "S": "Dreadnaught (1981)"
                    },
                    "genres": {
                        "S": "Action"
                    }
                }
            }
        },
        {
            "PutRequest": {
                "Item": {
                    "id": {
                        "S": "135581"
                    },
                    "title": {
                        "S": "Cabin by the Lake (2000)"
                    },
                    "genres": {
                        "S": "(no genres listed)"
                    }
                }
            }
        },
        {
            "PutRequest": {
                "Item": {
                    "id": {
                        "S": "135583"
                    },
                    "title": {
                        "S": "Bhoot (2003)"
                    },
                    "genres": {
                        "S": "(no genres listed)"
                    }
                }
            }
        },
        {
            "PutRequest": {
                "Item": {
                    "id": {
                        "S": "135585"
                    },
                    "title": {
                        "S": "Pizza (2012)"
                    },
                    "genres": {
                        "S": "Comedy|Horror|Romance|Thriller"
                    }
                }
            }
        },
        {
            "PutRequest": {
                "Item": {
                    "id": {
                        "S": "135587"
                    },
                    "title": {
                        "S": "Raat (1992)"
                    },
                    "genres": {
                        "S": "Crime|Horror|Thriller"
                    }
                }
            }
        },
        {
            "PutRequest": {
                "Item": {
                    "id": {
                        "S": "135589"
                    },
                    "title": {
                        "S": "1920 (2008)"
                    },
                    "genres": {
                        "S": "Drama|Horror|Thriller"
                    }
                }
            }
        }
    ]
}