{
    "movies": [
        {
            "PutRequest": {
                "Item": {
                    "id": {
                        "S": "141936"
                    },
                    "title": {
                        "S": "Preston Castle (2012)"
                    },
                    "genres": {
                        "S": "(no genres listed)"
                    }
                }
            }
        },
        {
            "PutRequest": {
                "Item": {
                    "id": {
                        "S": "141938"
                    },
                    "title": {
                        "S": "Hot Wheels Acceleracers Ignition (2005)"
                    },
                    "genres": {
                        "S": "Animation|Children"
                    }
                }
            }
        },
        {
            "PutRequest": {
                "Item": {
                    "id": {
                        "S": "141940"
                    },
                    "title": {
                        "S": "Pok\u00e9mon the Movie: Kyurem vs. the Sword of Justice (2012)"
                    },
                    "genres": {
                        "S": "(no genres listed)"
                    }
                }
            }
        },
        {
            "PutRequest": {
                "Item": {
                    "id": {
                        "S": "141942"
                    },
                    "title": {
                        "S": "Pok\u00e9mon: Zoroark: Master of Illusions (2010)"
                    },
                    "genres": {
                        "S": "Adventure|Animation|Children"
                    }
                }
            }
        },
        {
            "PutRequest": {
                "Item": {
                    "id": {
                        "S": "141944"
                    },
                    "title": {
                        "S": "...ing (2003)"
                    },
                    "genres": {
                        "S": "Drama|Romance"
                    }
                }
            }
        },
        {
            "PutRequest": {
                "Item": {
                    "id": {
                        "S": "141946"
                    },
                    "title": {
                        "S": "Meru (2015)"
                    },
                    "genres": {
                        "S": "Action|Adventure|Documentary"
                    }
                }
            }
        },
        {
            "PutRequest": {
                "Item": {
                    "id": {
                        "S": "141948"
                    },
                    "title": {
                        "S": "Lost in the Stars (1974)"
                    },
                    "genres": {
                        "S": "(no genres listed)"
                    }
                }
            }
        },
        {
            "PutRequest": {
                "Item": {
                    "id": {
                        "S": "141950"
                    },
                    "title": {
                        "S": "6 Years (2015)"
                    },
                    "genres": {
                        "S": "Drama|Romance"
                    }
                }
            }
        },
        {
            "PutRequest": {
                "Item": {
                    "id": {
                        "S": "141952"
                    },
                    "title": {
                        "S": "To Save A Life (2010)"
                    },
                    "genres": {
                        "S": "Drama"
                    }
                }
            }
        },
        {
            "PutRequest": {
                "Item": {
                    "id": {
                        "S": "141954"
                    },
                    "title": {
                        "S": "Pod (2015)"
                    },
                    "genres": {
                        "S": "Horror|Mystery|Thriller"
                    }
                }
            }
        },
        {
            "PutRequest": {
                "Item": {
                    "id": {
                        "S": "141956"
                    },
                    "title": {
                        "S": "Contracted: Phase II (2015)"
                    },
                    "genres": {
                        "S": "Drama|Horror|Thriller"
                    }
                }
            }
        },
        {
            "PutRequest": {
                "Item": {
                    "id": {
                        "S": "141958"
                    },
                    "title": {
                        "S": "A Little Thing Called Love (2010)"
                    },
                    "genres": {
                        "S": "Comedy|Romance"
                    }
                }
            }
        },
        {
            "PutRequest": {
                "Item": {
                    "id": {
                        "S": "141960"
                    },
                    "title": {
                        "S": "Lost After Dark (2014)"
                    },
                    "genres": {
                        "S": "Horror"
                    }
                }
            }
        },
        {
            "PutRequest": {
                "Item": {
                    "id": {
                        "S": "141962"
                    },
                    "title": {
                        "S": "For Elise (2013)"
                    },
                    "genres": {
                        "S": "Horror|Mystery"
                    }
                }
            }
        },
        {
            "PutRequest": {
                "Item": {
                    "id": {
                        "S": "141964"
                    },
                    "title": {
                        "S": "White Settlers (2014)"
                    },
                    "genres": {
                        "S": "Horror|Mystery|Thriller"
                    }
                }
            }
        },
        {
            "PutRequest": {
                "Item": {
                    "id": {
                        "S": "141966"
                    },
                    "title": {
                        "S": "The Dragon Chronicles: The Maidens of Heavenly Mountain (1994)"
                    },
                    "genres": {
                        "S": "Action"
                    }
                }
            }
        },
        {
            "PutRequest": {
                "Item": {
                    "id": {
                        "S": "141968"
                    },
                    "title": {
                        "S": "Xenia (2014)"
                    },
                    "genres": {
                        "S": "Drama"
                    }
                }
            }
        },
        {
            "PutRequest": {
                "Item": {
                    "id": {
                        "S": "141970"
                    },
                    "title": {
                        "S": "Pok\u00e9mon the Movie: Diancie and the Cocoon of Destruction (2014)"
                    },
                    "genres": {
                        "S": "Animation"
                    }
                }
            }
        },
        {
            "PutRequest": {
                "Item": {
                    "id": {
                        "S": "141972"
                    },
                    "title": {
                        "S": "Pok\u00e9mon the Movie: Hoopa and the Clash of Ages (2015)"
                    },
                    "genres": {
                        "S": "Action|Adventure|Animation"
                    }
                }
            }
        },
        {
            "PutRequest": {
                "Item": {
                    "id": {
                        "S": "141974"
                    },
                    "title": {
                        "S": "Felicidades (2000)"
                    },
                    "genres": {
                        "S": "Comedy"
                    }
                }
            }
        },
        {
            "PutRequest": {
                "Item": {
                    "id": {
                        "S": "141976"
                    },
                    "title": {
                        "S": "Snowglobe (2007)"
                    },
                    "genres": {
                        "S": "Children|Fantasy|Sci-Fi"
                    }
                }
            }
        },
        {
            "PutRequest": {
                "Item": {
                    "id": {
                        "S": "141978"
                    },
                    "title": {
                        "S": "Varsity Blood (2014)"
                    },
                    "genres": {
                        "S": "Horror"
                    }
                }
            }
        },
        {
            "PutRequest": {
                "Item": {
                    "id": {
                        "S": "141980"
                    },
                    "title": {
                        "S": "Doomed (2007)"
                    },
                    "genres": {
                        "S": "Horror"
                    }
                }
            }
        },
        {
            "PutRequest": {
                "Item": {
                    "id": {
                        "S": "141982"
                    },
                    "title": {
                        "S": "Mrs. Miracle (2009)"
                    },
                    "genres": {
                        "S": "Children|Comedy|Fantasy"
                    }
                }
            }
        },
        {
            "PutRequest": {
                "Item": {
                    "id": {
                        "S": "141984"
                    },
                    "title": {
                        "S": "A Little Bit Zombie (2012)"
                    },
                    "genres": {
                        "S": "Comedy|Horror|Sci-Fi"
                    }
                }
            }
        }
    ]
}