{
    "movies": [
        {
            "PutRequest": {
                "Item": {
                    "id": {
                        "S": "123312"
                    },
                    "title": {
                        "S": "The Opposite Sex (1956)"
                    },
                    "genres": {
                        "S": "Comedy|Drama|Romance"
                    }
                }
            }
        },
        {
            "PutRequest": {
                "Item": {
                    "id": {
                        "S": "123314"
                    },
                    "title": {
                        "S": "Mischief Night (2013)"
                    },
                    "genres": {
                        "S": "Drama|Horror|Thriller"
                    }
                }
            }
        },
        {
            "PutRequest": {
                "Item": {
                    "id": {
                        "S": "123316"
                    },
                    "title": {
                        "S": "Saratoga (1937)"
                    },
                    "genres": {
                        "S": "Comedy|Drama|Romance"
                    }
                }
            }
        },
        {
            "PutRequest": {
                "Item": {
                    "id": {
                        "S": "123318"
                    },
                    "title": {
                        "S": "Legendary: Tomb of the Dragon (2013)"
                    },
                    "genres": {
                        "S": "Action|Adventure"
                    }
                }
            }
        },
        {
            "PutRequest": {
                "Item": {
                    "id": {
                        "S": "123320"
                    },
                    "title": {
                        "S": "Red Riding Hood (2006)"
                    },
                    "genres": {
                        "S": "Children|Horror"
                    }
                }
            }
        },
        {
            "PutRequest": {
                "Item": {
                    "id": {
                        "S": "123322"
                    },
                    "title": {
                        "S": "Sea Beast (2008)"
                    },
                    "genres": {
                        "S": "Horror|Sci-Fi|Thriller"
                    }
                }
            }
        },
        {
            "PutRequest": {
                "Item": {
                    "id": {
                        "S": "123324"
                    },
                    "title": {
                        "S": "Hitler: The Last Ten Days (1973)"
                    },
                    "genres": {
                        "S": "Drama|War"
                    }
                }
            }
        },
        {
            "PutRequest": {
                "Item": {
                    "id": {
                        "S": "123326"
                    },
                    "title": {
                        "S": "The Man From The Alamo (1953)"
                    },
                    "genres": {
                        "S": "Western"
                    }
                }
            }
        },
        {
            "PutRequest": {
                "Item": {
                    "id": {
                        "S": "123328"
                    },
                    "title": {
                        "S": "Hard Ride to Hell (2010)"
                    },
                    "genres": {
                        "S": "Horror"
                    }
                }
            }
        },
        {
            "PutRequest": {
                "Item": {
                    "id": {
                        "S": "123331"
                    },
                    "title": {
                        "S": "End of the World (1931)"
                    },
                    "genres": {
                        "S": "Sci-Fi"
                    }
                }
            }
        },
        {
            "PutRequest": {
                "Item": {
                    "id": {
                        "S": "123333"
                    },
                    "title": {
                        "S": "Lucr\u00e8ce Borgia (1935)"
                    },
                    "genres": {
                        "S": "(no genres listed)"
                    }
                }
            }
        },
        {
            "PutRequest": {
                "Item": {
                    "id": {
                        "S": "123335"
                    },
                    "title": {
                        "S": "Un grand amour de Beethoven (1936)"
                    },
                    "genres": {
                        "S": "Drama"
                    }
                }
            }
        },
        {
            "PutRequest": {
                "Item": {
                    "id": {
                        "S": "123337"
                    },
                    "title": {
                        "S": "I Accuse (1938)"
                    },
                    "genres": {
                        "S": "Drama|Horror|Sci-Fi|War"
                    }
                }
            }
        },
        {
            "PutRequest": {
                "Item": {
                    "id": {
                        "S": "123339"
                    },
                    "title": {
                        "S": "Tower of Nesle (1955)"
                    },
                    "genres": {
                        "S": "(no genres listed)"
                    }
                }
            }
        },
        {
            "PutRequest": {
                "Item": {
                    "id": {
                        "S": "123341"
                    },
                    "title": {
                        "S": "The Battle of Austerlitz (1960)"
                    },
                    "genres": {
                        "S": "Drama"
                    }
                }
            }
        },
        {
            "PutRequest": {
                "Item": {
                    "id": {
                        "S": "123343"
                    },
                    "title": {
                        "S": "Cyrano et D'Artagnan (1964)"
                    },
                    "genres": {
                        "S": "(no genres listed)"
                    }
                }
            }
        },
        {
            "PutRequest": {
                "Item": {
                    "id": {
                        "S": "123345"
                    },
                    "title": {
                        "S": "Heatseeker (1995)"
                    },
                    "genres": {
                        "S": "(no genres listed)"
                    }
                }
            }
        },
        {
            "PutRequest": {
                "Item": {
                    "id": {
                        "S": "123347"
                    },
                    "title": {
                        "S": "Call Me Savage (1975)"
                    },
                    "genres": {
                        "S": "Adventure|Comedy|Drama|Romance"
                    }
                }
            }
        },
        {
            "PutRequest": {
                "Item": {
                    "id": {
                        "S": "123349"
                    },
                    "title": {
                        "S": "The Unholy (1988)"
                    },
                    "genres": {
                        "S": "Horror"
                    }
                }
            }
        },
        {
            "PutRequest": {
                "Item": {
                    "id": {
                        "S": "123351"
                    },
                    "title": {
                        "S": "Invitation to a Gunfighter (1964)"
                    },
                    "genres": {
                        "S": "Action|Western"
                    }
                }
            }
        },
        {
            "PutRequest": {
                "Item": {
                    "id": {
                        "S": "123353"
                    },
                    "title": {
                        "S": "The Hornet's Nest (2014)"
                    },
                    "genres": {
                        "S": "Documentary|War"
                    }
                }
            }
        },
        {
            "PutRequest": {
                "Item": {
                    "id": {
                        "S": "123355"
                    },
                    "title": {
                        "S": "Jimmy the Gent (1934)"
                    },
                    "genres": {
                        "S": "Comedy|Crime|Drama|Romance"
                    }
                }
            }
        },
        {
            "PutRequest": {
                "Item": {
                    "id": {
                        "S": "123357"
                    },
                    "title": {
                        "S": "Rain Fall (2009)"
                    },
                    "genres": {
                        "S": "Action|Adventure|Thriller"
                    }
                }
            }
        },
        {
            "PutRequest": {
                "Item": {
                    "id": {
                        "S": "123359"
                    },
                    "title": {
                        "S": "My Way (2012)"
                    },
                    "genres": {
                        "S": "Drama"
                    }
                }
            }
        },
        {
            "PutRequest": {
                "Item": {
                    "id": {
                        "S": "123361"
                    },
                    "title": {
                        "S": "Sisters (2006)"
                    },
                    "genres": {
                        "S": "Horror|Mystery|Thriller"
                    }
                }
            }
        }
    ]
}