{
    "movies": [
        {
            "PutRequest": {
                "Item": {
                    "id": {
                        "S": "123363"
                    },
                    "title": {
                        "S": "Cat's Play (1974)"
                    },
                    "genres": {
                        "S": "Drama|Romance"
                    }
                }
            }
        },
        {
            "PutRequest": {
                "Item": {
                    "id": {
                        "S": "123365"
                    },
                    "title": {
                        "S": "The House Under the Rocks (1959)"
                    },
                    "genres": {
                        "S": "Drama"
                    }
                }
            }
        },
        {
            "PutRequest": {
                "Item": {
                    "id": {
                        "S": "123367"
                    },
                    "title": {
                        "S": "Mara Maru (1952)"
                    },
                    "genres": {
                        "S": "Adventure|Drama"
                    }
                }
            }
        },
        {
            "PutRequest": {
                "Item": {
                    "id": {
                        "S": "123369"
                    },
                    "title": {
                        "S": "To Paris with Love (1955)"
                    },
                    "genres": {
                        "S": "Comedy|Drama|Romance"
                    }
                }
            }
        },
        {
            "PutRequest": {
                "Item": {
                    "id": {
                        "S": "123371"
                    },
                    "title": {
                        "S": "Struggle in the Valley (1954)"
                    },
                    "genres": {
                        "S": "(no genres listed)"
                    }
                }
            }
        },
        {
            "PutRequest": {
                "Item": {
                    "id": {
                        "S": "123373"
                    },
                    "title": {
                        "S": "Two Smart People (1946)"
                    },
                    "genres": {
                        "S": "Crime|Drama|Romance"
                    }
                }
            }
        },
        {
            "PutRequest": {
                "Item": {
                    "id": {
                        "S": "123375"
                    },
                    "title": {
                        "S": "Haunted Honeymoon (1940)"
                    },
                    "genres": {
                        "S": "Comedy|Crime"
                    }
                }
            }
        },
        {
            "PutRequest": {
                "Item": {
                    "id": {
                        "S": "123377"
                    },
                    "title": {
                        "S": "Unholy Partners (1941)"
                    },
                    "genres": {
                        "S": "Crime|Drama|Romance"
                    }
                }
            }
        },
        {
            "PutRequest": {
                "Item": {
                    "id": {
                        "S": "123379"
                    },
                    "title": {
                        "S": "Three Loves Has Nancy (1938)"
                    },
                    "genres": {
                        "S": "Comedy|Romance"
                    }
                }
            }
        },
        {
            "PutRequest": {
                "Item": {
                    "id": {
                        "S": "123381"
                    },
                    "title": {
                        "S": "Command, The (1954)"
                    },
                    "genres": {
                        "S": "Western"
                    }
                }
            }
        },
        {
            "PutRequest": {
                "Item": {
                    "id": {
                        "S": "123383"
                    },
                    "title": {
                        "S": "Mockery (1927)"
                    },
                    "genres": {
                        "S": "Drama|Romance|War"
                    }
                }
            }
        },
        {
            "PutRequest": {
                "Item": {
                    "id": {
                        "S": "123385"
                    },
                    "title": {
                        "S": "The Inspector (1962)"
                    },
                    "genres": {
                        "S": "Drama|Romance"
                    }
                }
            }
        },
        {
            "PutRequest": {
                "Item": {
                    "id": {
                        "S": "123387"
                    },
                    "title": {
                        "S": "Holiday in Mexico (1946)"
                    },
                    "genres": {
                        "S": "Comedy"
                    }
                }
            }
        },
        {
            "PutRequest": {
                "Item": {
                    "id": {
                        "S": "123389"
                    },
                    "title": {
                        "S": "Strike Me Pink (1936)"
                    },
                    "genres": {
                        "S": "Comedy"
                    }
                }
            }
        },
        {
            "PutRequest": {
                "Item": {
                    "id": {
                        "S": "123391"
                    },
                    "title": {
                        "S": "Hotel California (2008)"
                    },
                    "genres": {
                        "S": "Action|Thriller"
                    }
                }
            }
        },
        {
            "PutRequest": {
                "Item": {
                    "id": {
                        "S": "123393"
                    },
                    "title": {
                        "S": "Project Shadowchaser II (1994)"
                    },
                    "genres": {
                        "S": "Action|Sci-Fi"
                    }
                }
            }
        },
        {
            "PutRequest": {
                "Item": {
                    "id": {
                        "S": "123395"
                    },
                    "title": {
                        "S": "Nine Hours to Rama (1963)"
                    },
                    "genres": {
                        "S": "Drama"
                    }
                }
            }
        },
        {
            "PutRequest": {
                "Item": {
                    "id": {
                        "S": "123397"
                    },
                    "title": {
                        "S": "Lotte from Gadgetville (2006)"
                    },
                    "genres": {
                        "S": "(no genres listed)"
                    }
                }
            }
        },
        {
            "PutRequest": {
                "Item": {
                    "id": {
                        "S": "123399"
                    },
                    "title": {
                        "S": "Thou Shalt Not: Sex, Sin and Censorship in Pre-Code Hollywood (2008)"
                    },
                    "genres": {
                        "S": "Documentary"
                    }
                }
            }
        },
        {
            "PutRequest": {
                "Item": {
                    "id": {
                        "S": "123401"
                    },
                    "title": {
                        "S": "Man-Proof (1938)"
                    },
                    "genres": {
                        "S": "Comedy|Drama|Romance"
                    }
                }
            }
        },
        {
            "PutRequest": {
                "Item": {
                    "id": {
                        "S": "123403"
                    },
                    "title": {
                        "S": "Our Italian Husband (2006)"
                    },
                    "genres": {
                        "S": "Comedy"
                    }
                }
            }
        },
        {
            "PutRequest": {
                "Item": {
                    "id": {
                        "S": "123405"
                    },
                    "title": {
                        "S": "Tales from Muppetland: The Frog Prince (1971)"
                    },
                    "genres": {
                        "S": "Children|Fantasy"
                    }
                }
            }
        },
        {
            "PutRequest": {
                "Item": {
                    "id": {
                        "S": "123407"
                    },
                    "title": {
                        "S": "Man Of The Moment (1935)"
                    },
                    "genres": {
                        "S": "Comedy"
                    }
                }
            }
        },
        {
            "PutRequest": {
                "Item": {
                    "id": {
                        "S": "123409"
                    },
                    "title": {
                        "S": "Orion's Key (1996)"
                    },
                    "genres": {
                        "S": "Sci-Fi"
                    }
                }
            }
        },
        {
            "PutRequest": {
                "Item": {
                    "id": {
                        "S": "123411"
                    },
                    "title": {
                        "S": "Nowhere to Go (1958)"
                    },
                    "genres": {
                        "S": "Crime|Thriller"
                    }
                }
            }
        }
    ]
}