{
    "movies": [
        {
            "PutRequest": {
                "Item": {
                    "id": {
                        "S": "127136"
                    },
                    "title": {
                        "S": "True Story (2015)"
                    },
                    "genres": {
                        "S": "Drama|Mystery|Thriller"
                    }
                }
            }
        },
        {
            "PutRequest": {
                "Item": {
                    "id": {
                        "S": "127138"
                    },
                    "title": {
                        "S": "Ten Thousand Saints (2015)"
                    },
                    "genres": {
                        "S": "Comedy|Drama"
                    }
                }
            }
        },
        {
            "PutRequest": {
                "Item": {
                    "id": {
                        "S": "127140"
                    },
                    "title": {
                        "S": "Sleeping with Other People (2015)"
                    },
                    "genres": {
                        "S": "Comedy|Drama|Romance"
                    }
                }
            }
        },
        {
            "PutRequest": {
                "Item": {
                    "id": {
                        "S": "127142"
                    },
                    "title": {
                        "S": "Beaver Trilogy Part IV (2015)"
                    },
                    "genres": {
                        "S": "Documentary"
                    }
                }
            }
        },
        {
            "PutRequest": {
                "Item": {
                    "id": {
                        "S": "127144"
                    },
                    "title": {
                        "S": "Drunk Stoned Brilliant Dead: The Story of the National Lampoon (2015)"
                    },
                    "genres": {
                        "S": "Comedy|Documentary"
                    }
                }
            }
        },
        {
            "PutRequest": {
                "Item": {
                    "id": {
                        "S": "127146"
                    },
                    "title": {
                        "S": "Kurt Cobain: Montage of Heck (2015)"
                    },
                    "genres": {
                        "S": "Documentary"
                    }
                }
            }
        },
        {
            "PutRequest": {
                "Item": {
                    "id": {
                        "S": "127148"
                    },
                    "title": {
                        "S": "The Hunting Ground (2015)"
                    },
                    "genres": {
                        "S": "Documentary"
                    }
                }
            }
        },
        {
            "PutRequest": {
                "Item": {
                    "id": {
                        "S": "127150"
                    },
                    "title": {
                        "S": "Fresh Dressed (2015)"
                    },
                    "genres": {
                        "S": "Documentary"
                    }
                }
            }
        },
        {
            "PutRequest": {
                "Item": {
                    "id": {
                        "S": "127152"
                    },
                    "title": {
                        "S": "Going Clear: Scientology and the Prison of Belief (2015)"
                    },
                    "genres": {
                        "S": "Documentary"
                    }
                }
            }
        },
        {
            "PutRequest": {
                "Item": {
                    "id": {
                        "S": "127154"
                    },
                    "title": {
                        "S": "The Mask You Live In (2015)"
                    },
                    "genres": {
                        "S": "Documentary"
                    }
                }
            }
        },
        {
            "PutRequest": {
                "Item": {
                    "id": {
                        "S": "127156"
                    },
                    "title": {
                        "S": "Prophet's Prey (2015)"
                    },
                    "genres": {
                        "S": "Crime|Documentary"
                    }
                }
            }
        },
        {
            "PutRequest": {
                "Item": {
                    "id": {
                        "S": "127158"
                    },
                    "title": {
                        "S": "Tig (2015)"
                    },
                    "genres": {
                        "S": "Documentary"
                    }
                }
            }
        },
        {
            "PutRequest": {
                "Item": {
                    "id": {
                        "S": "127160"
                    },
                    "title": {
                        "S": "In Football We Trust (2015)"
                    },
                    "genres": {
                        "S": "Documentary"
                    }
                }
            }
        },
        {
            "PutRequest": {
                "Item": {
                    "id": {
                        "S": "127162"
                    },
                    "title": {
                        "S": "Most Likely to Succeed (2015)"
                    },
                    "genres": {
                        "S": "Documentary|Drama"
                    }
                }
            }
        },
        {
            "PutRequest": {
                "Item": {
                    "id": {
                        "S": "127164"
                    },
                    "title": {
                        "S": "What Happened, Miss Simone? (2015)"
                    },
                    "genres": {
                        "S": "Documentary"
                    }
                }
            }
        },
        {
            "PutRequest": {
                "Item": {
                    "id": {
                        "S": "127168"
                    },
                    "title": {
                        "S": "Life May Be (2014)"
                    },
                    "genres": {
                        "S": "Documentary"
                    }
                }
            }
        },
        {
            "PutRequest": {
                "Item": {
                    "id": {
                        "S": "127170"
                    },
                    "title": {
                        "S": "Here be Dragons (2013)"
                    },
                    "genres": {
                        "S": "Documentary"
                    }
                }
            }
        },
        {
            "PutRequest": {
                "Item": {
                    "id": {
                        "S": "127172"
                    },
                    "title": {
                        "S": "A Story of Children and Film (2013)"
                    },
                    "genres": {
                        "S": "Documentary"
                    }
                }
            }
        },
        {
            "PutRequest": {
                "Item": {
                    "id": {
                        "S": "127174"
                    },
                    "title": {
                        "S": "What is This Film Called Love? (2012)"
                    },
                    "genres": {
                        "S": "Documentary"
                    }
                }
            }
        },
        {
            "PutRequest": {
                "Item": {
                    "id": {
                        "S": "127176"
                    },
                    "title": {
                        "S": "The First Movie (2009)"
                    },
                    "genres": {
                        "S": "Documentary"
                    }
                }
            }
        },
        {
            "PutRequest": {
                "Item": {
                    "id": {
                        "S": "127178"
                    },
                    "title": {
                        "S": "99 Homes (2014)"
                    },
                    "genres": {
                        "S": "Drama"
                    }
                }
            }
        },
        {
            "PutRequest": {
                "Item": {
                    "id": {
                        "S": "127180"
                    },
                    "title": {
                        "S": "Story of Film: An Odyssey, The (2011)"
                    },
                    "genres": {
                        "S": "Documentary"
                    }
                }
            }
        },
        {
            "PutRequest": {
                "Item": {
                    "id": {
                        "S": "127182"
                    },
                    "title": {
                        "S": "Aloft (2014)"
                    },
                    "genres": {
                        "S": "Drama"
                    }
                }
            }
        },
        {
            "PutRequest": {
                "Item": {
                    "id": {
                        "S": "127184"
                    },
                    "title": {
                        "S": "Eden (2014)"
                    },
                    "genres": {
                        "S": "Drama"
                    }
                }
            }
        },
        {
            "PutRequest": {
                "Item": {
                    "id": {
                        "S": "127186"
                    },
                    "title": {
                        "S": "Girlhood (2014)"
                    },
                    "genres": {
                        "S": "Drama"
                    }
                }
            }
        }
    ]
}