{
    "movies": [
        {
            "PutRequest": {
                "Item": {
                    "id": {
                        "S": "141203"
                    },
                    "title": {
                        "S": "Aakrosh (1980)"
                    },
                    "genres": {
                        "S": "Drama"
                    }
                }
            }
        },
        {
            "PutRequest": {
                "Item": {
                    "id": {
                        "S": "141205"
                    },
                    "title": {
                        "S": "The Wistful Widow of Wagon Gap (1947)"
                    },
                    "genres": {
                        "S": "Children|Comedy|Western"
                    }
                }
            }
        },
        {
            "PutRequest": {
                "Item": {
                    "id": {
                        "S": "141207"
                    },
                    "title": {
                        "S": "The Greatest Ears in Town: The Arif Mardin Story (2010)"
                    },
                    "genres": {
                        "S": "(no genres listed)"
                    }
                }
            }
        },
        {
            "PutRequest": {
                "Item": {
                    "id": {
                        "S": "141214"
                    },
                    "title": {
                        "S": "Petunia (2013)"
                    },
                    "genres": {
                        "S": "Comedy|Drama"
                    }
                }
            }
        },
        {
            "PutRequest": {
                "Item": {
                    "id": {
                        "S": "141216"
                    },
                    "title": {
                        "S": "Pregnancy Pact (2010)"
                    },
                    "genres": {
                        "S": "Drama"
                    }
                }
            }
        },
        {
            "PutRequest": {
                "Item": {
                    "id": {
                        "S": "141219"
                    },
                    "title": {
                        "S": "Dark Corners (2006)"
                    },
                    "genres": {
                        "S": "Horror|Thriller"
                    }
                }
            }
        },
        {
            "PutRequest": {
                "Item": {
                    "id": {
                        "S": "141226"
                    },
                    "title": {
                        "S": "Night Ride Home (1999)"
                    },
                    "genres": {
                        "S": "Drama"
                    }
                }
            }
        },
        {
            "PutRequest": {
                "Item": {
                    "id": {
                        "S": "141242"
                    },
                    "title": {
                        "S": "Animals (2008)"
                    },
                    "genres": {
                        "S": "Horror|Thriller"
                    }
                }
            }
        },
        {
            "PutRequest": {
                "Item": {
                    "id": {
                        "S": "141245"
                    },
                    "title": {
                        "S": "Stuntmen (2009)"
                    },
                    "genres": {
                        "S": "Comedy"
                    }
                }
            }
        },
        {
            "PutRequest": {
                "Item": {
                    "id": {
                        "S": "141251"
                    },
                    "title": {
                        "S": "Demetri Martin: Live (At The Time) (2015)"
                    },
                    "genres": {
                        "S": "Comedy"
                    }
                }
            }
        },
        {
            "PutRequest": {
                "Item": {
                    "id": {
                        "S": "141254"
                    },
                    "title": {
                        "S": "Escapade In Japan (1957)"
                    },
                    "genres": {
                        "S": "Adventure|Children"
                    }
                }
            }
        },
        {
            "PutRequest": {
                "Item": {
                    "id": {
                        "S": "141256"
                    },
                    "title": {
                        "S": "Escort West (1959)"
                    },
                    "genres": {
                        "S": "Action|Western"
                    }
                }
            }
        },
        {
            "PutRequest": {
                "Item": {
                    "id": {
                        "S": "141260"
                    },
                    "title": {
                        "S": "Flashback - M\u00f6rderische Ferien (2000)"
                    },
                    "genres": {
                        "S": "Horror"
                    }
                }
            }
        },
        {
            "PutRequest": {
                "Item": {
                    "id": {
                        "S": "141262"
                    },
                    "title": {
                        "S": "Flashback (1969)"
                    },
                    "genres": {
                        "S": "Drama|War"
                    }
                }
            }
        },
        {
            "PutRequest": {
                "Item": {
                    "id": {
                        "S": "141264"
                    },
                    "title": {
                        "S": "Flight Angels (1940)"
                    },
                    "genres": {
                        "S": "Drama"
                    }
                }
            }
        },
        {
            "PutRequest": {
                "Item": {
                    "id": {
                        "S": "141267"
                    },
                    "title": {
                        "S": "Four Guns to the Border (1954)"
                    },
                    "genres": {
                        "S": "Western"
                    }
                }
            }
        },
        {
            "PutRequest": {
                "Item": {
                    "id": {
                        "S": "141269"
                    },
                    "title": {
                        "S": "Government Girl (1943)"
                    },
                    "genres": {
                        "S": "Comedy"
                    }
                }
            }
        },
        {
            "PutRequest": {
                "Item": {
                    "id": {
                        "S": "141271"
                    },
                    "title": {
                        "S": "Having Wonderful Time (1938)"
                    },
                    "genres": {
                        "S": "Comedy|Romance"
                    }
                }
            }
        },
        {
            "PutRequest": {
                "Item": {
                    "id": {
                        "S": "141273"
                    },
                    "title": {
                        "S": "A Hill in Korea (1956)"
                    },
                    "genres": {
                        "S": "Drama|War"
                    }
                }
            }
        },
        {
            "PutRequest": {
                "Item": {
                    "id": {
                        "S": "141275"
                    },
                    "title": {
                        "S": "Hendrix (2000)"
                    },
                    "genres": {
                        "S": "Drama"
                    }
                }
            }
        },
        {
            "PutRequest": {
                "Item": {
                    "id": {
                        "S": "141277"
                    },
                    "title": {
                        "S": "Her Cardboard Lover (1942)"
                    },
                    "genres": {
                        "S": "Comedy|Romance"
                    }
                }
            }
        },
        {
            "PutRequest": {
                "Item": {
                    "id": {
                        "S": "141279"
                    },
                    "title": {
                        "S": "The Cardboard Lover (1928)"
                    },
                    "genres": {
                        "S": "Comedy|Romance"
                    }
                }
            }
        },
        {
            "PutRequest": {
                "Item": {
                    "id": {
                        "S": "141281"
                    },
                    "title": {
                        "S": "Hero's Island (1962)"
                    },
                    "genres": {
                        "S": "Action|Adventure|Drama"
                    }
                }
            }
        },
        {
            "PutRequest": {
                "Item": {
                    "id": {
                        "S": "141283"
                    },
                    "title": {
                        "S": "Holy Matrimony (1943)"
                    },
                    "genres": {
                        "S": "Comedy|Drama"
                    }
                }
            }
        },
        {
            "PutRequest": {
                "Item": {
                    "id": {
                        "S": "141286"
                    },
                    "title": {
                        "S": "Hard Time: Hostage Hotel (2000)"
                    },
                    "genres": {
                        "S": "Action|Thriller"
                    }
                }
            }
        }
    ]
}