{
    "movies": [
        {
            "PutRequest": {
                "Item": {
                    "id": {
                        "S": "148396"
                    },
                    "title": {
                        "S": "Lady of Csejte (2015)"
                    },
                    "genres": {
                        "S": "Drama|Horror|Thriller"
                    }
                }
            }
        },
        {
            "PutRequest": {
                "Item": {
                    "id": {
                        "S": "148398"
                    },
                    "title": {
                        "S": "Bes\u00f6karna (1988)"
                    },
                    "genres": {
                        "S": "Horror"
                    }
                }
            }
        },
        {
            "PutRequest": {
                "Item": {
                    "id": {
                        "S": "148400"
                    },
                    "title": {
                        "S": "Highway of Tears (2014)"
                    },
                    "genres": {
                        "S": "Documentary"
                    }
                }
            }
        },
        {
            "PutRequest": {
                "Item": {
                    "id": {
                        "S": "148402"
                    },
                    "title": {
                        "S": "Drone (2014)"
                    },
                    "genres": {
                        "S": "Documentary|War"
                    }
                }
            }
        },
        {
            "PutRequest": {
                "Item": {
                    "id": {
                        "S": "148404"
                    },
                    "title": {
                        "S": "The President (2014)"
                    },
                    "genres": {
                        "S": "Drama"
                    }
                }
            }
        },
        {
            "PutRequest": {
                "Item": {
                    "id": {
                        "S": "148406"
                    },
                    "title": {
                        "S": "Home from Home \u2013 Chronicle of a Vision (2013)"
                    },
                    "genres": {
                        "S": "Drama"
                    }
                }
            }
        },
        {
            "PutRequest": {
                "Item": {
                    "id": {
                        "S": "148408"
                    },
                    "title": {
                        "S": "Mars Needs Women (1967)"
                    },
                    "genres": {
                        "S": "Horror|Sci-Fi"
                    }
                }
            }
        },
        {
            "PutRequest": {
                "Item": {
                    "id": {
                        "S": "148410"
                    },
                    "title": {
                        "S": "The Hollow (2015)"
                    },
                    "genres": {
                        "S": "Horror"
                    }
                }
            }
        },
        {
            "PutRequest": {
                "Item": {
                    "id": {
                        "S": "148412"
                    },
                    "title": {
                        "S": "Quantum Apocalypse (2010)"
                    },
                    "genres": {
                        "S": "Sci-Fi"
                    }
                }
            }
        },
        {
            "PutRequest": {
                "Item": {
                    "id": {
                        "S": "148414"
                    },
                    "title": {
                        "S": "End of the World (2013)"
                    },
                    "genres": {
                        "S": "Action|Adventure|Comedy|Sci-Fi"
                    }
                }
            }
        },
        {
            "PutRequest": {
                "Item": {
                    "id": {
                        "S": "148416"
                    },
                    "title": {
                        "S": "The 12 Disasters of Christmas (2012)"
                    },
                    "genres": {
                        "S": "Sci-Fi"
                    }
                }
            }
        },
        {
            "PutRequest": {
                "Item": {
                    "id": {
                        "S": "148418"
                    },
                    "title": {
                        "S": "Earthfall (2015)"
                    },
                    "genres": {
                        "S": "Action|Sci-Fi"
                    }
                }
            }
        },
        {
            "PutRequest": {
                "Item": {
                    "id": {
                        "S": "148420"
                    },
                    "title": {
                        "S": "10.0 Earthquake (2014)"
                    },
                    "genres": {
                        "S": "Action|Adventure"
                    }
                }
            }
        },
        {
            "PutRequest": {
                "Item": {
                    "id": {
                        "S": "148422"
                    },
                    "title": {
                        "S": "Mega Shark vs. Mecha Shark (2014)"
                    },
                    "genres": {
                        "S": "Action|Sci-Fi|Thriller"
                    }
                }
            }
        },
        {
            "PutRequest": {
                "Item": {
                    "id": {
                        "S": "148424"
                    },
                    "title": {
                        "S": "Chi-Raq (2015)"
                    },
                    "genres": {
                        "S": "Comedy|Drama"
                    }
                }
            }
        },
        {
            "PutRequest": {
                "Item": {
                    "id": {
                        "S": "148426"
                    },
                    "title": {
                        "S": "Fateful Findings (2013)"
                    },
                    "genres": {
                        "S": "Drama|Fantasy|Thriller"
                    }
                }
            }
        },
        {
            "PutRequest": {
                "Item": {
                    "id": {
                        "S": "148428"
                    },
                    "title": {
                        "S": "Heartstopper (2006)"
                    },
                    "genres": {
                        "S": "Horror"
                    }
                }
            }
        },
        {
            "PutRequest": {
                "Item": {
                    "id": {
                        "S": "148430"
                    },
                    "title": {
                        "S": "Naked as We Came (2013)"
                    },
                    "genres": {
                        "S": "(no genres listed)"
                    }
                }
            }
        },
        {
            "PutRequest": {
                "Item": {
                    "id": {
                        "S": "148432"
                    },
                    "title": {
                        "S": "Jim Henson\u2019s Turkey Hollow (2015)"
                    },
                    "genres": {
                        "S": "Comedy"
                    }
                }
            }
        },
        {
            "PutRequest": {
                "Item": {
                    "id": {
                        "S": "148434"
                    },
                    "title": {
                        "S": "Eating Out: Drama Camp (2011)"
                    },
                    "genres": {
                        "S": "Comedy"
                    }
                }
            }
        },
        {
            "PutRequest": {
                "Item": {
                    "id": {
                        "S": "148438"
                    },
                    "title": {
                        "S": "Madeline: Lost in Paris (1999)"
                    },
                    "genres": {
                        "S": "Animation"
                    }
                }
            }
        },
        {
            "PutRequest": {
                "Item": {
                    "id": {
                        "S": "148440"
                    },
                    "title": {
                        "S": "Babysitting 2 (2015)"
                    },
                    "genres": {
                        "S": "Comedy"
                    }
                }
            }
        },
        {
            "PutRequest": {
                "Item": {
                    "id": {
                        "S": "148442"
                    },
                    "title": {
                        "S": "My Life Directed by Nicolas Winding Refn (2014)"
                    },
                    "genres": {
                        "S": "Documentary"
                    }
                }
            }
        },
        {
            "PutRequest": {
                "Item": {
                    "id": {
                        "S": "148444"
                    },
                    "title": {
                        "S": "Emil and the Detectives (1931)"
                    },
                    "genres": {
                        "S": "Comedy|Crime"
                    }
                }
            }
        },
        {
            "PutRequest": {
                "Item": {
                    "id": {
                        "S": "148446"
                    },
                    "title": {
                        "S": "The Knockout (1914)"
                    },
                    "genres": {
                        "S": "Comedy"
                    }
                }
            }
        }
    ]
}