{
    "movies": [
        {
            "PutRequest": {
                "Item": {
                    "id": {
                        "S": "140531"
                    },
                    "title": {
                        "S": "Coo of The Far Seas (1993)"
                    },
                    "genres": {
                        "S": "(no genres listed)"
                    }
                }
            }
        },
        {
            "PutRequest": {
                "Item": {
                    "id": {
                        "S": "140533"
                    },
                    "title": {
                        "S": "Gwen, the Book of Sand (1985)"
                    },
                    "genres": {
                        "S": "Adventure|Animation|Fantasy|Sci-Fi"
                    }
                }
            }
        },
        {
            "PutRequest": {
                "Item": {
                    "id": {
                        "S": "140535"
                    },
                    "title": {
                        "S": "Nesting (2012)"
                    },
                    "genres": {
                        "S": "Comedy|Horror|Romance"
                    }
                }
            }
        },
        {
            "PutRequest": {
                "Item": {
                    "id": {
                        "S": "140537"
                    },
                    "title": {
                        "S": "Redeemer (2014)"
                    },
                    "genres": {
                        "S": "Action|Crime"
                    }
                }
            }
        },
        {
            "PutRequest": {
                "Item": {
                    "id": {
                        "S": "140539"
                    },
                    "title": {
                        "S": "Pauvre Pierrot (1892)"
                    },
                    "genres": {
                        "S": "Animation"
                    }
                }
            }
        },
        {
            "PutRequest": {
                "Item": {
                    "id": {
                        "S": "140541"
                    },
                    "title": {
                        "S": "The Electric Hotel (1908)"
                    },
                    "genres": {
                        "S": "Animation|Comedy|Sci-Fi"
                    }
                }
            }
        },
        {
            "PutRequest": {
                "Item": {
                    "id": {
                        "S": "140543"
                    },
                    "title": {
                        "S": "Birth of a Flower (1910)"
                    },
                    "genres": {
                        "S": "Documentary"
                    }
                }
            }
        },
        {
            "PutRequest": {
                "Item": {
                    "id": {
                        "S": "140545"
                    },
                    "title": {
                        "S": "Fantasmagorie (1908)"
                    },
                    "genres": {
                        "S": "(no genres listed)"
                    }
                }
            }
        },
        {
            "PutRequest": {
                "Item": {
                    "id": {
                        "S": "140547"
                    },
                    "title": {
                        "S": "The Merry Skeleton (1898)"
                    },
                    "genres": {
                        "S": "Comedy"
                    }
                }
            }
        },
        {
            "PutRequest": {
                "Item": {
                    "id": {
                        "S": "140549"
                    },
                    "title": {
                        "S": "Serpentine Dance: Lo\u00efe Fuller (1897)"
                    },
                    "genres": {
                        "S": "(no genres listed)"
                    }
                }
            }
        },
        {
            "PutRequest": {
                "Item": {
                    "id": {
                        "S": "140551"
                    },
                    "title": {
                        "S": "The Melomaniac (1903)"
                    },
                    "genres": {
                        "S": "Comedy"
                    }
                }
            }
        },
        {
            "PutRequest": {
                "Item": {
                    "id": {
                        "S": "140553"
                    },
                    "title": {
                        "S": "Winsor McCay, the Famous Cartoonist of the N.Y. Herald and His Moving Comics (1911)"
                    },
                    "genres": {
                        "S": "Animation|Comedy"
                    }
                }
            }
        },
        {
            "PutRequest": {
                "Item": {
                    "id": {
                        "S": "140555"
                    },
                    "title": {
                        "S": "The Dinosaur and the Missing Link: A Prehistoric Tragedy (1915)"
                    },
                    "genres": {
                        "S": "Animation|Comedy"
                    }
                }
            }
        },
        {
            "PutRequest": {
                "Item": {
                    "id": {
                        "S": "140557"
                    },
                    "title": {
                        "S": "A Is for Autism (1992)"
                    },
                    "genres": {
                        "S": "Animation|Documentary"
                    }
                }
            }
        },
        {
            "PutRequest": {
                "Item": {
                    "id": {
                        "S": "140559"
                    },
                    "title": {
                        "S": "7G Rainbow Colony (2004)"
                    },
                    "genres": {
                        "S": "Drama|Romance"
                    }
                }
            }
        },
        {
            "PutRequest": {
                "Item": {
                    "id": {
                        "S": "140561"
                    },
                    "title": {
                        "S": "Jeff Ross Roasts Criminals: Live at Brazos County Jail (2015)"
                    },
                    "genres": {
                        "S": "Comedy|Documentary"
                    }
                }
            }
        },
        {
            "PutRequest": {
                "Item": {
                    "id": {
                        "S": "140563"
                    },
                    "title": {
                        "S": "Pittsburgh (2006)"
                    },
                    "genres": {
                        "S": "Comedy|Documentary"
                    }
                }
            }
        },
        {
            "PutRequest": {
                "Item": {
                    "id": {
                        "S": "140565"
                    },
                    "title": {
                        "S": "Let It Shine (2012)"
                    },
                    "genres": {
                        "S": "Children"
                    }
                }
            }
        },
        {
            "PutRequest": {
                "Item": {
                    "id": {
                        "S": "140567"
                    },
                    "title": {
                        "S": "Sinful Davey (1969)"
                    },
                    "genres": {
                        "S": "Adventure|Comedy|Crime"
                    }
                }
            }
        },
        {
            "PutRequest": {
                "Item": {
                    "id": {
                        "S": "140569"
                    },
                    "title": {
                        "S": "The Further Adventures of the Wilderness Family (1978)"
                    },
                    "genres": {
                        "S": "Adventure|Children"
                    }
                }
            }
        },
        {
            "PutRequest": {
                "Item": {
                    "id": {
                        "S": "140571"
                    },
                    "title": {
                        "S": "Spud 2: The Madness Continues (2013)"
                    },
                    "genres": {
                        "S": "Comedy|Drama"
                    }
                }
            }
        },
        {
            "PutRequest": {
                "Item": {
                    "id": {
                        "S": "140573"
                    },
                    "title": {
                        "S": "How to Sell a Banksy (2012)"
                    },
                    "genres": {
                        "S": "Documentary"
                    }
                }
            }
        },
        {
            "PutRequest": {
                "Item": {
                    "id": {
                        "S": "140575"
                    },
                    "title": {
                        "S": "Spawn of the Slithis (1978)"
                    },
                    "genres": {
                        "S": "Horror|Sci-Fi|Thriller"
                    }
                }
            }
        },
        {
            "PutRequest": {
                "Item": {
                    "id": {
                        "S": "140577"
                    },
                    "title": {
                        "S": "The Battle of Gettysburg (1955)"
                    },
                    "genres": {
                        "S": "(no genres listed)"
                    }
                }
            }
        },
        {
            "PutRequest": {
                "Item": {
                    "id": {
                        "S": "140579"
                    },
                    "title": {
                        "S": "My Sweet Little Village (1985)"
                    },
                    "genres": {
                        "S": "Comedy"
                    }
                }
            }
        }
    ]
}