{
    "movies": [
        {
            "PutRequest": {
                "Item": {
                    "id": {
                        "S": "139871"
                    },
                    "title": {
                        "S": "A Year in Champagne (2014)"
                    },
                    "genres": {
                        "S": "Documentary"
                    }
                }
            }
        },
        {
            "PutRequest": {
                "Item": {
                    "id": {
                        "S": "139873"
                    },
                    "title": {
                        "S": "Sherlock Holmes (1922)"
                    },
                    "genres": {
                        "S": "Drama|Mystery|Thriller"
                    }
                }
            }
        },
        {
            "PutRequest": {
                "Item": {
                    "id": {
                        "S": "139875"
                    },
                    "title": {
                        "S": "The Trail Of Tears: Cherokee Legacy (2006)"
                    },
                    "genres": {
                        "S": "Documentary"
                    }
                }
            }
        },
        {
            "PutRequest": {
                "Item": {
                    "id": {
                        "S": "139877"
                    },
                    "title": {
                        "S": "Fire! (1968)"
                    },
                    "genres": {
                        "S": "(no genres listed)"
                    }
                }
            }
        },
        {
            "PutRequest": {
                "Item": {
                    "id": {
                        "S": "139879"
                    },
                    "title": {
                        "S": "Stephen Fry: The Secret Life of the Manic Depressive (2006)"
                    },
                    "genres": {
                        "S": "Documentary"
                    }
                }
            }
        },
        {
            "PutRequest": {
                "Item": {
                    "id": {
                        "S": "139881"
                    },
                    "title": {
                        "S": "Dr. Ketel (2011)"
                    },
                    "genres": {
                        "S": "Thriller"
                    }
                }
            }
        },
        {
            "PutRequest": {
                "Item": {
                    "id": {
                        "S": "139883"
                    },
                    "title": {
                        "S": "FTA (1972)"
                    },
                    "genres": {
                        "S": "Comedy|Documentary"
                    }
                }
            }
        },
        {
            "PutRequest": {
                "Item": {
                    "id": {
                        "S": "139885"
                    },
                    "title": {
                        "S": "2 Young (2005)"
                    },
                    "genres": {
                        "S": "Drama|Romance"
                    }
                }
            }
        },
        {
            "PutRequest": {
                "Item": {
                    "id": {
                        "S": "139887"
                    },
                    "title": {
                        "S": "But Always (2014)"
                    },
                    "genres": {
                        "S": "Drama|Romance"
                    }
                }
            }
        },
        {
            "PutRequest": {
                "Item": {
                    "id": {
                        "S": "139889"
                    },
                    "title": {
                        "S": "Tiny Times (2013)"
                    },
                    "genres": {
                        "S": "Comedy|Drama|Romance"
                    }
                }
            }
        },
        {
            "PutRequest": {
                "Item": {
                    "id": {
                        "S": "139891"
                    },
                    "title": {
                        "S": "Tiny Times 2 (2013)"
                    },
                    "genres": {
                        "S": "Comedy|Drama|Romance"
                    }
                }
            }
        },
        {
            "PutRequest": {
                "Item": {
                    "id": {
                        "S": "139893"
                    },
                    "title": {
                        "S": "Tiny Times 3 (2014)"
                    },
                    "genres": {
                        "S": "Drama|Romance"
                    }
                }
            }
        },
        {
            "PutRequest": {
                "Item": {
                    "id": {
                        "S": "139895"
                    },
                    "title": {
                        "S": "English, August (1994)"
                    },
                    "genres": {
                        "S": "Comedy|Drama"
                    }
                }
            }
        },
        {
            "PutRequest": {
                "Item": {
                    "id": {
                        "S": "139897"
                    },
                    "title": {
                        "S": "Somewhere Only We Know (2015)"
                    },
                    "genres": {
                        "S": "Drama|Romance"
                    }
                }
            }
        },
        {
            "PutRequest": {
                "Item": {
                    "id": {
                        "S": "139899"
                    },
                    "title": {
                        "S": "The Continent (2014)"
                    },
                    "genres": {
                        "S": "Drama"
                    }
                }
            }
        },
        {
            "PutRequest": {
                "Item": {
                    "id": {
                        "S": "139901"
                    },
                    "title": {
                        "S": "Triumph in the Skies (2015)"
                    },
                    "genres": {
                        "S": "Comedy|Drama|Romance"
                    }
                }
            }
        },
        {
            "PutRequest": {
                "Item": {
                    "id": {
                        "S": "139903"
                    },
                    "title": {
                        "S": "The Eleventh Victim (2012)"
                    },
                    "genres": {
                        "S": "Thriller"
                    }
                }
            }
        },
        {
            "PutRequest": {
                "Item": {
                    "id": {
                        "S": "139905"
                    },
                    "title": {
                        "S": "Terror Out of the Sky (1978)"
                    },
                    "genres": {
                        "S": "Drama|Horror"
                    }
                }
            }
        },
        {
            "PutRequest": {
                "Item": {
                    "id": {
                        "S": "139907"
                    },
                    "title": {
                        "S": "Bees, The (1978)"
                    },
                    "genres": {
                        "S": "Horror|Sci-Fi"
                    }
                }
            }
        },
        {
            "PutRequest": {
                "Item": {
                    "id": {
                        "S": "139909"
                    },
                    "title": {
                        "S": "Russian Terminator (1989)"
                    },
                    "genres": {
                        "S": "Action"
                    }
                }
            }
        },
        {
            "PutRequest": {
                "Item": {
                    "id": {
                        "S": "139911"
                    },
                    "title": {
                        "S": "Black Indians: An American Story (2004)"
                    },
                    "genres": {
                        "S": "Documentary"
                    }
                }
            }
        },
        {
            "PutRequest": {
                "Item": {
                    "id": {
                        "S": "139913"
                    },
                    "title": {
                        "S": "Une heure de tranquillit\u00e9 (2014)"
                    },
                    "genres": {
                        "S": "Comedy"
                    }
                }
            }
        },
        {
            "PutRequest": {
                "Item": {
                    "id": {
                        "S": "139915"
                    },
                    "title": {
                        "S": "How to Make Love Like an Englishman (2014)"
                    },
                    "genres": {
                        "S": "Comedy|Romance"
                    }
                }
            }
        },
        {
            "PutRequest": {
                "Item": {
                    "id": {
                        "S": "139918"
                    },
                    "title": {
                        "S": "The Ghost Army (2013)"
                    },
                    "genres": {
                        "S": "Documentary|War"
                    }
                }
            }
        },
        {
            "PutRequest": {
                "Item": {
                    "id": {
                        "S": "139920"
                    },
                    "title": {
                        "S": "Women of the Prehistoric Planet (1966)"
                    },
                    "genres": {
                        "S": "Action|Adventure|Sci-Fi"
                    }
                }
            }
        }
    ]
}