{
    "movies": [
        {
            "PutRequest": {
                "Item": {
                    "id": {
                        "S": "142576"
                    },
                    "title": {
                        "S": "Genius (1999)"
                    },
                    "genres": {
                        "S": "Children|Comedy|Drama"
                    }
                }
            }
        },
        {
            "PutRequest": {
                "Item": {
                    "id": {
                        "S": "142578"
                    },
                    "title": {
                        "S": "Teen Lust (2014)"
                    },
                    "genres": {
                        "S": "Comedy"
                    }
                }
            }
        },
        {
            "PutRequest": {
                "Item": {
                    "id": {
                        "S": "142580"
                    },
                    "title": {
                        "S": "Deadly Stranger (1988)"
                    },
                    "genres": {
                        "S": "Thriller"
                    }
                }
            }
        },
        {
            "PutRequest": {
                "Item": {
                    "id": {
                        "S": "142582"
                    },
                    "title": {
                        "S": "The Last Fight (1983)"
                    },
                    "genres": {
                        "S": "Drama"
                    }
                }
            }
        },
        {
            "PutRequest": {
                "Item": {
                    "id": {
                        "S": "142584"
                    },
                    "title": {
                        "S": "Scanner Cop (1994)"
                    },
                    "genres": {
                        "S": "Horror|Sci-Fi"
                    }
                }
            }
        },
        {
            "PutRequest": {
                "Item": {
                    "id": {
                        "S": "142586"
                    },
                    "title": {
                        "S": "The Timber (2015)"
                    },
                    "genres": {
                        "S": "Adventure|Drama|Western"
                    }
                }
            }
        },
        {
            "PutRequest": {
                "Item": {
                    "id": {
                        "S": "142588"
                    },
                    "title": {
                        "S": "Sriracha (2013)"
                    },
                    "genres": {
                        "S": "Documentary"
                    }
                }
            }
        },
        {
            "PutRequest": {
                "Item": {
                    "id": {
                        "S": "142590"
                    },
                    "title": {
                        "S": "The Willies (1990)"
                    },
                    "genres": {
                        "S": "Comedy|Horror"
                    }
                }
            }
        },
        {
            "PutRequest": {
                "Item": {
                    "id": {
                        "S": "142592"
                    },
                    "title": {
                        "S": "Seduction: Three Tales from the 'Inner Sanctum' (1992)"
                    },
                    "genres": {
                        "S": "Thriller"
                    }
                }
            }
        },
        {
            "PutRequest": {
                "Item": {
                    "id": {
                        "S": "142594"
                    },
                    "title": {
                        "S": "Project Alien (1990)"
                    },
                    "genres": {
                        "S": "Action|Sci-Fi"
                    }
                }
            }
        },
        {
            "PutRequest": {
                "Item": {
                    "id": {
                        "S": "142596"
                    },
                    "title": {
                        "S": "Evil Things (2009)"
                    },
                    "genres": {
                        "S": "Horror"
                    }
                }
            }
        },
        {
            "PutRequest": {
                "Item": {
                    "id": {
                        "S": "142598"
                    },
                    "title": {
                        "S": "Last Shift (2014)"
                    },
                    "genres": {
                        "S": "Horror"
                    }
                }
            }
        },
        {
            "PutRequest": {
                "Item": {
                    "id": {
                        "S": "142600"
                    },
                    "title": {
                        "S": "The Immortal Voyage of Captain Drake (2009)"
                    },
                    "genres": {
                        "S": "Adventure|Fantasy"
                    }
                }
            }
        },
        {
            "PutRequest": {
                "Item": {
                    "id": {
                        "S": "142602"
                    },
                    "title": {
                        "S": "F*ck You, Goethe 2 (2015)"
                    },
                    "genres": {
                        "S": "Comedy"
                    }
                }
            }
        },
        {
            "PutRequest": {
                "Item": {
                    "id": {
                        "S": "142604"
                    },
                    "title": {
                        "S": "Pay the Ghost (2015)"
                    },
                    "genres": {
                        "S": "Horror|Thriller"
                    }
                }
            }
        },
        {
            "PutRequest": {
                "Item": {
                    "id": {
                        "S": "142606"
                    },
                    "title": {
                        "S": "A Million (2009)"
                    },
                    "genres": {
                        "S": "Thriller"
                    }
                }
            }
        },
        {
            "PutRequest": {
                "Item": {
                    "id": {
                        "S": "142608"
                    },
                    "title": {
                        "S": "A Song of Lisbon (1933)"
                    },
                    "genres": {
                        "S": "Comedy"
                    }
                }
            }
        },
        {
            "PutRequest": {
                "Item": {
                    "id": {
                        "S": "142610"
                    },
                    "title": {
                        "S": "Un mundo cuadrado (2012)"
                    },
                    "genres": {
                        "S": "(no genres listed)"
                    }
                }
            }
        },
        {
            "PutRequest": {
                "Item": {
                    "id": {
                        "S": "142612"
                    },
                    "title": {
                        "S": "Give 'em Hell, Harry! (1975)"
                    },
                    "genres": {
                        "S": "(no genres listed)"
                    }
                }
            }
        },
        {
            "PutRequest": {
                "Item": {
                    "id": {
                        "S": "142614"
                    },
                    "title": {
                        "S": "Catch Me Daddy (2015)"
                    },
                    "genres": {
                        "S": "(no genres listed)"
                    }
                }
            }
        },
        {
            "PutRequest": {
                "Item": {
                    "id": {
                        "S": "142616"
                    },
                    "title": {
                        "S": "The Furthest End Awaits (2014)"
                    },
                    "genres": {
                        "S": "(no genres listed)"
                    }
                }
            }
        },
        {
            "PutRequest": {
                "Item": {
                    "id": {
                        "S": "142618"
                    },
                    "title": {
                        "S": "Flying Colors (2015)"
                    },
                    "genres": {
                        "S": "Comedy|Drama"
                    }
                }
            }
        },
        {
            "PutRequest": {
                "Item": {
                    "id": {
                        "S": "142620"
                    },
                    "title": {
                        "S": "Solomon's Perjury 1: Suspicion (2015)"
                    },
                    "genres": {
                        "S": "(no genres listed)"
                    }
                }
            }
        },
        {
            "PutRequest": {
                "Item": {
                    "id": {
                        "S": "142622"
                    },
                    "title": {
                        "S": "King of Mahjong (2015)"
                    },
                    "genres": {
                        "S": "Comedy"
                    }
                }
            }
        },
        {
            "PutRequest": {
                "Item": {
                    "id": {
                        "S": "142624"
                    },
                    "title": {
                        "S": "Davy Crockett, Indian Scout (1950)"
                    },
                    "genres": {
                        "S": "Adventure|Western"
                    }
                }
            }
        }
    ]
}