{
    "movies": [
        {
            "PutRequest": {
                "Item": {
                    "id": {
                        "S": "140649"
                    },
                    "title": {
                        "S": "Csinibaba (1997)"
                    },
                    "genres": {
                        "S": "Comedy"
                    }
                }
            }
        },
        {
            "PutRequest": {
                "Item": {
                    "id": {
                        "S": "140651"
                    },
                    "title": {
                        "S": "Made in Hungaria (2009)"
                    },
                    "genres": {
                        "S": "Comedy|Romance"
                    }
                }
            }
        },
        {
            "PutRequest": {
                "Item": {
                    "id": {
                        "S": "140653"
                    },
                    "title": {
                        "S": "Spirit of the Marathon (2008)"
                    },
                    "genres": {
                        "S": "Documentary"
                    }
                }
            }
        },
        {
            "PutRequest": {
                "Item": {
                    "id": {
                        "S": "140655"
                    },
                    "title": {
                        "S": "Painted Skin: The Resurrection (2012)"
                    },
                    "genres": {
                        "S": "Drama|Fantasy"
                    }
                }
            }
        },
        {
            "PutRequest": {
                "Item": {
                    "id": {
                        "S": "140657"
                    },
                    "title": {
                        "S": "Sakura Killers (1987)"
                    },
                    "genres": {
                        "S": "Action"
                    }
                }
            }
        },
        {
            "PutRequest": {
                "Item": {
                    "id": {
                        "S": "140659"
                    },
                    "title": {
                        "S": "The Rise and Rise of Michael Rimmer (1970)"
                    },
                    "genres": {
                        "S": "Comedy|Drama"
                    }
                }
            }
        },
        {
            "PutRequest": {
                "Item": {
                    "id": {
                        "S": "140661"
                    },
                    "title": {
                        "S": "I Saw What You Did (1988)"
                    },
                    "genres": {
                        "S": "Drama|Horror|Thriller"
                    }
                }
            }
        },
        {
            "PutRequest": {
                "Item": {
                    "id": {
                        "S": "140663"
                    },
                    "title": {
                        "S": "Blood Brothers (1973)"
                    },
                    "genres": {
                        "S": "Crime|Drama"
                    }
                }
            }
        },
        {
            "PutRequest": {
                "Item": {
                    "id": {
                        "S": "140665"
                    },
                    "title": {
                        "S": "84 Charlie Mopic (1989)"
                    },
                    "genres": {
                        "S": "Adventure|Drama"
                    }
                }
            }
        },
        {
            "PutRequest": {
                "Item": {
                    "id": {
                        "S": "140667"
                    },
                    "title": {
                        "S": "Deadly Chase (1978)"
                    },
                    "genres": {
                        "S": "(no genres listed)"
                    }
                }
            }
        },
        {
            "PutRequest": {
                "Item": {
                    "id": {
                        "S": "140669"
                    },
                    "title": {
                        "S": "L'onorata famiglia (1976)"
                    },
                    "genres": {
                        "S": "Crime|Drama"
                    }
                }
            }
        },
        {
            "PutRequest": {
                "Item": {
                    "id": {
                        "S": "140671"
                    },
                    "title": {
                        "S": "The Black Hand (1973)"
                    },
                    "genres": {
                        "S": "Crime"
                    }
                }
            }
        },
        {
            "PutRequest": {
                "Item": {
                    "id": {
                        "S": "140679"
                    },
                    "title": {
                        "S": "Bloody Friday (1972)"
                    },
                    "genres": {
                        "S": "Action|Crime|Drama|Thriller"
                    }
                }
            }
        },
        {
            "PutRequest": {
                "Item": {
                    "id": {
                        "S": "140681"
                    },
                    "title": {
                        "S": "Ghadi (2013)"
                    },
                    "genres": {
                        "S": "Children|Comedy|Drama"
                    }
                }
            }
        },
        {
            "PutRequest": {
                "Item": {
                    "id": {
                        "S": "140683"
                    },
                    "title": {
                        "S": "West (2013)"
                    },
                    "genres": {
                        "S": "Drama"
                    }
                }
            }
        },
        {
            "PutRequest": {
                "Item": {
                    "id": {
                        "S": "140685"
                    },
                    "title": {
                        "S": "Your Honor (1973)"
                    },
                    "genres": {
                        "S": "(no genres listed)"
                    }
                }
            }
        },
        {
            "PutRequest": {
                "Item": {
                    "id": {
                        "S": "140687"
                    },
                    "title": {
                        "S": "Dog Tags (1985)"
                    },
                    "genres": {
                        "S": "Drama"
                    }
                }
            }
        },
        {
            "PutRequest": {
                "Item": {
                    "id": {
                        "S": "140689"
                    },
                    "title": {
                        "S": "Nightmare (1981)"
                    },
                    "genres": {
                        "S": "Horror"
                    }
                }
            }
        },
        {
            "PutRequest": {
                "Item": {
                    "id": {
                        "S": "140693"
                    },
                    "title": {
                        "S": "Spirits of Death (1972)"
                    },
                    "genres": {
                        "S": "Horror|Thriller"
                    }
                }
            }
        },
        {
            "PutRequest": {
                "Item": {
                    "id": {
                        "S": "140695"
                    },
                    "title": {
                        "S": "The Dress Rehearsal (1968)"
                    },
                    "genres": {
                        "S": "(no genres listed)"
                    }
                }
            }
        },
        {
            "PutRequest": {
                "Item": {
                    "id": {
                        "S": "140697"
                    },
                    "title": {
                        "S": "The Blind Fly (1966)"
                    },
                    "genres": {
                        "S": "(no genres listed)"
                    }
                }
            }
        },
        {
            "PutRequest": {
                "Item": {
                    "id": {
                        "S": "140699"
                    },
                    "title": {
                        "S": "Dragon Nest: Warriors' Dawn (2014)"
                    },
                    "genres": {
                        "S": "Adventure|Animation|Children|Fantasy"
                    }
                }
            }
        },
        {
            "PutRequest": {
                "Item": {
                    "id": {
                        "S": "140701"
                    },
                    "title": {
                        "S": "Harbinger Down (2015)"
                    },
                    "genres": {
                        "S": "Horror|Sci-Fi"
                    }
                }
            }
        },
        {
            "PutRequest": {
                "Item": {
                    "id": {
                        "S": "140703"
                    },
                    "title": {
                        "S": "The Bunker of the Last Gunshots (1981)"
                    },
                    "genres": {
                        "S": "(no genres listed)"
                    }
                }
            }
        },
        {
            "PutRequest": {
                "Item": {
                    "id": {
                        "S": "140705"
                    },
                    "title": {
                        "S": "Hollywood Vice Squad (1986)"
                    },
                    "genres": {
                        "S": "Action|Comedy"
                    }
                }
            }
        }
    ]
}