{
    "movies": [
        {
            "PutRequest": {
                "Item": {
                    "id": {
                        "S": "134869"
                    },
                    "title": {
                        "S": "Documented (2014)"
                    },
                    "genres": {
                        "S": "Documentary"
                    }
                }
            }
        },
        {
            "PutRequest": {
                "Item": {
                    "id": {
                        "S": "134871"
                    },
                    "title": {
                        "S": "The Sisterhood of Night (2015)"
                    },
                    "genres": {
                        "S": "Drama"
                    }
                }
            }
        },
        {
            "PutRequest": {
                "Item": {
                    "id": {
                        "S": "134873"
                    },
                    "title": {
                        "S": "Ginger (1971)"
                    },
                    "genres": {
                        "S": "Action|Crime|Drama"
                    }
                }
            }
        },
        {
            "PutRequest": {
                "Item": {
                    "id": {
                        "S": "134875"
                    },
                    "title": {
                        "S": "The Abductors (1972)"
                    },
                    "genres": {
                        "S": "Action|Drama|Thriller"
                    }
                }
            }
        },
        {
            "PutRequest": {
                "Item": {
                    "id": {
                        "S": "134879"
                    },
                    "title": {
                        "S": "Soaked in Bleach (2015)"
                    },
                    "genres": {
                        "S": "Crime|Documentary"
                    }
                }
            }
        },
        {
            "PutRequest": {
                "Item": {
                    "id": {
                        "S": "134881"
                    },
                    "title": {
                        "S": "Love & Mercy (2014)"
                    },
                    "genres": {
                        "S": "Drama"
                    }
                }
            }
        },
        {
            "PutRequest": {
                "Item": {
                    "id": {
                        "S": "134883"
                    },
                    "title": {
                        "S": "Technotise: Edit & I (2009)"
                    },
                    "genres": {
                        "S": "Animation|Sci-Fi|Thriller"
                    }
                }
            }
        },
        {
            "PutRequest": {
                "Item": {
                    "id": {
                        "S": "134886"
                    },
                    "title": {
                        "S": "Yessongs (1975)"
                    },
                    "genres": {
                        "S": "Documentary"
                    }
                }
            }
        },
        {
            "PutRequest": {
                "Item": {
                    "id": {
                        "S": "134888"
                    },
                    "title": {
                        "S": "Glastonbury Fayre (1972)"
                    },
                    "genres": {
                        "S": "Documentary"
                    }
                }
            }
        },
        {
            "PutRequest": {
                "Item": {
                    "id": {
                        "S": "134892"
                    },
                    "title": {
                        "S": "Reflections of Light (1988)"
                    },
                    "genres": {
                        "S": "Drama"
                    }
                }
            }
        },
        {
            "PutRequest": {
                "Item": {
                    "id": {
                        "S": "134894"
                    },
                    "title": {
                        "S": "The Murder Secret (1988)"
                    },
                    "genres": {
                        "S": "Horror"
                    }
                }
            }
        },
        {
            "PutRequest": {
                "Item": {
                    "id": {
                        "S": "134896"
                    },
                    "title": {
                        "S": "Fair of the Dove (1935)"
                    },
                    "genres": {
                        "S": "(no genres listed)"
                    }
                }
            }
        },
        {
            "PutRequest": {
                "Item": {
                    "id": {
                        "S": "134898"
                    },
                    "title": {
                        "S": "Satan's Baby Doll (1982)"
                    },
                    "genres": {
                        "S": "(no genres listed)"
                    }
                }
            }
        },
        {
            "PutRequest": {
                "Item": {
                    "id": {
                        "S": "134900"
                    },
                    "title": {
                        "S": "Snow White and 7 Wise Men (1982)"
                    },
                    "genres": {
                        "S": "Comedy"
                    }
                }
            }
        },
        {
            "PutRequest": {
                "Item": {
                    "id": {
                        "S": "134902"
                    },
                    "title": {
                        "S": "Emmanuelle in the Country (1978)"
                    },
                    "genres": {
                        "S": "Comedy"
                    }
                }
            }
        },
        {
            "PutRequest": {
                "Item": {
                    "id": {
                        "S": "134904"
                    },
                    "title": {
                        "S": "La banda Vallanzasca (1977)"
                    },
                    "genres": {
                        "S": "Crime"
                    }
                }
            }
        },
        {
            "PutRequest": {
                "Item": {
                    "id": {
                        "S": "134906"
                    },
                    "title": {
                        "S": "Fasthand (1973)"
                    },
                    "genres": {
                        "S": "(no genres listed)"
                    }
                }
            }
        },
        {
            "PutRequest": {
                "Item": {
                    "id": {
                        "S": "134908"
                    },
                    "title": {
                        "S": "For a Book of Dollars"
                    },
                    "genres": {
                        "S": "(no genres listed)"
                    }
                }
            }
        },
        {
            "PutRequest": {
                "Item": {
                    "id": {
                        "S": "134910"
                    },
                    "title": {
                        "S": "Kill the Poker Player (1972)"
                    },
                    "genres": {
                        "S": "(no genres listed)"
                    }
                }
            }
        },
        {
            "PutRequest": {
                "Item": {
                    "id": {
                        "S": "134912"
                    },
                    "title": {
                        "S": "The Masked Thief (1975)"
                    },
                    "genres": {
                        "S": "Western"
                    }
                }
            }
        },
        {
            "PutRequest": {
                "Item": {
                    "id": {
                        "S": "134915"
                    },
                    "title": {
                        "S": "Amusement (2008)"
                    },
                    "genres": {
                        "S": "Horror|Thriller"
                    }
                }
            }
        },
        {
            "PutRequest": {
                "Item": {
                    "id": {
                        "S": "134917"
                    },
                    "title": {
                        "S": "The Better Angels (2014)"
                    },
                    "genres": {
                        "S": "Drama"
                    }
                }
            }
        },
        {
            "PutRequest": {
                "Item": {
                    "id": {
                        "S": "134919"
                    },
                    "title": {
                        "S": "Leonie (2010)"
                    },
                    "genres": {
                        "S": "Drama"
                    }
                }
            }
        },
        {
            "PutRequest": {
                "Item": {
                    "id": {
                        "S": "134921"
                    },
                    "title": {
                        "S": "A Year in Burgundy (2013)"
                    },
                    "genres": {
                        "S": "Documentary"
                    }
                }
            }
        },
        {
            "PutRequest": {
                "Item": {
                    "id": {
                        "S": "134923"
                    },
                    "title": {
                        "S": "The Seven Minutes (1971)"
                    },
                    "genres": {
                        "S": "Drama"
                    }
                }
            }
        }
    ]
}