{
    "movies": [
        {
            "PutRequest": {
                "Item": {
                    "id": {
                        "S": "132904"
                    },
                    "title": {
                        "S": "OC87: The Obsessive Compulsive, Major Depression, Bipolar, Asperger's Movie (2012)"
                    },
                    "genres": {
                        "S": "Documentary"
                    }
                }
            }
        },
        {
            "PutRequest": {
                "Item": {
                    "id": {
                        "S": "132906"
                    },
                    "title": {
                        "S": "The Man with the Iron Fists 2 (2015)"
                    },
                    "genres": {
                        "S": "Action"
                    }
                }
            }
        },
        {
            "PutRequest": {
                "Item": {
                    "id": {
                        "S": "132908"
                    },
                    "title": {
                        "S": "Emmanuelle 3 (1977)"
                    },
                    "genres": {
                        "S": "Drama"
                    }
                }
            }
        },
        {
            "PutRequest": {
                "Item": {
                    "id": {
                        "S": "132910"
                    },
                    "title": {
                        "S": "Emmanuelle 4 (1984)"
                    },
                    "genres": {
                        "S": "Drama"
                    }
                }
            }
        },
        {
            "PutRequest": {
                "Item": {
                    "id": {
                        "S": "132912"
                    },
                    "title": {
                        "S": "Emmanuelle 5 (1987)"
                    },
                    "genres": {
                        "S": "Action|Drama"
                    }
                }
            }
        },
        {
            "PutRequest": {
                "Item": {
                    "id": {
                        "S": "132914"
                    },
                    "title": {
                        "S": "Emmanuelle 6 (1992)"
                    },
                    "genres": {
                        "S": "Drama|Romance"
                    }
                }
            }
        },
        {
            "PutRequest": {
                "Item": {
                    "id": {
                        "S": "132916"
                    },
                    "title": {
                        "S": "Black Emanuelle (1975)"
                    },
                    "genres": {
                        "S": "Drama"
                    }
                }
            }
        },
        {
            "PutRequest": {
                "Item": {
                    "id": {
                        "S": "132918"
                    },
                    "title": {
                        "S": "Emanuelle in Bangkok (1976)"
                    },
                    "genres": {
                        "S": "Drama|Romance"
                    }
                }
            }
        },
        {
            "PutRequest": {
                "Item": {
                    "id": {
                        "S": "132920"
                    },
                    "title": {
                        "S": "The New Black Emanuelle (1976)"
                    },
                    "genres": {
                        "S": "Drama"
                    }
                }
            }
        },
        {
            "PutRequest": {
                "Item": {
                    "id": {
                        "S": "132922"
                    },
                    "title": {
                        "S": "Emanuelle in America (1977)"
                    },
                    "genres": {
                        "S": "Adventure|Drama|Romance"
                    }
                }
            }
        },
        {
            "PutRequest": {
                "Item": {
                    "id": {
                        "S": "132924"
                    },
                    "title": {
                        "S": "Emanuelle and the Last Cannibals (1977)"
                    },
                    "genres": {
                        "S": "Adventure|Horror"
                    }
                }
            }
        },
        {
            "PutRequest": {
                "Item": {
                    "id": {
                        "S": "132926"
                    },
                    "title": {
                        "S": "Confessions of Emanuelle (1977)"
                    },
                    "genres": {
                        "S": "Drama|Horror|Romance"
                    }
                }
            }
        },
        {
            "PutRequest": {
                "Item": {
                    "id": {
                        "S": "132928"
                    },
                    "title": {
                        "S": "Emanuelle and the Girls of Madame Claude (La via della prostituzione) (1978)"
                    },
                    "genres": {
                        "S": "Drama"
                    }
                }
            }
        },
        {
            "PutRequest": {
                "Item": {
                    "id": {
                        "S": "132930"
                    },
                    "title": {
                        "S": "Demon Rage (Emanuelle e Fran\u00e7oise) (1975)"
                    },
                    "genres": {
                        "S": "Horror"
                    }
                }
            }
        },
        {
            "PutRequest": {
                "Item": {
                    "id": {
                        "S": "132932"
                    },
                    "title": {
                        "S": "N\u00e9a (1976)"
                    },
                    "genres": {
                        "S": "(no genres listed)"
                    }
                }
            }
        },
        {
            "PutRequest": {
                "Item": {
                    "id": {
                        "S": "132934"
                    },
                    "title": {
                        "S": "Emanuelle and the Erotic Nights (1978)"
                    },
                    "genres": {
                        "S": "Documentary"
                    }
                }
            }
        },
        {
            "PutRequest": {
                "Item": {
                    "id": {
                        "S": "132936"
                    },
                    "title": {
                        "S": "Caged Women (1982)"
                    },
                    "genres": {
                        "S": "Thriller"
                    }
                }
            }
        },
        {
            "PutRequest": {
                "Item": {
                    "id": {
                        "S": "132938"
                    },
                    "title": {
                        "S": "Provincia violenta (1978)"
                    },
                    "genres": {
                        "S": "Action|Crime|Drama"
                    }
                }
            }
        },
        {
            "PutRequest": {
                "Item": {
                    "id": {
                        "S": "132940"
                    },
                    "title": {
                        "S": "Crimebusters (1976)"
                    },
                    "genres": {
                        "S": "Action|Crime|Thriller"
                    }
                }
            }
        },
        {
            "PutRequest": {
                "Item": {
                    "id": {
                        "S": "132942"
                    },
                    "title": {
                        "S": "Captive Wild Woman (1943)"
                    },
                    "genres": {
                        "S": "Horror|Sci-Fi"
                    }
                }
            }
        },
        {
            "PutRequest": {
                "Item": {
                    "id": {
                        "S": "132944"
                    },
                    "title": {
                        "S": "Night Monster (1942)"
                    },
                    "genres": {
                        "S": "Children|Drama|Horror"
                    }
                }
            }
        },
        {
            "PutRequest": {
                "Item": {
                    "id": {
                        "S": "132946"
                    },
                    "title": {
                        "S": "Valerie Inside Outside (1972)"
                    },
                    "genres": {
                        "S": "Drama"
                    }
                }
            }
        },
        {
            "PutRequest": {
                "Item": {
                    "id": {
                        "S": "132948"
                    },
                    "title": {
                        "S": "Doli Saja Ke Rakhna"
                    },
                    "genres": {
                        "S": "(no genres listed)"
                    }
                }
            }
        },
        {
            "PutRequest": {
                "Item": {
                    "id": {
                        "S": "132950"
                    },
                    "title": {
                        "S": "Vaastav: The Reality (1999)"
                    },
                    "genres": {
                        "S": "Crime|Drama|Thriller"
                    }
                }
            }
        },
        {
            "PutRequest": {
                "Item": {
                    "id": {
                        "S": "132952"
                    },
                    "title": {
                        "S": "Sarfarosh (1999)"
                    },
                    "genres": {
                        "S": "(no genres listed)"
                    }
                }
            }
        }
    ]
}