{
    "movies": [
        {
            "PutRequest": {
                "Item": {
                    "id": {
                        "S": "135701"
                    },
                    "title": {
                        "S": "The Mirror (2014)"
                    },
                    "genres": {
                        "S": "Horror"
                    }
                }
            }
        },
        {
            "PutRequest": {
                "Item": {
                    "id": {
                        "S": "135703"
                    },
                    "title": {
                        "S": "Meet the Fokkens (2011)"
                    },
                    "genres": {
                        "S": "Documentary"
                    }
                }
            }
        },
        {
            "PutRequest": {
                "Item": {
                    "id": {
                        "S": "135706"
                    },
                    "title": {
                        "S": "Traffic in Souls (1913)"
                    },
                    "genres": {
                        "S": "Drama"
                    }
                }
            }
        },
        {
            "PutRequest": {
                "Item": {
                    "id": {
                        "S": "135709"
                    },
                    "title": {
                        "S": "Hells Angels Forever (1983)"
                    },
                    "genres": {
                        "S": "Documentary"
                    }
                }
            }
        },
        {
            "PutRequest": {
                "Item": {
                    "id": {
                        "S": "135711"
                    },
                    "title": {
                        "S": "Solo (1980)"
                    },
                    "genres": {
                        "S": "Drama|War"
                    }
                }
            }
        },
        {
            "PutRequest": {
                "Item": {
                    "id": {
                        "S": "135713"
                    },
                    "title": {
                        "S": "Letters To Sofija (2013)"
                    },
                    "genres": {
                        "S": "Drama"
                    }
                }
            }
        },
        {
            "PutRequest": {
                "Item": {
                    "id": {
                        "S": "135715"
                    },
                    "title": {
                        "S": "Archie's Final Project (2011)"
                    },
                    "genres": {
                        "S": "Comedy|Drama"
                    }
                }
            }
        },
        {
            "PutRequest": {
                "Item": {
                    "id": {
                        "S": "135717"
                    },
                    "title": {
                        "S": "Dancing Arabs (2014)"
                    },
                    "genres": {
                        "S": "Drama"
                    }
                }
            }
        },
        {
            "PutRequest": {
                "Item": {
                    "id": {
                        "S": "135719"
                    },
                    "title": {
                        "S": "Jackson County Jail (1976)"
                    },
                    "genres": {
                        "S": "Crime|Drama"
                    }
                }
            }
        },
        {
            "PutRequest": {
                "Item": {
                    "id": {
                        "S": "135721"
                    },
                    "title": {
                        "S": "Outside Chance (1978)"
                    },
                    "genres": {
                        "S": "(no genres listed)"
                    }
                }
            }
        },
        {
            "PutRequest": {
                "Item": {
                    "id": {
                        "S": "135723"
                    },
                    "title": {
                        "S": "Street Girls (1975)"
                    },
                    "genres": {
                        "S": "Drama"
                    }
                }
            }
        },
        {
            "PutRequest": {
                "Item": {
                    "id": {
                        "S": "135725"
                    },
                    "title": {
                        "S": "Shiva (1989)"
                    },
                    "genres": {
                        "S": "Action|Drama"
                    }
                }
            }
        },
        {
            "PutRequest": {
                "Item": {
                    "id": {
                        "S": "135727"
                    },
                    "title": {
                        "S": "Aarya (2004)"
                    },
                    "genres": {
                        "S": "Comedy|Drama|Romance"
                    }
                }
            }
        },
        {
            "PutRequest": {
                "Item": {
                    "id": {
                        "S": "135729"
                    },
                    "title": {
                        "S": "Main Khiladi Tu Anari (1994)"
                    },
                    "genres": {
                        "S": "Action|Thriller"
                    }
                }
            }
        },
        {
            "PutRequest": {
                "Item": {
                    "id": {
                        "S": "135731"
                    },
                    "title": {
                        "S": "Jungle (2000)"
                    },
                    "genres": {
                        "S": "(no genres listed)"
                    }
                }
            }
        },
        {
            "PutRequest": {
                "Item": {
                    "id": {
                        "S": "135733"
                    },
                    "title": {
                        "S": "Prahaar: The Final Attack (1991)"
                    },
                    "genres": {
                        "S": "(no genres listed)"
                    }
                }
            }
        },
        {
            "PutRequest": {
                "Item": {
                    "id": {
                        "S": "135735"
                    },
                    "title": {
                        "S": "Sehar (2005)"
                    },
                    "genres": {
                        "S": "Action|Thriller"
                    }
                }
            }
        },
        {
            "PutRequest": {
                "Item": {
                    "id": {
                        "S": "135737"
                    },
                    "title": {
                        "S": "Zakhm (1998)"
                    },
                    "genres": {
                        "S": "(no genres listed)"
                    }
                }
            }
        },
        {
            "PutRequest": {
                "Item": {
                    "id": {
                        "S": "135739"
                    },
                    "title": {
                        "S": "The Master (1980)"
                    },
                    "genres": {
                        "S": "Action|Comedy"
                    }
                }
            }
        },
        {
            "PutRequest": {
                "Item": {
                    "id": {
                        "S": "135741"
                    },
                    "title": {
                        "S": "Pedicab Driver (1989)"
                    },
                    "genres": {
                        "S": "Action|Comedy|Drama"
                    }
                }
            }
        },
        {
            "PutRequest": {
                "Item": {
                    "id": {
                        "S": "135743"
                    },
                    "title": {
                        "S": "Not the Messiah (He's a Very Naughty Boy) (2010)"
                    },
                    "genres": {
                        "S": "Comedy"
                    }
                }
            }
        },
        {
            "PutRequest": {
                "Item": {
                    "id": {
                        "S": "135745"
                    },
                    "title": {
                        "S": "Labyrinth (2012)"
                    },
                    "genres": {
                        "S": "Adventure|Fantasy"
                    }
                }
            }
        },
        {
            "PutRequest": {
                "Item": {
                    "id": {
                        "S": "135747"
                    },
                    "title": {
                        "S": "The Sinking of the Laconia (2011)"
                    },
                    "genres": {
                        "S": "Drama|War"
                    }
                }
            }
        },
        {
            "PutRequest": {
                "Item": {
                    "id": {
                        "S": "135749"
                    },
                    "title": {
                        "S": "The Shadow in the North (2008)"
                    },
                    "genres": {
                        "S": "Adventure|Mystery|Thriller"
                    }
                }
            }
        },
        {
            "PutRequest": {
                "Item": {
                    "id": {
                        "S": "135751"
                    },
                    "title": {
                        "S": "Carry On Doctor (1967)"
                    },
                    "genres": {
                        "S": "Comedy"
                    }
                }
            }
        }
    ]
}