{
    "movies": [
        {
            "PutRequest": {
                "Item": {
                    "id": {
                        "S": "125011"
                    },
                    "title": {
                        "S": "That Night in Rio (1941)"
                    },
                    "genres": {
                        "S": "Comedy|Romance"
                    }
                }
            }
        },
        {
            "PutRequest": {
                "Item": {
                    "id": {
                        "S": "125013"
                    },
                    "title": {
                        "S": "The Only Thrill (1997)"
                    },
                    "genres": {
                        "S": "Drama|Romance"
                    }
                }
            }
        },
        {
            "PutRequest": {
                "Item": {
                    "id": {
                        "S": "125015"
                    },
                    "title": {
                        "S": "Somewhere I'll Find You (1942)"
                    },
                    "genres": {
                        "S": "Drama|Romance|War"
                    }
                }
            }
        },
        {
            "PutRequest": {
                "Item": {
                    "id": {
                        "S": "125017"
                    },
                    "title": {
                        "S": "Return of the Bad Men (1948)"
                    },
                    "genres": {
                        "S": "Action|Drama|Western"
                    }
                }
            }
        },
        {
            "PutRequest": {
                "Item": {
                    "id": {
                        "S": "125019"
                    },
                    "title": {
                        "S": "The Dry Land (2010)"
                    },
                    "genres": {
                        "S": "Drama"
                    }
                }
            }
        },
        {
            "PutRequest": {
                "Item": {
                    "id": {
                        "S": "125021"
                    },
                    "title": {
                        "S": "Kidco (1984)"
                    },
                    "genres": {
                        "S": "Comedy"
                    }
                }
            }
        },
        {
            "PutRequest": {
                "Item": {
                    "id": {
                        "S": "125023"
                    },
                    "title": {
                        "S": "Third Finger, Left Hand (1940)"
                    },
                    "genres": {
                        "S": "Comedy"
                    }
                }
            }
        },
        {
            "PutRequest": {
                "Item": {
                    "id": {
                        "S": "125025"
                    },
                    "title": {
                        "S": "The Taqwacores (2010)"
                    },
                    "genres": {
                        "S": "Action|Comedy|Drama"
                    }
                }
            }
        },
        {
            "PutRequest": {
                "Item": {
                    "id": {
                        "S": "125027"
                    },
                    "title": {
                        "S": "The Extraordinary Seaman (1969)"
                    },
                    "genres": {
                        "S": "Adventure|Comedy|War"
                    }
                }
            }
        },
        {
            "PutRequest": {
                "Item": {
                    "id": {
                        "S": "125029"
                    },
                    "title": {
                        "S": "Splendor (1989)"
                    },
                    "genres": {
                        "S": "(no genres listed)"
                    }
                }
            }
        },
        {
            "PutRequest": {
                "Item": {
                    "id": {
                        "S": "125031"
                    },
                    "title": {
                        "S": "Never Say Goodbye (1946)"
                    },
                    "genres": {
                        "S": "Comedy"
                    }
                }
            }
        },
        {
            "PutRequest": {
                "Item": {
                    "id": {
                        "S": "125033"
                    },
                    "title": {
                        "S": "It Happened in Brooklyn (1947)"
                    },
                    "genres": {
                        "S": "Comedy|Romance"
                    }
                }
            }
        },
        {
            "PutRequest": {
                "Item": {
                    "id": {
                        "S": "125035"
                    },
                    "title": {
                        "S": "Taza, Son of Cochise (1954)"
                    },
                    "genres": {
                        "S": "Action|Drama|Western"
                    }
                }
            }
        },
        {
            "PutRequest": {
                "Item": {
                    "id": {
                        "S": "125037"
                    },
                    "title": {
                        "S": "The Gay Sisters (1942)"
                    },
                    "genres": {
                        "S": "Drama|Romance"
                    }
                }
            }
        },
        {
            "PutRequest": {
                "Item": {
                    "id": {
                        "S": "125039"
                    },
                    "title": {
                        "S": "Vigil in the Night (1940)"
                    },
                    "genres": {
                        "S": "Drama"
                    }
                }
            }
        },
        {
            "PutRequest": {
                "Item": {
                    "id": {
                        "S": "125041"
                    },
                    "title": {
                        "S": "Life Begins for Andy Hardy (1941)"
                    },
                    "genres": {
                        "S": "Comedy|Romance"
                    }
                }
            }
        },
        {
            "PutRequest": {
                "Item": {
                    "id": {
                        "S": "125043"
                    },
                    "title": {
                        "S": "The Ice Follies of 1939 (1939)"
                    },
                    "genres": {
                        "S": "Drama"
                    }
                }
            }
        },
        {
            "PutRequest": {
                "Item": {
                    "id": {
                        "S": "125045"
                    },
                    "title": {
                        "S": "The Matchmaker (2010)"
                    },
                    "genres": {
                        "S": "Drama"
                    }
                }
            }
        },
        {
            "PutRequest": {
                "Item": {
                    "id": {
                        "S": "125047"
                    },
                    "title": {
                        "S": "Kenny Rogers as The Gambler (1980)"
                    },
                    "genres": {
                        "S": "Western"
                    }
                }
            }
        },
        {
            "PutRequest": {
                "Item": {
                    "id": {
                        "S": "125049"
                    },
                    "title": {
                        "S": "Virtue (1932)"
                    },
                    "genres": {
                        "S": "Drama"
                    }
                }
            }
        },
        {
            "PutRequest": {
                "Item": {
                    "id": {
                        "S": "125051"
                    },
                    "title": {
                        "S": "The Cup (2012)"
                    },
                    "genres": {
                        "S": "Drama"
                    }
                }
            }
        },
        {
            "PutRequest": {
                "Item": {
                    "id": {
                        "S": "125053"
                    },
                    "title": {
                        "S": "The Iron Mistress (1952)"
                    },
                    "genres": {
                        "S": "Action|Drama"
                    }
                }
            }
        },
        {
            "PutRequest": {
                "Item": {
                    "id": {
                        "S": "125055"
                    },
                    "title": {
                        "S": "Welcome Danger (1929)"
                    },
                    "genres": {
                        "S": "Comedy"
                    }
                }
            }
        },
        {
            "PutRequest": {
                "Item": {
                    "id": {
                        "S": "125057"
                    },
                    "title": {
                        "S": "The Little Minister (1934)"
                    },
                    "genres": {
                        "S": "Drama|Romance"
                    }
                }
            }
        },
        {
            "PutRequest": {
                "Item": {
                    "id": {
                        "S": "125059"
                    },
                    "title": {
                        "S": "The Web (1947)"
                    },
                    "genres": {
                        "S": "Drama|Thriller"
                    }
                }
            }
        }
    ]
}