{
    "movies": [
        {
            "PutRequest": {
                "Item": {
                    "id": {
                        "S": "123575"
                    },
                    "title": {
                        "S": "Shoot Out (1971)"
                    },
                    "genres": {
                        "S": "Western"
                    }
                }
            }
        },
        {
            "PutRequest": {
                "Item": {
                    "id": {
                        "S": "123577"
                    },
                    "title": {
                        "S": "Terror Trap (2010)"
                    },
                    "genres": {
                        "S": "Horror|Thriller"
                    }
                }
            }
        },
        {
            "PutRequest": {
                "Item": {
                    "id": {
                        "S": "123579"
                    },
                    "title": {
                        "S": "That Certain Woman (1937)"
                    },
                    "genres": {
                        "S": "Drama|Romance"
                    }
                }
            }
        },
        {
            "PutRequest": {
                "Item": {
                    "id": {
                        "S": "123581"
                    },
                    "title": {
                        "S": "Hold Your Man (1933)"
                    },
                    "genres": {
                        "S": "Drama|Romance"
                    }
                }
            }
        },
        {
            "PutRequest": {
                "Item": {
                    "id": {
                        "S": "123583"
                    },
                    "title": {
                        "S": "Hot Boyz (2002)"
                    },
                    "genres": {
                        "S": "(no genres listed)"
                    }
                }
            }
        },
        {
            "PutRequest": {
                "Item": {
                    "id": {
                        "S": "123585"
                    },
                    "title": {
                        "S": "Love (2012)"
                    },
                    "genres": {
                        "S": "Drama|Romance"
                    }
                }
            }
        },
        {
            "PutRequest": {
                "Item": {
                    "id": {
                        "S": "123587"
                    },
                    "title": {
                        "S": "Twilight of the Golds, The (1997)"
                    },
                    "genres": {
                        "S": "Drama"
                    }
                }
            }
        },
        {
            "PutRequest": {
                "Item": {
                    "id": {
                        "S": "123589"
                    },
                    "title": {
                        "S": "The Major (2013)"
                    },
                    "genres": {
                        "S": "Action|Crime|Drama"
                    }
                }
            }
        },
        {
            "PutRequest": {
                "Item": {
                    "id": {
                        "S": "123591"
                    },
                    "title": {
                        "S": "The Ghost Train (1941)"
                    },
                    "genres": {
                        "S": "Comedy|Horror|Thriller"
                    }
                }
            }
        },
        {
            "PutRequest": {
                "Item": {
                    "id": {
                        "S": "123596"
                    },
                    "title": {
                        "S": "One Spy Too Many (1966)"
                    },
                    "genres": {
                        "S": "Adventure|Crime"
                    }
                }
            }
        },
        {
            "PutRequest": {
                "Item": {
                    "id": {
                        "S": "123598"
                    },
                    "title": {
                        "S": "The Spy in the Green Hat (1967)"
                    },
                    "genres": {
                        "S": "Action|Adventure|Comedy|Crime|Thriller"
                    }
                }
            }
        },
        {
            "PutRequest": {
                "Item": {
                    "id": {
                        "S": "123600"
                    },
                    "title": {
                        "S": "Tribes (1970)"
                    },
                    "genres": {
                        "S": "Drama"
                    }
                }
            }
        },
        {
            "PutRequest": {
                "Item": {
                    "id": {
                        "S": "123602"
                    },
                    "title": {
                        "S": "Maybe I'll Come Home in the Spring (1971)"
                    },
                    "genres": {
                        "S": "(no genres listed)"
                    }
                }
            }
        },
        {
            "PutRequest": {
                "Item": {
                    "id": {
                        "S": "123605"
                    },
                    "title": {
                        "S": "Hustling (1975)"
                    },
                    "genres": {
                        "S": "Drama"
                    }
                }
            }
        },
        {
            "PutRequest": {
                "Item": {
                    "id": {
                        "S": "123607"
                    },
                    "title": {
                        "S": "The Night That Panicked America (1975)"
                    },
                    "genres": {
                        "S": "(no genres listed)"
                    }
                }
            }
        },
        {
            "PutRequest": {
                "Item": {
                    "id": {
                        "S": "123609"
                    },
                    "title": {
                        "S": "Goldengirl (1979)"
                    },
                    "genres": {
                        "S": "(no genres listed)"
                    }
                }
            }
        },
        {
            "PutRequest": {
                "Item": {
                    "id": {
                        "S": "123613"
                    },
                    "title": {
                        "S": "Playing for Time (1980)"
                    },
                    "genres": {
                        "S": "Drama"
                    }
                }
            }
        },
        {
            "PutRequest": {
                "Item": {
                    "id": {
                        "S": "123617"
                    },
                    "title": {
                        "S": "Memorial Day (1983)"
                    },
                    "genres": {
                        "S": "(no genres listed)"
                    }
                }
            }
        },
        {
            "PutRequest": {
                "Item": {
                    "id": {
                        "S": "123619"
                    },
                    "title": {
                        "S": "Terrible Joe Moran"
                    },
                    "genres": {
                        "S": "(no genres listed)"
                    }
                }
            }
        },
        {
            "PutRequest": {
                "Item": {
                    "id": {
                        "S": "123621"
                    },
                    "title": {
                        "S": "Space (1985)"
                    },
                    "genres": {
                        "S": "Drama"
                    }
                }
            }
        },
        {
            "PutRequest": {
                "Item": {
                    "id": {
                        "S": "123625"
                    },
                    "title": {
                        "S": "The Karen Carpenter Story (1989)"
                    },
                    "genres": {
                        "S": "(no genres listed)"
                    }
                }
            }
        },
        {
            "PutRequest": {
                "Item": {
                    "id": {
                        "S": "123627"
                    },
                    "title": {
                        "S": "The Incident (1990)"
                    },
                    "genres": {
                        "S": "Drama"
                    }
                }
            }
        },
        {
            "PutRequest": {
                "Item": {
                    "id": {
                        "S": "123629"
                    },
                    "title": {
                        "S": "Caroline? (1990)"
                    },
                    "genres": {
                        "S": "(no genres listed)"
                    }
                }
            }
        },
        {
            "PutRequest": {
                "Item": {
                    "id": {
                        "S": "123631"
                    },
                    "title": {
                        "S": "Ivory Hunters (1990)"
                    },
                    "genres": {
                        "S": "Adventure"
                    }
                }
            }
        },
        {
            "PutRequest": {
                "Item": {
                    "id": {
                        "S": "123633"
                    },
                    "title": {
                        "S": "A Green Journey (1990)"
                    },
                    "genres": {
                        "S": "Drama|Romance"
                    }
                }
            }
        }
    ]
}