{
    "movies": [
        {
            "PutRequest": {
                "Item": {
                    "id": {
                        "S": "142909"
                    },
                    "title": {
                        "S": "La Dame dans l'auto avec des lunettes et un fusil (2015)"
                    },
                    "genres": {
                        "S": "Thriller"
                    }
                }
            }
        },
        {
            "PutRequest": {
                "Item": {
                    "id": {
                        "S": "142911"
                    },
                    "title": {
                        "S": "The 10 Year Plan (2014)"
                    },
                    "genres": {
                        "S": "(no genres listed)"
                    }
                }
            }
        },
        {
            "PutRequest": {
                "Item": {
                    "id": {
                        "S": "142913"
                    },
                    "title": {
                        "S": "Ollaan vapaita"
                    },
                    "genres": {
                        "S": "(no genres listed)"
                    }
                }
            }
        },
        {
            "PutRequest": {
                "Item": {
                    "id": {
                        "S": "142915"
                    },
                    "title": {
                        "S": "The Slurb (2001)"
                    },
                    "genres": {
                        "S": "Comedy"
                    }
                }
            }
        },
        {
            "PutRequest": {
                "Item": {
                    "id": {
                        "S": "142917"
                    },
                    "title": {
                        "S": "Distractions (2015)"
                    },
                    "genres": {
                        "S": "Comedy"
                    }
                }
            }
        },
        {
            "PutRequest": {
                "Item": {
                    "id": {
                        "S": "142919"
                    },
                    "title": {
                        "S": "Snow-White and Rose-Red (1979)"
                    },
                    "genres": {
                        "S": "Children|Fantasy"
                    }
                }
            }
        },
        {
            "PutRequest": {
                "Item": {
                    "id": {
                        "S": "142921"
                    },
                    "title": {
                        "S": "Essex Boys: Law of Survival (2015)"
                    },
                    "genres": {
                        "S": "Action|Adventure|Crime|Drama"
                    }
                }
            }
        },
        {
            "PutRequest": {
                "Item": {
                    "id": {
                        "S": "142923"
                    },
                    "title": {
                        "S": "Blastfighter (1984)"
                    },
                    "genres": {
                        "S": "Action|Crime|Drama"
                    }
                }
            }
        },
        {
            "PutRequest": {
                "Item": {
                    "id": {
                        "S": "142925"
                    },
                    "title": {
                        "S": "A Christmas Horror Story (2015)"
                    },
                    "genres": {
                        "S": "Horror"
                    }
                }
            }
        },
        {
            "PutRequest": {
                "Item": {
                    "id": {
                        "S": "142927"
                    },
                    "title": {
                        "S": "Sissi: The Fateful Years of an Empress (1957)"
                    },
                    "genres": {
                        "S": "Drama|Romance"
                    }
                }
            }
        },
        {
            "PutRequest": {
                "Item": {
                    "id": {
                        "S": "142929"
                    },
                    "title": {
                        "S": "Sissi (1955)"
                    },
                    "genres": {
                        "S": "Comedy|Drama|Romance"
                    }
                }
            }
        },
        {
            "PutRequest": {
                "Item": {
                    "id": {
                        "S": "142931"
                    },
                    "title": {
                        "S": "Sting of Death (1966)"
                    },
                    "genres": {
                        "S": "Horror"
                    }
                }
            }
        },
        {
            "PutRequest": {
                "Item": {
                    "id": {
                        "S": "142933"
                    },
                    "title": {
                        "S": "Godmonster of Indian Flats (1973)"
                    },
                    "genres": {
                        "S": "Horror|Sci-Fi"
                    }
                }
            }
        },
        {
            "PutRequest": {
                "Item": {
                    "id": {
                        "S": "142935"
                    },
                    "title": {
                        "S": "Evil Ed (1997)"
                    },
                    "genres": {
                        "S": "Horror"
                    }
                }
            }
        },
        {
            "PutRequest": {
                "Item": {
                    "id": {
                        "S": "142937"
                    },
                    "title": {
                        "S": "RangiTaranga (2015)"
                    },
                    "genres": {
                        "S": "(no genres listed)"
                    }
                }
            }
        },
        {
            "PutRequest": {
                "Item": {
                    "id": {
                        "S": "142939"
                    },
                    "title": {
                        "S": "Robot Wars (1993)"
                    },
                    "genres": {
                        "S": "Sci-Fi|Thriller"
                    }
                }
            }
        },
        {
            "PutRequest": {
                "Item": {
                    "id": {
                        "S": "142941"
                    },
                    "title": {
                        "S": "Robo Warriors (1996)"
                    },
                    "genres": {
                        "S": "Action|Adventure|Sci-Fi"
                    }
                }
            }
        },
        {
            "PutRequest": {
                "Item": {
                    "id": {
                        "S": "142943"
                    },
                    "title": {
                        "S": "Laserblast (1978)"
                    },
                    "genres": {
                        "S": "Action|Sci-Fi|Thriller"
                    }
                }
            }
        },
        {
            "PutRequest": {
                "Item": {
                    "id": {
                        "S": "142945"
                    },
                    "title": {
                        "S": "The Phantom Creeps (1939)"
                    },
                    "genres": {
                        "S": "Sci-Fi"
                    }
                }
            }
        },
        {
            "PutRequest": {
                "Item": {
                    "id": {
                        "S": "142947"
                    },
                    "title": {
                        "S": "Spookies (1986)"
                    },
                    "genres": {
                        "S": "Horror"
                    }
                }
            }
        },
        {
            "PutRequest": {
                "Item": {
                    "id": {
                        "S": "142949"
                    },
                    "title": {
                        "S": "Nightbeast (1982)"
                    },
                    "genres": {
                        "S": "Horror|Sci-Fi"
                    }
                }
            }
        },
        {
            "PutRequest": {
                "Item": {
                    "id": {
                        "S": "142951"
                    },
                    "title": {
                        "S": "Vaya con Dios (2002)"
                    },
                    "genres": {
                        "S": "Comedy"
                    }
                }
            }
        },
        {
            "PutRequest": {
                "Item": {
                    "id": {
                        "S": "142953"
                    },
                    "title": {
                        "S": "The Thread (2015)"
                    },
                    "genres": {
                        "S": "Documentary"
                    }
                }
            }
        },
        {
            "PutRequest": {
                "Item": {
                    "id": {
                        "S": "142955"
                    },
                    "title": {
                        "S": "Certain Prey (2011)"
                    },
                    "genres": {
                        "S": "Action|Crime|Drama|Mystery|Thriller"
                    }
                }
            }
        },
        {
            "PutRequest": {
                "Item": {
                    "id": {
                        "S": "142957"
                    },
                    "title": {
                        "S": "Hooch (1977)"
                    },
                    "genres": {
                        "S": "(no genres listed)"
                    }
                }
            }
        }
    ]
}