{
    "movies": [
        {
            "PutRequest": {
                "Item": {
                    "id": {
                        "S": "143527"
                    },
                    "title": {
                        "S": "Lulu in the Nude (2013)"
                    },
                    "genres": {
                        "S": "Comedy|Drama"
                    }
                }
            }
        },
        {
            "PutRequest": {
                "Item": {
                    "id": {
                        "S": "143529"
                    },
                    "title": {
                        "S": "Roukli (2015)"
                    },
                    "genres": {
                        "S": "Drama"
                    }
                }
            }
        },
        {
            "PutRequest": {
                "Item": {
                    "id": {
                        "S": "143531"
                    },
                    "title": {
                        "S": "Mountains May Depart (2015)"
                    },
                    "genres": {
                        "S": "Drama"
                    }
                }
            }
        },
        {
            "PutRequest": {
                "Item": {
                    "id": {
                        "S": "143533"
                    },
                    "title": {
                        "S": "Outlaw Riders (1971)"
                    },
                    "genres": {
                        "S": "Action"
                    }
                }
            }
        },
        {
            "PutRequest": {
                "Item": {
                    "id": {
                        "S": "143535"
                    },
                    "title": {
                        "S": "Tent City, U.S.A (2012)"
                    },
                    "genres": {
                        "S": "Documentary"
                    }
                }
            }
        },
        {
            "PutRequest": {
                "Item": {
                    "id": {
                        "S": "143537"
                    },
                    "title": {
                        "S": "Toy Masters (2014)"
                    },
                    "genres": {
                        "S": "Documentary"
                    }
                }
            }
        },
        {
            "PutRequest": {
                "Item": {
                    "id": {
                        "S": "143539"
                    },
                    "title": {
                        "S": "Titanic at 100: Mystery Solved (2012)"
                    },
                    "genres": {
                        "S": "(no genres listed)"
                    }
                }
            }
        },
        {
            "PutRequest": {
                "Item": {
                    "id": {
                        "S": "143541"
                    },
                    "title": {
                        "S": "Sleeping on Dark Waters (2008)"
                    },
                    "genres": {
                        "S": "(no genres listed)"
                    }
                }
            }
        },
        {
            "PutRequest": {
                "Item": {
                    "id": {
                        "S": "143543"
                    },
                    "title": {
                        "S": "Rainbow Bridge (1972)"
                    },
                    "genres": {
                        "S": "Documentary"
                    }
                }
            }
        },
        {
            "PutRequest": {
                "Item": {
                    "id": {
                        "S": "143545"
                    },
                    "title": {
                        "S": "A Tale of Two Cities (1980)"
                    },
                    "genres": {
                        "S": "Animation|Drama|Romance"
                    }
                }
            }
        },
        {
            "PutRequest": {
                "Item": {
                    "id": {
                        "S": "143547"
                    },
                    "title": {
                        "S": "The Phantom of the Opera at the Royal Albert Hall (2011)"
                    },
                    "genres": {
                        "S": "Drama|Romance"
                    }
                }
            }
        },
        {
            "PutRequest": {
                "Item": {
                    "id": {
                        "S": "143549"
                    },
                    "title": {
                        "S": "The Indian (2007)"
                    },
                    "genres": {
                        "S": "Drama"
                    }
                }
            }
        },
        {
            "PutRequest": {
                "Item": {
                    "id": {
                        "S": "143551"
                    },
                    "title": {
                        "S": "Nina (1978)"
                    },
                    "genres": {
                        "S": "(no genres listed)"
                    }
                }
            }
        },
        {
            "PutRequest": {
                "Item": {
                    "id": {
                        "S": "143553"
                    },
                    "title": {
                        "S": "The Hoarder (2015)"
                    },
                    "genres": {
                        "S": "Horror|Thriller"
                    }
                }
            }
        },
        {
            "PutRequest": {
                "Item": {
                    "id": {
                        "S": "143555"
                    },
                    "title": {
                        "S": "American Beach House (2015)"
                    },
                    "genres": {
                        "S": "Comedy"
                    }
                }
            }
        },
        {
            "PutRequest": {
                "Item": {
                    "id": {
                        "S": "143557"
                    },
                    "title": {
                        "S": "Checkmate (2015)"
                    },
                    "genres": {
                        "S": "Action|Crime|Thriller"
                    }
                }
            }
        },
        {
            "PutRequest": {
                "Item": {
                    "id": {
                        "S": "143559"
                    },
                    "title": {
                        "S": "L.A. Slasher (2015)"
                    },
                    "genres": {
                        "S": "Comedy|Crime|Fantasy"
                    }
                }
            }
        },
        {
            "PutRequest": {
                "Item": {
                    "id": {
                        "S": "143561"
                    },
                    "title": {
                        "S": "Swat: Unit 887 (2015)"
                    },
                    "genres": {
                        "S": "Action|Thriller"
                    }
                }
            }
        },
        {
            "PutRequest": {
                "Item": {
                    "id": {
                        "S": "143563"
                    },
                    "title": {
                        "S": "Zombie Killers: Elephant's Graveyard (2015)"
                    },
                    "genres": {
                        "S": "Horror"
                    }
                }
            }
        },
        {
            "PutRequest": {
                "Item": {
                    "id": {
                        "S": "143565"
                    },
                    "title": {
                        "S": "A Prayer for Rain (2013)"
                    },
                    "genres": {
                        "S": "(no genres listed)"
                    }
                }
            }
        },
        {
            "PutRequest": {
                "Item": {
                    "id": {
                        "S": "143567"
                    },
                    "title": {
                        "S": "Mining for Ruby (2014)"
                    },
                    "genres": {
                        "S": "(no genres listed)"
                    }
                }
            }
        },
        {
            "PutRequest": {
                "Item": {
                    "id": {
                        "S": "143571"
                    },
                    "title": {
                        "S": "Private Practices: The Story of a Sex Surrogate (1986)"
                    },
                    "genres": {
                        "S": "Documentary"
                    }
                }
            }
        },
        {
            "PutRequest": {
                "Item": {
                    "id": {
                        "S": "143575"
                    },
                    "title": {
                        "S": "Fuga de cerebros 2 (2011)"
                    },
                    "genres": {
                        "S": "Action|Sci-Fi|Thriller"
                    }
                }
            }
        },
        {
            "PutRequest": {
                "Item": {
                    "id": {
                        "S": "143577"
                    },
                    "title": {
                        "S": "Say Uncle (2005)"
                    },
                    "genres": {
                        "S": "Comedy|Drama"
                    }
                }
            }
        },
        {
            "PutRequest": {
                "Item": {
                    "id": {
                        "S": "143579"
                    },
                    "title": {
                        "S": "Violet's Visit (1997)"
                    },
                    "genres": {
                        "S": "Comedy|Romance"
                    }
                }
            }
        }
    ]
}