{
    "movies": [
        {
            "PutRequest": {
                "Item": {
                    "id": {
                        "S": "130860"
                    },
                    "title": {
                        "S": "Monaco Forever (1984)"
                    },
                    "genres": {
                        "S": "(no genres listed)"
                    }
                }
            }
        },
        {
            "PutRequest": {
                "Item": {
                    "id": {
                        "S": "130862"
                    },
                    "title": {
                        "S": "Cymbeline (2014)"
                    },
                    "genres": {
                        "S": "Drama"
                    }
                }
            }
        },
        {
            "PutRequest": {
                "Item": {
                    "id": {
                        "S": "130864"
                    },
                    "title": {
                        "S": "Catch the Heat (1987)"
                    },
                    "genres": {
                        "S": "Action|Crime|Drama|Thriller"
                    }
                }
            }
        },
        {
            "PutRequest": {
                "Item": {
                    "id": {
                        "S": "130866"
                    },
                    "title": {
                        "S": "Gorilla Bathes at Noon (1993)"
                    },
                    "genres": {
                        "S": "(no genres listed)"
                    }
                }
            }
        },
        {
            "PutRequest": {
                "Item": {
                    "id": {
                        "S": "130870"
                    },
                    "title": {
                        "S": "Trapped in Space (1994)"
                    },
                    "genres": {
                        "S": "Sci-Fi|Thriller"
                    }
                }
            }
        },
        {
            "PutRequest": {
                "Item": {
                    "id": {
                        "S": "130872"
                    },
                    "title": {
                        "S": "The Caller (1987)"
                    },
                    "genres": {
                        "S": "Horror|Mystery|Sci-Fi|Thriller"
                    }
                }
            }
        },
        {
            "PutRequest": {
                "Item": {
                    "id": {
                        "S": "130874"
                    },
                    "title": {
                        "S": "Echoes (1983)"
                    },
                    "genres": {
                        "S": "Horror"
                    }
                }
            }
        },
        {
            "PutRequest": {
                "Item": {
                    "id": {
                        "S": "130876"
                    },
                    "title": {
                        "S": "Children of Rage (1975)"
                    },
                    "genres": {
                        "S": "(no genres listed)"
                    }
                }
            }
        },
        {
            "PutRequest": {
                "Item": {
                    "id": {
                        "S": "130878"
                    },
                    "title": {
                        "S": "Doppelg\u00e4nger Paul (2012)"
                    },
                    "genres": {
                        "S": "(no genres listed)"
                    }
                }
            }
        },
        {
            "PutRequest": {
                "Item": {
                    "id": {
                        "S": "130880"
                    },
                    "title": {
                        "S": "Spiders II: Breeding Ground (2001)"
                    },
                    "genres": {
                        "S": "Horror|Sci-Fi"
                    }
                }
            }
        },
        {
            "PutRequest": {
                "Item": {
                    "id": {
                        "S": "130882"
                    },
                    "title": {
                        "S": "McCinsey's Island (1998)"
                    },
                    "genres": {
                        "S": "(no genres listed)"
                    }
                }
            }
        },
        {
            "PutRequest": {
                "Item": {
                    "id": {
                        "S": "130892"
                    },
                    "title": {
                        "S": "The Last Chase (1981)"
                    },
                    "genres": {
                        "S": "Action|Adventure|Sci-Fi"
                    }
                }
            }
        },
        {
            "PutRequest": {
                "Item": {
                    "id": {
                        "S": "130894"
                    },
                    "title": {
                        "S": "Petals on the Wind (2014)"
                    },
                    "genres": {
                        "S": "Drama|Romance|Thriller"
                    }
                }
            }
        },
        {
            "PutRequest": {
                "Item": {
                    "id": {
                        "S": "130896"
                    },
                    "title": {
                        "S": "Politics of Love (2011)"
                    },
                    "genres": {
                        "S": "Comedy|Romance"
                    }
                }
            }
        },
        {
            "PutRequest": {
                "Item": {
                    "id": {
                        "S": "130898"
                    },
                    "title": {
                        "S": "Midnight Stallion (2013)"
                    },
                    "genres": {
                        "S": "Children|Drama"
                    }
                }
            }
        },
        {
            "PutRequest": {
                "Item": {
                    "id": {
                        "S": "130900"
                    },
                    "title": {
                        "S": "Mr. Troop Mom (2009)"
                    },
                    "genres": {
                        "S": "Children|Comedy"
                    }
                }
            }
        },
        {
            "PutRequest": {
                "Item": {
                    "id": {
                        "S": "130902"
                    },
                    "title": {
                        "S": "The Foursome (2007)"
                    },
                    "genres": {
                        "S": "Comedy"
                    }
                }
            }
        },
        {
            "PutRequest": {
                "Item": {
                    "id": {
                        "S": "130904"
                    },
                    "title": {
                        "S": "Balloon Farm (1999)"
                    },
                    "genres": {
                        "S": "Children|Drama"
                    }
                }
            }
        },
        {
            "PutRequest": {
                "Item": {
                    "id": {
                        "S": "130906"
                    },
                    "title": {
                        "S": "Journey to the Center of the Earth (1993)"
                    },
                    "genres": {
                        "S": "Adventure|Fantasy"
                    }
                }
            }
        },
        {
            "PutRequest": {
                "Item": {
                    "id": {
                        "S": "130908"
                    },
                    "title": {
                        "S": "Blue Tornado (1991)"
                    },
                    "genres": {
                        "S": "Action|Sci-Fi|Thriller"
                    }
                }
            }
        },
        {
            "PutRequest": {
                "Item": {
                    "id": {
                        "S": "130912"
                    },
                    "title": {
                        "S": "In the Shadow (2012)"
                    },
                    "genres": {
                        "S": "Crime|Drama"
                    }
                }
            }
        },
        {
            "PutRequest": {
                "Item": {
                    "id": {
                        "S": "130914"
                    },
                    "title": {
                        "S": "Savage Weekend (1979)"
                    },
                    "genres": {
                        "S": "Horror"
                    }
                }
            }
        },
        {
            "PutRequest": {
                "Item": {
                    "id": {
                        "S": "130916"
                    },
                    "title": {
                        "S": "Max & Jeremie (1992)"
                    },
                    "genres": {
                        "S": "Comedy|Crime|Drama|Thriller"
                    }
                }
            }
        },
        {
            "PutRequest": {
                "Item": {
                    "id": {
                        "S": "130918"
                    },
                    "title": {
                        "S": "Gospel According to Harry (1994)"
                    },
                    "genres": {
                        "S": "(no genres listed)"
                    }
                }
            }
        },
        {
            "PutRequest": {
                "Item": {
                    "id": {
                        "S": "130920"
                    },
                    "title": {
                        "S": "Home Before Midnight (1979)"
                    },
                    "genres": {
                        "S": "Drama"
                    }
                }
            }
        }
    ]
}