{
    "movies": [
        {
            "PutRequest": {
                "Item": {
                    "id": {
                        "S": "147290"
                    },
                    "title": {
                        "S": "Seventeen Moments in Spring (1973)"
                    },
                    "genres": {
                        "S": "Adventure|Drama|War"
                    }
                }
            }
        },
        {
            "PutRequest": {
                "Item": {
                    "id": {
                        "S": "147292"
                    },
                    "title": {
                        "S": "Retribution (1967)"
                    },
                    "genres": {
                        "S": "Drama|War"
                    }
                }
            }
        },
        {
            "PutRequest": {
                "Item": {
                    "id": {
                        "S": "147294"
                    },
                    "title": {
                        "S": "With Clean Hands (1972)"
                    },
                    "genres": {
                        "S": "Action|Crime|Thriller"
                    }
                }
            }
        },
        {
            "PutRequest": {
                "Item": {
                    "id": {
                        "S": "147296"
                    },
                    "title": {
                        "S": "Dream (1941)"
                    },
                    "genres": {
                        "S": "Drama"
                    }
                }
            }
        },
        {
            "PutRequest": {
                "Item": {
                    "id": {
                        "S": "147298"
                    },
                    "title": {
                        "S": "Uno bianca (2001)"
                    },
                    "genres": {
                        "S": "Action|Crime|Thriller"
                    }
                }
            }
        },
        {
            "PutRequest": {
                "Item": {
                    "id": {
                        "S": "147300"
                    },
                    "title": {
                        "S": "Adventures Of Sherlock Holmes And Dr. Watson: The Twentieth Century Approaches (1986)"
                    },
                    "genres": {
                        "S": "Crime|Mystery"
                    }
                }
            }
        },
        {
            "PutRequest": {
                "Item": {
                    "id": {
                        "S": "147302"
                    },
                    "title": {
                        "S": "Le Grand pardon (1982)"
                    },
                    "genres": {
                        "S": "Comedy|Crime|Drama"
                    }
                }
            }
        },
        {
            "PutRequest": {
                "Item": {
                    "id": {
                        "S": "147304"
                    },
                    "title": {
                        "S": "Iblard Jikan (2007)"
                    },
                    "genres": {
                        "S": "Animation|Fantasy"
                    }
                }
            }
        },
        {
            "PutRequest": {
                "Item": {
                    "id": {
                        "S": "147306"
                    },
                    "title": {
                        "S": "Come Look at Me (2000)"
                    },
                    "genres": {
                        "S": "Comedy|Drama|Romance"
                    }
                }
            }
        },
        {
            "PutRequest": {
                "Item": {
                    "id": {
                        "S": "147308"
                    },
                    "title": {
                        "S": "Vanished Empire (2008)"
                    },
                    "genres": {
                        "S": "Drama|Romance"
                    }
                }
            }
        },
        {
            "PutRequest": {
                "Item": {
                    "id": {
                        "S": "147310"
                    },
                    "title": {
                        "S": "Under the Gun (1995)"
                    },
                    "genres": {
                        "S": "Action"
                    }
                }
            }
        },
        {
            "PutRequest": {
                "Item": {
                    "id": {
                        "S": "147312"
                    },
                    "title": {
                        "S": "CounterForce (1998)"
                    },
                    "genres": {
                        "S": "Action|Thriller"
                    }
                }
            }
        },
        {
            "PutRequest": {
                "Item": {
                    "id": {
                        "S": "147314"
                    },
                    "title": {
                        "S": "Pour 100 briques t'as plus rien ! (1982)"
                    },
                    "genres": {
                        "S": "Comedy"
                    }
                }
            }
        },
        {
            "PutRequest": {
                "Item": {
                    "id": {
                        "S": "147316"
                    },
                    "title": {
                        "S": "The Undertaker's Wedding (1997)"
                    },
                    "genres": {
                        "S": "Comedy"
                    }
                }
            }
        },
        {
            "PutRequest": {
                "Item": {
                    "id": {
                        "S": "147318"
                    },
                    "title": {
                        "S": "Queen Made In Heaven (1997)"
                    },
                    "genres": {
                        "S": "(no genres listed)"
                    }
                }
            }
        },
        {
            "PutRequest": {
                "Item": {
                    "id": {
                        "S": "147320"
                    },
                    "title": {
                        "S": "100 grams for Bravery (1976)"
                    },
                    "genres": {
                        "S": "Comedy"
                    }
                }
            }
        },
        {
            "PutRequest": {
                "Item": {
                    "id": {
                        "S": "147322"
                    },
                    "title": {
                        "S": "You Are My Only Love (1993)"
                    },
                    "genres": {
                        "S": "Drama|Romance"
                    }
                }
            }
        },
        {
            "PutRequest": {
                "Item": {
                    "id": {
                        "S": "147324"
                    },
                    "title": {
                        "S": "Vertical (1966)"
                    },
                    "genres": {
                        "S": "Action|Adventure"
                    }
                }
            }
        },
        {
            "PutRequest": {
                "Item": {
                    "id": {
                        "S": "147326"
                    },
                    "title": {
                        "S": "The Adventures of Sherlock Holmes and Doctor Watson: King of Blackmailers (1980)"
                    },
                    "genres": {
                        "S": "Crime|Mystery"
                    }
                }
            }
        },
        {
            "PutRequest": {
                "Item": {
                    "id": {
                        "S": "147328"
                    },
                    "title": {
                        "S": "The Adventures of Sherlock Holmes and Dr. Watson: Bloody Signature (1979)"
                    },
                    "genres": {
                        "S": "Crime"
                    }
                }
            }
        },
        {
            "PutRequest": {
                "Item": {
                    "id": {
                        "S": "147330"
                    },
                    "title": {
                        "S": "Sherlock Holmes and Dr. Watson: Acquaintance (1979)"
                    },
                    "genres": {
                        "S": "Crime"
                    }
                }
            }
        },
        {
            "PutRequest": {
                "Item": {
                    "id": {
                        "S": "147332"
                    },
                    "title": {
                        "S": "Hotel Room (1993)"
                    },
                    "genres": {
                        "S": "Comedy|Drama"
                    }
                }
            }
        },
        {
            "PutRequest": {
                "Item": {
                    "id": {
                        "S": "147334"
                    },
                    "title": {
                        "S": "Helen the Baby Fox (2006)"
                    },
                    "genres": {
                        "S": "(no genres listed)"
                    }
                }
            }
        },
        {
            "PutRequest": {
                "Item": {
                    "id": {
                        "S": "147336"
                    },
                    "title": {
                        "S": "Tomorrow Was the War (1987)"
                    },
                    "genres": {
                        "S": "Children|Drama|War"
                    }
                }
            }
        },
        {
            "PutRequest": {
                "Item": {
                    "id": {
                        "S": "147338"
                    },
                    "title": {
                        "S": "Night of the Living Dead: Darkest Dawn (2015)"
                    },
                    "genres": {
                        "S": "(no genres listed)"
                    }
                }
            }
        }
    ]
}