{
    "movies": [
        {
            "PutRequest": {
                "Item": {
                    "id": {
                        "S": "146495"
                    },
                    "title": {
                        "S": "In Fast Company (1946)"
                    },
                    "genres": {
                        "S": "(no genres listed)"
                    }
                }
            }
        },
        {
            "PutRequest": {
                "Item": {
                    "id": {
                        "S": "146497"
                    },
                    "title": {
                        "S": "In the Land of the Head Hunters (1914)"
                    },
                    "genres": {
                        "S": "(no genres listed)"
                    }
                }
            }
        },
        {
            "PutRequest": {
                "Item": {
                    "id": {
                        "S": "146499"
                    },
                    "title": {
                        "S": "Break Free (2014)"
                    },
                    "genres": {
                        "S": "(no genres listed)"
                    }
                }
            }
        },
        {
            "PutRequest": {
                "Item": {
                    "id": {
                        "S": "146501"
                    },
                    "title": {
                        "S": "Land of Storms (2014)"
                    },
                    "genres": {
                        "S": "Drama"
                    }
                }
            }
        },
        {
            "PutRequest": {
                "Item": {
                    "id": {
                        "S": "146503"
                    },
                    "title": {
                        "S": "Last of the Mobile Hot Shots (1970)"
                    },
                    "genres": {
                        "S": "(no genres listed)"
                    }
                }
            }
        },
        {
            "PutRequest": {
                "Item": {
                    "id": {
                        "S": "146509"
                    },
                    "title": {
                        "S": "Match (2012)"
                    },
                    "genres": {
                        "S": "Drama"
                    }
                }
            }
        },
        {
            "PutRequest": {
                "Item": {
                    "id": {
                        "S": "146511"
                    },
                    "title": {
                        "S": "You're Killing Me (2015)"
                    },
                    "genres": {
                        "S": "Comedy|Horror|Romance"
                    }
                }
            }
        },
        {
            "PutRequest": {
                "Item": {
                    "id": {
                        "S": "146515"
                    },
                    "title": {
                        "S": "Mr. and Mrs. North (1942)"
                    },
                    "genres": {
                        "S": "Comedy|Mystery"
                    }
                }
            }
        },
        {
            "PutRequest": {
                "Item": {
                    "id": {
                        "S": "146517"
                    },
                    "title": {
                        "S": "Parnell (1937)"
                    },
                    "genres": {
                        "S": "Drama|Romance"
                    }
                }
            }
        },
        {
            "PutRequest": {
                "Item": {
                    "id": {
                        "S": "146520"
                    },
                    "title": {
                        "S": "Tru Love (2013)"
                    },
                    "genres": {
                        "S": "Drama|Romance"
                    }
                }
            }
        },
        {
            "PutRequest": {
                "Item": {
                    "id": {
                        "S": "146523"
                    },
                    "title": {
                        "S": "Santa Claws (1996)"
                    },
                    "genres": {
                        "S": "Horror"
                    }
                }
            }
        },
        {
            "PutRequest": {
                "Item": {
                    "id": {
                        "S": "146526"
                    },
                    "title": {
                        "S": "Spare Parts (1979)"
                    },
                    "genres": {
                        "S": "Horror|Thriller"
                    }
                }
            }
        },
        {
            "PutRequest": {
                "Item": {
                    "id": {
                        "S": "146530"
                    },
                    "title": {
                        "S": "The Butcher (2006)"
                    },
                    "genres": {
                        "S": "Action|Horror"
                    }
                }
            }
        },
        {
            "PutRequest": {
                "Item": {
                    "id": {
                        "S": "146532"
                    },
                    "title": {
                        "S": "The Butcher (2009)"
                    },
                    "genres": {
                        "S": "Action|Thriller"
                    }
                }
            }
        },
        {
            "PutRequest": {
                "Item": {
                    "id": {
                        "S": "146534"
                    },
                    "title": {
                        "S": "The Butcher (1998)"
                    },
                    "genres": {
                        "S": "Drama"
                    }
                }
            }
        },
        {
            "PutRequest": {
                "Item": {
                    "id": {
                        "S": "146536"
                    },
                    "title": {
                        "S": "Wheeler (1975)"
                    },
                    "genres": {
                        "S": "Thriller"
                    }
                }
            }
        },
        {
            "PutRequest": {
                "Item": {
                    "id": {
                        "S": "146538"
                    },
                    "title": {
                        "S": "The Butcher (2007)"
                    },
                    "genres": {
                        "S": "Action|Horror"
                    }
                }
            }
        },
        {
            "PutRequest": {
                "Item": {
                    "id": {
                        "S": "146540"
                    },
                    "title": {
                        "S": "Boy (2014)"
                    },
                    "genres": {
                        "S": "Drama"
                    }
                }
            }
        },
        {
            "PutRequest": {
                "Item": {
                    "id": {
                        "S": "146544"
                    },
                    "title": {
                        "S": "The Connection (1962)"
                    },
                    "genres": {
                        "S": "Drama"
                    }
                }
            }
        },
        {
            "PutRequest": {
                "Item": {
                    "id": {
                        "S": "146546"
                    },
                    "title": {
                        "S": "The Conquerors (1932)"
                    },
                    "genres": {
                        "S": "(no genres listed)"
                    }
                }
            }
        },
        {
            "PutRequest": {
                "Item": {
                    "id": {
                        "S": "146548"
                    },
                    "title": {
                        "S": "The Delightful Forest (1972)"
                    },
                    "genres": {
                        "S": "Action|Drama"
                    }
                }
            }
        },
        {
            "PutRequest": {
                "Item": {
                    "id": {
                        "S": "146550"
                    },
                    "title": {
                        "S": "Double O Kid (1992)"
                    },
                    "genres": {
                        "S": "(no genres listed)"
                    }
                }
            }
        },
        {
            "PutRequest": {
                "Item": {
                    "id": {
                        "S": "146552"
                    },
                    "title": {
                        "S": "The Exiles (1961)"
                    },
                    "genres": {
                        "S": "Documentary"
                    }
                }
            }
        },
        {
            "PutRequest": {
                "Item": {
                    "id": {
                        "S": "146554"
                    },
                    "title": {
                        "S": "Hole (2014)"
                    },
                    "genres": {
                        "S": "(no genres listed)"
                    }
                }
            }
        },
        {
            "PutRequest": {
                "Item": {
                    "id": {
                        "S": "146556"
                    },
                    "title": {
                        "S": "The Man From the Diners' Club (1963)"
                    },
                    "genres": {
                        "S": "Comedy"
                    }
                }
            }
        }
    ]
}