{
    "movies": [
        {
            "PutRequest": {
                "Item": {
                    "id": {
                        "S": "145285"
                    },
                    "title": {
                        "S": "Octopus (2000)"
                    },
                    "genres": {
                        "S": "Action|Horror|Thriller"
                    }
                }
            }
        },
        {
            "PutRequest": {
                "Item": {
                    "id": {
                        "S": "145288"
                    },
                    "title": {
                        "S": "A Deadly Encounter (2004)"
                    },
                    "genres": {
                        "S": "Thriller"
                    }
                }
            }
        },
        {
            "PutRequest": {
                "Item": {
                    "id": {
                        "S": "145290"
                    },
                    "title": {
                        "S": "Over the Edge (2012)"
                    },
                    "genres": {
                        "S": "Mystery|Thriller"
                    }
                }
            }
        },
        {
            "PutRequest": {
                "Item": {
                    "id": {
                        "S": "145296"
                    },
                    "title": {
                        "S": "Robin Hood of El Dorado (1936)"
                    },
                    "genres": {
                        "S": "Action|Romance"
                    }
                }
            }
        },
        {
            "PutRequest": {
                "Item": {
                    "id": {
                        "S": "145299"
                    },
                    "title": {
                        "S": "Safelight (2015)"
                    },
                    "genres": {
                        "S": "Drama"
                    }
                }
            }
        },
        {
            "PutRequest": {
                "Item": {
                    "id": {
                        "S": "145301"
                    },
                    "title": {
                        "S": "Scar Tissue (2014)"
                    },
                    "genres": {
                        "S": "Thriller"
                    }
                }
            }
        },
        {
            "PutRequest": {
                "Item": {
                    "id": {
                        "S": "145303"
                    },
                    "title": {
                        "S": "Sci-fighters (1996)"
                    },
                    "genres": {
                        "S": "Action|Sci-Fi|Thriller"
                    }
                }
            }
        },
        {
            "PutRequest": {
                "Item": {
                    "id": {
                        "S": "145307"
                    },
                    "title": {
                        "S": "Strictly Business (1991)"
                    },
                    "genres": {
                        "S": "Comedy|Romance"
                    }
                }
            }
        },
        {
            "PutRequest": {
                "Item": {
                    "id": {
                        "S": "145309"
                    },
                    "title": {
                        "S": "The Battle at Apache Pass (1952)"
                    },
                    "genres": {
                        "S": "Action|Western"
                    }
                }
            }
        },
        {
            "PutRequest": {
                "Item": {
                    "id": {
                        "S": "145312"
                    },
                    "title": {
                        "S": "The Chinese Boxer (1970)"
                    },
                    "genres": {
                        "S": "Action"
                    }
                }
            }
        },
        {
            "PutRequest": {
                "Item": {
                    "id": {
                        "S": "145315"
                    },
                    "title": {
                        "S": "False Witness (2009)"
                    },
                    "genres": {
                        "S": "Action|Crime|Drama|Mystery|Thriller"
                    }
                }
            }
        },
        {
            "PutRequest": {
                "Item": {
                    "id": {
                        "S": "145317"
                    },
                    "title": {
                        "S": "The Family Secret (1951)"
                    },
                    "genres": {
                        "S": "Crime|Drama"
                    }
                }
            }
        },
        {
            "PutRequest": {
                "Item": {
                    "id": {
                        "S": "145320"
                    },
                    "title": {
                        "S": "The Sound and the Fury (2014)"
                    },
                    "genres": {
                        "S": "(no genres listed)"
                    }
                }
            }
        },
        {
            "PutRequest": {
                "Item": {
                    "id": {
                        "S": "145322"
                    },
                    "title": {
                        "S": "The Trail of '98 (1928)"
                    },
                    "genres": {
                        "S": "(no genres listed)"
                    }
                }
            }
        },
        {
            "PutRequest": {
                "Item": {
                    "id": {
                        "S": "145324"
                    },
                    "title": {
                        "S": "Twice Upon a Time (2006)"
                    },
                    "genres": {
                        "S": "Comedy"
                    }
                }
            }
        },
        {
            "PutRequest": {
                "Item": {
                    "id": {
                        "S": "145326"
                    },
                    "title": {
                        "S": "Uncertain Glory (1944)"
                    },
                    "genres": {
                        "S": "Drama"
                    }
                }
            }
        },
        {
            "PutRequest": {
                "Item": {
                    "id": {
                        "S": "145330"
                    },
                    "title": {
                        "S": "Unidentified (2006)"
                    },
                    "genres": {
                        "S": "Sci-Fi"
                    }
                }
            }
        },
        {
            "PutRequest": {
                "Item": {
                    "id": {
                        "S": "145333"
                    },
                    "title": {
                        "S": "Where the Spies Are (1966)"
                    },
                    "genres": {
                        "S": "Action|Thriller"
                    }
                }
            }
        },
        {
            "PutRequest": {
                "Item": {
                    "id": {
                        "S": "145335"
                    },
                    "title": {
                        "S": "Why Horror? (2014)"
                    },
                    "genres": {
                        "S": "Documentary"
                    }
                }
            }
        },
        {
            "PutRequest": {
                "Item": {
                    "id": {
                        "S": "145340"
                    },
                    "title": {
                        "S": "Now Add Honey (2014)"
                    },
                    "genres": {
                        "S": "Comedy"
                    }
                }
            }
        },
        {
            "PutRequest": {
                "Item": {
                    "id": {
                        "S": "145342"
                    },
                    "title": {
                        "S": "Yearning (1964)"
                    },
                    "genres": {
                        "S": "Drama"
                    }
                }
            }
        },
        {
            "PutRequest": {
                "Item": {
                    "id": {
                        "S": "145344"
                    },
                    "title": {
                        "S": "Balibo (2009)"
                    },
                    "genres": {
                        "S": "Drama|Mystery|Thriller"
                    }
                }
            }
        },
        {
            "PutRequest": {
                "Item": {
                    "id": {
                        "S": "145346"
                    },
                    "title": {
                        "S": "Joshua (1976)"
                    },
                    "genres": {
                        "S": "Drama|Thriller"
                    }
                }
            }
        },
        {
            "PutRequest": {
                "Item": {
                    "id": {
                        "S": "145348"
                    },
                    "title": {
                        "S": "Phenomenal and the Treasure of Tutankamen (1968)"
                    },
                    "genres": {
                        "S": "Sci-Fi"
                    }
                }
            }
        },
        {
            "PutRequest": {
                "Item": {
                    "id": {
                        "S": "145350"
                    },
                    "title": {
                        "S": "Dial: Help (1988)"
                    },
                    "genres": {
                        "S": "Horror"
                    }
                }
            }
        }
    ]
}