{
    "movies": [
        {
            "PutRequest": {
                "Item": {
                    "id": {
                        "S": "148540"
                    },
                    "title": {
                        "S": "Desirable Teacher 2 (1982)"
                    },
                    "genres": {
                        "S": "Comedy"
                    }
                }
            }
        },
        {
            "PutRequest": {
                "Item": {
                    "id": {
                        "S": "148542"
                    },
                    "title": {
                        "S": "Where Can You Go Without the Little Vice? (1979)"
                    },
                    "genres": {
                        "S": "Comedy"
                    }
                }
            }
        },
        {
            "PutRequest": {
                "Item": {
                    "id": {
                        "S": "148548"
                    },
                    "title": {
                        "S": "Rome, the other face of violence (1976)"
                    },
                    "genres": {
                        "S": "Action|Crime"
                    }
                }
            }
        },
        {
            "PutRequest": {
                "Item": {
                    "id": {
                        "S": "148550"
                    },
                    "title": {
                        "S": "A Special Cop in Action (1976)"
                    },
                    "genres": {
                        "S": "Action|Crime|Thriller"
                    }
                }
            }
        },
        {
            "PutRequest": {
                "Item": {
                    "id": {
                        "S": "148554"
                    },
                    "title": {
                        "S": "Nude Odeon (1978)"
                    },
                    "genres": {
                        "S": "(no genres listed)"
                    }
                }
            }
        },
        {
            "PutRequest": {
                "Item": {
                    "id": {
                        "S": "148556"
                    },
                    "title": {
                        "S": "La liceale al mare con l'amica di pap\u00e0 (1980)"
                    },
                    "genres": {
                        "S": "Comedy"
                    }
                }
            }
        },
        {
            "PutRequest": {
                "Item": {
                    "id": {
                        "S": "148560"
                    },
                    "title": {
                        "S": "Violent City (1975)"
                    },
                    "genres": {
                        "S": "(no genres listed)"
                    }
                }
            }
        },
        {
            "PutRequest": {
                "Item": {
                    "id": {
                        "S": "148562"
                    },
                    "title": {
                        "S": "Valentina... The Virgin Wife (1975)"
                    },
                    "genres": {
                        "S": "Comedy"
                    }
                }
            }
        },
        {
            "PutRequest": {
                "Item": {
                    "id": {
                        "S": "148564"
                    },
                    "title": {
                        "S": "Between God, The Devil and a Winchester (1968)"
                    },
                    "genres": {
                        "S": "(no genres listed)"
                    }
                }
            }
        },
        {
            "PutRequest": {
                "Item": {
                    "id": {
                        "S": "148566"
                    },
                    "title": {
                        "S": "I due magnifici fresconi (1968)"
                    },
                    "genres": {
                        "S": "Comedy"
                    }
                }
            }
        },
        {
            "PutRequest": {
                "Item": {
                    "id": {
                        "S": "148568"
                    },
                    "title": {
                        "S": "Don Franco e Don Ciccio nell'anno della Contestazione (1970)"
                    },
                    "genres": {
                        "S": "Comedy"
                    }
                }
            }
        },
        {
            "PutRequest": {
                "Item": {
                    "id": {
                        "S": "148572"
                    },
                    "title": {
                        "S": "Bullet in the Flesh (1967)"
                    },
                    "genres": {
                        "S": "(no genres listed)"
                    }
                }
            }
        },
        {
            "PutRequest": {
                "Item": {
                    "id": {
                        "S": "148574"
                    },
                    "title": {
                        "S": "Due Rrringos nel Texas (1967)"
                    },
                    "genres": {
                        "S": "Comedy"
                    }
                }
            }
        },
        {
            "PutRequest": {
                "Item": {
                    "id": {
                        "S": "148576"
                    },
                    "title": {
                        "S": "Franco, Ciccio and the Cheerful Widows (1968)"
                    },
                    "genres": {
                        "S": "Comedy"
                    }
                }
            }
        },
        {
            "PutRequest": {
                "Item": {
                    "id": {
                        "S": "148578"
                    },
                    "title": {
                        "S": "7 monaci d'oro (1966)"
                    },
                    "genres": {
                        "S": "(no genres listed)"
                    }
                }
            }
        },
        {
            "PutRequest": {
                "Item": {
                    "id": {
                        "S": "148582"
                    },
                    "title": {
                        "S": "African Story (1971)"
                    },
                    "genres": {
                        "S": "Mystery|Thriller"
                    }
                }
            }
        },
        {
            "PutRequest": {
                "Item": {
                    "id": {
                        "S": "148584"
                    },
                    "title": {
                        "S": "Decameron proibitissimo (Boccaccio mio statte zitto) (1972)"
                    },
                    "genres": {
                        "S": "Comedy"
                    }
                }
            }
        },
        {
            "PutRequest": {
                "Item": {
                    "id": {
                        "S": "148586"
                    },
                    "title": {
                        "S": "Desirable Teacher (1981)"
                    },
                    "genres": {
                        "S": "Comedy"
                    }
                }
            }
        },
        {
            "PutRequest": {
                "Item": {
                    "id": {
                        "S": "148588"
                    },
                    "title": {
                        "S": "Desperate Moves (1981)"
                    },
                    "genres": {
                        "S": "Comedy"
                    }
                }
            }
        },
        {
            "PutRequest": {
                "Item": {
                    "id": {
                        "S": "148590"
                    },
                    "title": {
                        "S": "Brave (1994)"
                    },
                    "genres": {
                        "S": "Drama"
                    }
                }
            }
        },
        {
            "PutRequest": {
                "Item": {
                    "id": {
                        "S": "148592"
                    },
                    "title": {
                        "S": "Just Jim (2015)"
                    },
                    "genres": {
                        "S": "Comedy"
                    }
                }
            }
        },
        {
            "PutRequest": {
                "Item": {
                    "id": {
                        "S": "148594"
                    },
                    "title": {
                        "S": "The Otherworld (2013)"
                    },
                    "genres": {
                        "S": "Documentary"
                    }
                }
            }
        },
        {
            "PutRequest": {
                "Item": {
                    "id": {
                        "S": "148598"
                    },
                    "title": {
                        "S": "Valentino (1951)"
                    },
                    "genres": {
                        "S": "(no genres listed)"
                    }
                }
            }
        },
        {
            "PutRequest": {
                "Item": {
                    "id": {
                        "S": "148602"
                    },
                    "title": {
                        "S": "Chicago Deadline (1949)"
                    },
                    "genres": {
                        "S": "Crime"
                    }
                }
            }
        },
        {
            "PutRequest": {
                "Item": {
                    "id": {
                        "S": "148604"
                    },
                    "title": {
                        "S": "Those Endearing Young Charms (1945)"
                    },
                    "genres": {
                        "S": "Comedy|Drama|Romance"
                    }
                }
            }
        }
    ]
}