{
    "movies": [
        {
            "PutRequest": {
                "Item": {
                    "id": {
                        "S": "123796"
                    },
                    "title": {
                        "S": "The Bears and I (1974)"
                    },
                    "genres": {
                        "S": "Adventure|Drama"
                    }
                }
            }
        },
        {
            "PutRequest": {
                "Item": {
                    "id": {
                        "S": "123798"
                    },
                    "title": {
                        "S": "The Quest: The Longest Drive (1976)"
                    },
                    "genres": {
                        "S": "(no genres listed)"
                    }
                }
            }
        },
        {
            "PutRequest": {
                "Item": {
                    "id": {
                        "S": "123800"
                    },
                    "title": {
                        "S": "Long Pants (1927)"
                    },
                    "genres": {
                        "S": "(no genres listed)"
                    }
                }
            }
        },
        {
            "PutRequest": {
                "Item": {
                    "id": {
                        "S": "123802"
                    },
                    "title": {
                        "S": "Kid Blue (1973)"
                    },
                    "genres": {
                        "S": "Comedy|Western"
                    }
                }
            }
        },
        {
            "PutRequest": {
                "Item": {
                    "id": {
                        "S": "123804"
                    },
                    "title": {
                        "S": "The Kid from Left Field (1953)"
                    },
                    "genres": {
                        "S": "Comedy"
                    }
                }
            }
        },
        {
            "PutRequest": {
                "Item": {
                    "id": {
                        "S": "123806"
                    },
                    "title": {
                        "S": "Juke Girl (1942)"
                    },
                    "genres": {
                        "S": "Crime|Drama|Mystery"
                    }
                }
            }
        },
        {
            "PutRequest": {
                "Item": {
                    "id": {
                        "S": "123808"
                    },
                    "title": {
                        "S": "The Conquering Power (1921)"
                    },
                    "genres": {
                        "S": "(no genres listed)"
                    }
                }
            }
        },
        {
            "PutRequest": {
                "Item": {
                    "id": {
                        "S": "123810"
                    },
                    "title": {
                        "S": "The Great Sioux Massacre (1965)"
                    },
                    "genres": {
                        "S": "(no genres listed)"
                    }
                }
            }
        },
        {
            "PutRequest": {
                "Item": {
                    "id": {
                        "S": "123812"
                    },
                    "title": {
                        "S": "The Red Lily (1924)"
                    },
                    "genres": {
                        "S": "Drama"
                    }
                }
            }
        },
        {
            "PutRequest": {
                "Item": {
                    "id": {
                        "S": "123814"
                    },
                    "title": {
                        "S": "The Unknown Man (1951)"
                    },
                    "genres": {
                        "S": "Crime|Drama"
                    }
                }
            }
        },
        {
            "PutRequest": {
                "Item": {
                    "id": {
                        "S": "123816"
                    },
                    "title": {
                        "S": "Highly Dangerous (1950)"
                    },
                    "genres": {
                        "S": "Action|Thriller"
                    }
                }
            }
        },
        {
            "PutRequest": {
                "Item": {
                    "id": {
                        "S": "123818"
                    },
                    "title": {
                        "S": "Quiet Flows The Don (2006)"
                    },
                    "genres": {
                        "S": "Drama"
                    }
                }
            }
        },
        {
            "PutRequest": {
                "Item": {
                    "id": {
                        "S": "123820"
                    },
                    "title": {
                        "S": "Slim (1937)"
                    },
                    "genres": {
                        "S": "Drama|Romance"
                    }
                }
            }
        },
        {
            "PutRequest": {
                "Item": {
                    "id": {
                        "S": "123822"
                    },
                    "title": {
                        "S": "The Librarians (Strike Force) (2004)"
                    },
                    "genres": {
                        "S": "Action|Thriller"
                    }
                }
            }
        },
        {
            "PutRequest": {
                "Item": {
                    "id": {
                        "S": "123824"
                    },
                    "title": {
                        "S": "The Casino Murder Case (1935)"
                    },
                    "genres": {
                        "S": "Action|Drama|Mystery"
                    }
                }
            }
        },
        {
            "PutRequest": {
                "Item": {
                    "id": {
                        "S": "123826"
                    },
                    "title": {
                        "S": "In the Cool of the Day (1963)"
                    },
                    "genres": {
                        "S": "Drama|Romance"
                    }
                }
            }
        },
        {
            "PutRequest": {
                "Item": {
                    "id": {
                        "S": "123828"
                    },
                    "title": {
                        "S": "Noose (1948)"
                    },
                    "genres": {
                        "S": "Crime|Drama"
                    }
                }
            }
        },
        {
            "PutRequest": {
                "Item": {
                    "id": {
                        "S": "123830"
                    },
                    "title": {
                        "S": "Le port du d\u00e9sir (1955)"
                    },
                    "genres": {
                        "S": "(no genres listed)"
                    }
                }
            }
        },
        {
            "PutRequest": {
                "Item": {
                    "id": {
                        "S": "123832"
                    },
                    "title": {
                        "S": "Beat Girl (1961)"
                    },
                    "genres": {
                        "S": "Drama"
                    }
                }
            }
        },
        {
            "PutRequest": {
                "Item": {
                    "id": {
                        "S": "123834"
                    },
                    "title": {
                        "S": "The Hands of Orlac (1960)"
                    },
                    "genres": {
                        "S": "Crime|Horror|Thriller"
                    }
                }
            }
        },
        {
            "PutRequest": {
                "Item": {
                    "id": {
                        "S": "123836"
                    },
                    "title": {
                        "S": "Love Hurts (1990)"
                    },
                    "genres": {
                        "S": "Comedy|Drama"
                    }
                }
            }
        },
        {
            "PutRequest": {
                "Item": {
                    "id": {
                        "S": "123838"
                    },
                    "title": {
                        "S": "The Black Klansman (1966)"
                    },
                    "genres": {
                        "S": "(no genres listed)"
                    }
                }
            }
        },
        {
            "PutRequest": {
                "Item": {
                    "id": {
                        "S": "123840"
                    },
                    "title": {
                        "S": "Girl in Gold Boots (1968)"
                    },
                    "genres": {
                        "S": "Crime|Drama|Romance"
                    }
                }
            }
        },
        {
            "PutRequest": {
                "Item": {
                    "id": {
                        "S": "123842"
                    },
                    "title": {
                        "S": "The Corpse Grinders (1971)"
                    },
                    "genres": {
                        "S": "Horror"
                    }
                }
            }
        },
        {
            "PutRequest": {
                "Item": {
                    "id": {
                        "S": "123844"
                    },
                    "title": {
                        "S": "Blood Orgy of the She-Devils (1973)"
                    },
                    "genres": {
                        "S": "Horror"
                    }
                }
            }
        }
    ]
}