{
    "movies": [
        {
            "PutRequest": {
                "Item": {
                    "id": {
                        "S": "137401"
                    },
                    "title": {
                        "S": "The Stream (2013)"
                    },
                    "genres": {
                        "S": "Adventure|Children|Comedy"
                    }
                }
            }
        },
        {
            "PutRequest": {
                "Item": {
                    "id": {
                        "S": "137403"
                    },
                    "title": {
                        "S": "Swimming Upstream (2002)"
                    },
                    "genres": {
                        "S": "Drama"
                    }
                }
            }
        },
        {
            "PutRequest": {
                "Item": {
                    "id": {
                        "S": "137405"
                    },
                    "title": {
                        "S": "The Chaos Factor (2000)"
                    },
                    "genres": {
                        "S": "Action|Drama|Thriller"
                    }
                }
            }
        },
        {
            "PutRequest": {
                "Item": {
                    "id": {
                        "S": "137409"
                    },
                    "title": {
                        "S": "Phantom of the Mall: Eric's Revenge (1989)"
                    },
                    "genres": {
                        "S": "Horror"
                    }
                }
            }
        },
        {
            "PutRequest": {
                "Item": {
                    "id": {
                        "S": "137411"
                    },
                    "title": {
                        "S": "The Big Fall"
                    },
                    "genres": {
                        "S": "Action"
                    }
                }
            }
        },
        {
            "PutRequest": {
                "Item": {
                    "id": {
                        "S": "137415"
                    },
                    "title": {
                        "S": "Acceptable Risk (2001)"
                    },
                    "genres": {
                        "S": "Drama|Sci-Fi|Thriller"
                    }
                }
            }
        },
        {
            "PutRequest": {
                "Item": {
                    "id": {
                        "S": "137417"
                    },
                    "title": {
                        "S": "Buried Secrets (1996)"
                    },
                    "genres": {
                        "S": "Drama|Mystery"
                    }
                }
            }
        },
        {
            "PutRequest": {
                "Item": {
                    "id": {
                        "S": "137419"
                    },
                    "title": {
                        "S": "No Greater Love (1996)"
                    },
                    "genres": {
                        "S": "(no genres listed)"
                    }
                }
            }
        },
        {
            "PutRequest": {
                "Item": {
                    "id": {
                        "S": "137421"
                    },
                    "title": {
                        "S": "Inara, the Jungle Girl (2012)"
                    },
                    "genres": {
                        "S": "Adventure"
                    }
                }
            }
        },
        {
            "PutRequest": {
                "Item": {
                    "id": {
                        "S": "137423"
                    },
                    "title": {
                        "S": "La strat\u00e9gie de l'\u00e9chec (2000)"
                    },
                    "genres": {
                        "S": "Comedy"
                    }
                }
            }
        },
        {
            "PutRequest": {
                "Item": {
                    "id": {
                        "S": "137425"
                    },
                    "title": {
                        "S": "TalhotBlond (2012)"
                    },
                    "genres": {
                        "S": "Drama"
                    }
                }
            }
        },
        {
            "PutRequest": {
                "Item": {
                    "id": {
                        "S": "137427"
                    },
                    "title": {
                        "S": "EM (2008)"
                    },
                    "genres": {
                        "S": "Drama|Romance"
                    }
                }
            }
        },
        {
            "PutRequest": {
                "Item": {
                    "id": {
                        "S": "137431"
                    },
                    "title": {
                        "S": "Leaving Barstow (2008)"
                    },
                    "genres": {
                        "S": "Drama|Romance"
                    }
                }
            }
        },
        {
            "PutRequest": {
                "Item": {
                    "id": {
                        "S": "137433"
                    },
                    "title": {
                        "S": "Don't Pass Me By (2013)"
                    },
                    "genres": {
                        "S": "Drama"
                    }
                }
            }
        },
        {
            "PutRequest": {
                "Item": {
                    "id": {
                        "S": "137435"
                    },
                    "title": {
                        "S": "Lenexa, 1 Mile (2006)"
                    },
                    "genres": {
                        "S": "Drama"
                    }
                }
            }
        },
        {
            "PutRequest": {
                "Item": {
                    "id": {
                        "S": "137437"
                    },
                    "title": {
                        "S": "Son of a Lion (2007)"
                    },
                    "genres": {
                        "S": "(no genres listed)"
                    }
                }
            }
        },
        {
            "PutRequest": {
                "Item": {
                    "id": {
                        "S": "137439"
                    },
                    "title": {
                        "S": "Ultimate Betrayal (1994)"
                    },
                    "genres": {
                        "S": "Drama"
                    }
                }
            }
        },
        {
            "PutRequest": {
                "Item": {
                    "id": {
                        "S": "137441"
                    },
                    "title": {
                        "S": "The Wee Man (2013)"
                    },
                    "genres": {
                        "S": "Drama"
                    }
                }
            }
        },
        {
            "PutRequest": {
                "Item": {
                    "id": {
                        "S": "137443"
                    },
                    "title": {
                        "S": "Wolves In The Snow"
                    },
                    "genres": {
                        "S": "Action|Crime|Drama|Thriller"
                    }
                }
            }
        },
        {
            "PutRequest": {
                "Item": {
                    "id": {
                        "S": "137445"
                    },
                    "title": {
                        "S": "The Riverman (2004)"
                    },
                    "genres": {
                        "S": "Crime|Drama|Thriller"
                    }
                }
            }
        },
        {
            "PutRequest": {
                "Item": {
                    "id": {
                        "S": "137447"
                    },
                    "title": {
                        "S": "Albert Schweitzer (2009)"
                    },
                    "genres": {
                        "S": "Comedy|Drama|Romance"
                    }
                }
            }
        },
        {
            "PutRequest": {
                "Item": {
                    "id": {
                        "S": "137451"
                    },
                    "title": {
                        "S": "Through Naked Eyes (1983)"
                    },
                    "genres": {
                        "S": "(no genres listed)"
                    }
                }
            }
        },
        {
            "PutRequest": {
                "Item": {
                    "id": {
                        "S": "137453"
                    },
                    "title": {
                        "S": "All Together Now (2013)"
                    },
                    "genres": {
                        "S": "(no genres listed)"
                    }
                }
            }
        },
        {
            "PutRequest": {
                "Item": {
                    "id": {
                        "S": "137455"
                    },
                    "title": {
                        "S": "The Last Push (2012)"
                    },
                    "genres": {
                        "S": "Sci-Fi"
                    }
                }
            }
        },
        {
            "PutRequest": {
                "Item": {
                    "id": {
                        "S": "137457"
                    },
                    "title": {
                        "S": "Blue Lagoon: The Awakening (2012)"
                    },
                    "genres": {
                        "S": "Romance"
                    }
                }
            }
        }
    ]
}