{
    "movies": [
        {
            "PutRequest": {
                "Item": {
                    "id": {
                        "S": "3522"
                    },
                    "title": {
                        "S": "Sacco and Vanzetti (Sacco e Vanzetti) (1971)"
                    },
                    "genres": {
                        "S": "Drama"
                    }
                }
            }
        },
        {
            "PutRequest": {
                "Item": {
                    "id": {
                        "S": "3523"
                    },
                    "title": {
                        "S": "Taffin (1988)"
                    },
                    "genres": {
                        "S": "Action|Thriller"
                    }
                }
            }
        },
        {
            "PutRequest": {
                "Item": {
                    "id": {
                        "S": "3524"
                    },
                    "title": {
                        "S": "Arthur (1981)"
                    },
                    "genres": {
                        "S": "Comedy|Romance"
                    }
                }
            }
        },
        {
            "PutRequest": {
                "Item": {
                    "id": {
                        "S": "3525"
                    },
                    "title": {
                        "S": "Bachelor Party (1984)"
                    },
                    "genres": {
                        "S": "Comedy"
                    }
                }
            }
        },
        {
            "PutRequest": {
                "Item": {
                    "id": {
                        "S": "3526"
                    },
                    "title": {
                        "S": "Parenthood (1989)"
                    },
                    "genres": {
                        "S": "Comedy|Drama"
                    }
                }
            }
        },
        {
            "PutRequest": {
                "Item": {
                    "id": {
                        "S": "3527"
                    },
                    "title": {
                        "S": "Predator (1987)"
                    },
                    "genres": {
                        "S": "Action|Sci-Fi|Thriller"
                    }
                }
            }
        },
        {
            "PutRequest": {
                "Item": {
                    "id": {
                        "S": "3528"
                    },
                    "title": {
                        "S": "Prince of Tides, The (1991)"
                    },
                    "genres": {
                        "S": "Drama|Romance"
                    }
                }
            }
        },
        {
            "PutRequest": {
                "Item": {
                    "id": {
                        "S": "3529"
                    },
                    "title": {
                        "S": "Postman Always Rings Twice, The (1981)"
                    },
                    "genres": {
                        "S": "Crime|Thriller"
                    }
                }
            }
        },
        {
            "PutRequest": {
                "Item": {
                    "id": {
                        "S": "3530"
                    },
                    "title": {
                        "S": "Smoking/No Smoking (1993)"
                    },
                    "genres": {
                        "S": "Comedy"
                    }
                }
            }
        },
        {
            "PutRequest": {
                "Item": {
                    "id": {
                        "S": "3531"
                    },
                    "title": {
                        "S": "All the Vermeers in New York (1990)"
                    },
                    "genres": {
                        "S": "Comedy|Drama|Romance"
                    }
                }
            }
        },
        {
            "PutRequest": {
                "Item": {
                    "id": {
                        "S": "3533"
                    },
                    "title": {
                        "S": "Actor's Revenge, An (Yukinoj\u00f4 henge) (1963)"
                    },
                    "genres": {
                        "S": "Drama"
                    }
                }
            }
        },
        {
            "PutRequest": {
                "Item": {
                    "id": {
                        "S": "3534"
                    },
                    "title": {
                        "S": "28 Days (2000)"
                    },
                    "genres": {
                        "S": "Drama"
                    }
                }
            }
        },
        {
            "PutRequest": {
                "Item": {
                    "id": {
                        "S": "3535"
                    },
                    "title": {
                        "S": "American Psycho (2000)"
                    },
                    "genres": {
                        "S": "Crime|Horror|Mystery|Thriller"
                    }
                }
            }
        },
        {
            "PutRequest": {
                "Item": {
                    "id": {
                        "S": "3536"
                    },
                    "title": {
                        "S": "Keeping the Faith (2000)"
                    },
                    "genres": {
                        "S": "Comedy|Drama|Romance"
                    }
                }
            }
        },
        {
            "PutRequest": {
                "Item": {
                    "id": {
                        "S": "3537"
                    },
                    "title": {
                        "S": "Where the Money Is (2000)"
                    },
                    "genres": {
                        "S": "Comedy|Drama"
                    }
                }
            }
        },
        {
            "PutRequest": {
                "Item": {
                    "id": {
                        "S": "3538"
                    },
                    "title": {
                        "S": "East is East (1999)"
                    },
                    "genres": {
                        "S": "Comedy"
                    }
                }
            }
        },
        {
            "PutRequest": {
                "Item": {
                    "id": {
                        "S": "3539"
                    },
                    "title": {
                        "S": "Filth and the Fury, The (2000)"
                    },
                    "genres": {
                        "S": "Documentary"
                    }
                }
            }
        },
        {
            "PutRequest": {
                "Item": {
                    "id": {
                        "S": "3540"
                    },
                    "title": {
                        "S": "Passion of Mind (2000)"
                    },
                    "genres": {
                        "S": "Drama|Mystery|Romance"
                    }
                }
            }
        },
        {
            "PutRequest": {
                "Item": {
                    "id": {
                        "S": "3541"
                    },
                    "title": {
                        "S": "Third World Cop (1999)"
                    },
                    "genres": {
                        "S": "Action"
                    }
                }
            }
        },
        {
            "PutRequest": {
                "Item": {
                    "id": {
                        "S": "3542"
                    },
                    "title": {
                        "S": "Coming Apart (1969)"
                    },
                    "genres": {
                        "S": "Drama"
                    }
                }
            }
        },
        {
            "PutRequest": {
                "Item": {
                    "id": {
                        "S": "3543"
                    },
                    "title": {
                        "S": "Diner (1982)"
                    },
                    "genres": {
                        "S": "Comedy|Drama"
                    }
                }
            }
        },
        {
            "PutRequest": {
                "Item": {
                    "id": {
                        "S": "3544"
                    },
                    "title": {
                        "S": "Shakes the Clown (1992)"
                    },
                    "genres": {
                        "S": "Comedy"
                    }
                }
            }
        },
        {
            "PutRequest": {
                "Item": {
                    "id": {
                        "S": "3545"
                    },
                    "title": {
                        "S": "Cabaret (1972)"
                    },
                    "genres": {
                        "S": "Drama|Musical"
                    }
                }
            }
        },
        {
            "PutRequest": {
                "Item": {
                    "id": {
                        "S": "3546"
                    },
                    "title": {
                        "S": "What Ever Happened to Baby Jane? (1962)"
                    },
                    "genres": {
                        "S": "Drama|Horror|Thriller"
                    }
                }
            }
        },
        {
            "PutRequest": {
                "Item": {
                    "id": {
                        "S": "3547"
                    },
                    "title": {
                        "S": "Prick Up Your Ears (1987)"
                    },
                    "genres": {
                        "S": "Comedy|Drama"
                    }
                }
            }
        }
    ]
}