{
    "movies": [
        {
            "PutRequest": {
                "Item": {
                    "id": {
                        "S": "137174"
                    },
                    "title": {
                        "S": "The Deserted Station (2002)"
                    },
                    "genres": {
                        "S": "Drama"
                    }
                }
            }
        },
        {
            "PutRequest": {
                "Item": {
                    "id": {
                        "S": "137176"
                    },
                    "title": {
                        "S": "Berlin Tunnel 21 (1981)"
                    },
                    "genres": {
                        "S": "Action|Comedy|Documentary|Drama|Romance|Thriller"
                    }
                }
            }
        },
        {
            "PutRequest": {
                "Item": {
                    "id": {
                        "S": "137178"
                    },
                    "title": {
                        "S": "Missing Pieces (2012)"
                    },
                    "genres": {
                        "S": "Drama"
                    }
                }
            }
        },
        {
            "PutRequest": {
                "Item": {
                    "id": {
                        "S": "137180"
                    },
                    "title": {
                        "S": "Hiding Victoria (2007)"
                    },
                    "genres": {
                        "S": "(no genres listed)"
                    }
                }
            }
        },
        {
            "PutRequest": {
                "Item": {
                    "id": {
                        "S": "137182"
                    },
                    "title": {
                        "S": "Paju (2009)"
                    },
                    "genres": {
                        "S": "Drama|Romance"
                    }
                }
            }
        },
        {
            "PutRequest": {
                "Item": {
                    "id": {
                        "S": "137184"
                    },
                    "title": {
                        "S": "The Garden of Earthly Delights (2004)"
                    },
                    "genres": {
                        "S": "Drama|Romance"
                    }
                }
            }
        },
        {
            "PutRequest": {
                "Item": {
                    "id": {
                        "S": "137186"
                    },
                    "title": {
                        "S": "A Simple Curve (2005)"
                    },
                    "genres": {
                        "S": "Drama"
                    }
                }
            }
        },
        {
            "PutRequest": {
                "Item": {
                    "id": {
                        "S": "137188"
                    },
                    "title": {
                        "S": "No Place Like Home (1989)"
                    },
                    "genres": {
                        "S": "(no genres listed)"
                    }
                }
            }
        },
        {
            "PutRequest": {
                "Item": {
                    "id": {
                        "S": "137190"
                    },
                    "title": {
                        "S": "The Exonerated (2006)"
                    },
                    "genres": {
                        "S": "Drama"
                    }
                }
            }
        },
        {
            "PutRequest": {
                "Item": {
                    "id": {
                        "S": "137192"
                    },
                    "title": {
                        "S": "Thirst (2012)"
                    },
                    "genres": {
                        "S": "Drama"
                    }
                }
            }
        },
        {
            "PutRequest": {
                "Item": {
                    "id": {
                        "S": "137194"
                    },
                    "title": {
                        "S": "Meeting Spencer (2010)"
                    },
                    "genres": {
                        "S": "Comedy"
                    }
                }
            }
        },
        {
            "PutRequest": {
                "Item": {
                    "id": {
                        "S": "137196"
                    },
                    "title": {
                        "S": "Rhymes for Young Ghouls (2013)"
                    },
                    "genres": {
                        "S": "Drama"
                    }
                }
            }
        },
        {
            "PutRequest": {
                "Item": {
                    "id": {
                        "S": "137198"
                    },
                    "title": {
                        "S": "Zero Dark Dirty (2013)"
                    },
                    "genres": {
                        "S": "Comedy"
                    }
                }
            }
        },
        {
            "PutRequest": {
                "Item": {
                    "id": {
                        "S": "137202"
                    },
                    "title": {
                        "S": "White Lion (2010)"
                    },
                    "genres": {
                        "S": "Children|Drama"
                    }
                }
            }
        },
        {
            "PutRequest": {
                "Item": {
                    "id": {
                        "S": "137206"
                    },
                    "title": {
                        "S": "Ultrasonic (2012)"
                    },
                    "genres": {
                        "S": "Drama|Thriller"
                    }
                }
            }
        },
        {
            "PutRequest": {
                "Item": {
                    "id": {
                        "S": "137210"
                    },
                    "title": {
                        "S": "Salt of This Sea (2008)"
                    },
                    "genres": {
                        "S": "Drama|Romance"
                    }
                }
            }
        },
        {
            "PutRequest": {
                "Item": {
                    "id": {
                        "S": "137212"
                    },
                    "title": {
                        "S": "Blowing Wild (1953)"
                    },
                    "genres": {
                        "S": "Western"
                    }
                }
            }
        },
        {
            "PutRequest": {
                "Item": {
                    "id": {
                        "S": "137214"
                    },
                    "title": {
                        "S": "Blumenthal (2013)"
                    },
                    "genres": {
                        "S": "Comedy"
                    }
                }
            }
        },
        {
            "PutRequest": {
                "Item": {
                    "id": {
                        "S": "137218"
                    },
                    "title": {
                        "S": "April Morning (1988)"
                    },
                    "genres": {
                        "S": "Drama"
                    }
                }
            }
        },
        {
            "PutRequest": {
                "Item": {
                    "id": {
                        "S": "137222"
                    },
                    "title": {
                        "S": "Boppin' at the Glue Factory (2009)"
                    },
                    "genres": {
                        "S": "(no genres listed)"
                    }
                }
            }
        },
        {
            "PutRequest": {
                "Item": {
                    "id": {
                        "S": "137224"
                    },
                    "title": {
                        "S": "China Gate (1957)"
                    },
                    "genres": {
                        "S": "Action|Thriller|War"
                    }
                }
            }
        },
        {
            "PutRequest": {
                "Item": {
                    "id": {
                        "S": "137226"
                    },
                    "title": {
                        "S": "Ocean of Pearls (2008)"
                    },
                    "genres": {
                        "S": "Drama"
                    }
                }
            }
        },
        {
            "PutRequest": {
                "Item": {
                    "id": {
                        "S": "137228"
                    },
                    "title": {
                        "S": "Stand Clear of the Closing Doors (2014)"
                    },
                    "genres": {
                        "S": "Drama"
                    }
                }
            }
        },
        {
            "PutRequest": {
                "Item": {
                    "id": {
                        "S": "137230"
                    },
                    "title": {
                        "S": "Summerhood (2008)"
                    },
                    "genres": {
                        "S": "Comedy|Drama|Romance"
                    }
                }
            }
        },
        {
            "PutRequest": {
                "Item": {
                    "id": {
                        "S": "137232"
                    },
                    "title": {
                        "S": "Flat Top (1952)"
                    },
                    "genres": {
                        "S": "Action|Drama|War"
                    }
                }
            }
        }
    ]
}