{
    "movies": [
        {
            "PutRequest": {
                "Item": {
                    "id": {
                        "S": "145118"
                    },
                    "title": {
                        "S": "Sugar Coated (2015)"
                    },
                    "genres": {
                        "S": "(no genres listed)"
                    }
                }
            }
        },
        {
            "PutRequest": {
                "Item": {
                    "id": {
                        "S": "145120"
                    },
                    "title": {
                        "S": "Monopol (1996)"
                    },
                    "genres": {
                        "S": "Comedy"
                    }
                }
            }
        },
        {
            "PutRequest": {
                "Item": {
                    "id": {
                        "S": "145122"
                    },
                    "title": {
                        "S": "Silsile (2014)"
                    },
                    "genres": {
                        "S": "(no genres listed)"
                    }
                }
            }
        },
        {
            "PutRequest": {
                "Item": {
                    "id": {
                        "S": "145124"
                    },
                    "title": {
                        "S": "Bir Avu\u00e7 Deniz (2011)"
                    },
                    "genres": {
                        "S": "(no genres listed)"
                    }
                }
            }
        },
        {
            "PutRequest": {
                "Item": {
                    "id": {
                        "S": "145126"
                    },
                    "title": {
                        "S": "Gecenin Kanatlar\u0131 (2009)"
                    },
                    "genres": {
                        "S": "Crime|Drama|Romance"
                    }
                }
            }
        },
        {
            "PutRequest": {
                "Item": {
                    "id": {
                        "S": "145128"
                    },
                    "title": {
                        "S": "Beni Unutma (2011)"
                    },
                    "genres": {
                        "S": "Romance"
                    }
                }
            }
        },
        {
            "PutRequest": {
                "Item": {
                    "id": {
                        "S": "145130"
                    },
                    "title": {
                        "S": "Benim D\u00fcnyam (2013)"
                    },
                    "genres": {
                        "S": "Drama"
                    }
                }
            }
        },
        {
            "PutRequest": {
                "Item": {
                    "id": {
                        "S": "145132"
                    },
                    "title": {
                        "S": "The Butterfly's Dream (2013)"
                    },
                    "genres": {
                        "S": "Drama"
                    }
                }
            }
        },
        {
            "PutRequest": {
                "Item": {
                    "id": {
                        "S": "145134"
                    },
                    "title": {
                        "S": "Dark Waters (2003)"
                    },
                    "genres": {
                        "S": "Action|Horror|Sci-Fi|Thriller"
                    }
                }
            }
        },
        {
            "PutRequest": {
                "Item": {
                    "id": {
                        "S": "145136"
                    },
                    "title": {
                        "S": "Danger Beneath the Sea (2001)"
                    },
                    "genres": {
                        "S": "Action|Thriller"
                    }
                }
            }
        },
        {
            "PutRequest": {
                "Item": {
                    "id": {
                        "S": "145138"
                    },
                    "title": {
                        "S": "Rough Air: Danger on Flight 534 (2001)"
                    },
                    "genres": {
                        "S": "Drama"
                    }
                }
            }
        },
        {
            "PutRequest": {
                "Item": {
                    "id": {
                        "S": "145140"
                    },
                    "title": {
                        "S": "Fathers and Daughters (2015)"
                    },
                    "genres": {
                        "S": "Drama"
                    }
                }
            }
        },
        {
            "PutRequest": {
                "Item": {
                    "id": {
                        "S": "145142"
                    },
                    "title": {
                        "S": "Curve (2015)"
                    },
                    "genres": {
                        "S": "Horror|Thriller"
                    }
                }
            }
        },
        {
            "PutRequest": {
                "Item": {
                    "id": {
                        "S": "145144"
                    },
                    "title": {
                        "S": "Night At The Golden Eagle (2002)"
                    },
                    "genres": {
                        "S": "Action|Adventure|Crime|Drama"
                    }
                }
            }
        },
        {
            "PutRequest": {
                "Item": {
                    "id": {
                        "S": "145146"
                    },
                    "title": {
                        "S": "K-9: P.I. (2002)"
                    },
                    "genres": {
                        "S": "Action|Adventure|Comedy|Crime"
                    }
                }
            }
        },
        {
            "PutRequest": {
                "Item": {
                    "id": {
                        "S": "145148"
                    },
                    "title": {
                        "S": "K-9000 (1991)"
                    },
                    "genres": {
                        "S": "(no genres listed)"
                    }
                }
            }
        },
        {
            "PutRequest": {
                "Item": {
                    "id": {
                        "S": "145150"
                    },
                    "title": {
                        "S": "The Dressmaker (2015)"
                    },
                    "genres": {
                        "S": "Comedy|Drama|Thriller"
                    }
                }
            }
        },
        {
            "PutRequest": {
                "Item": {
                    "id": {
                        "S": "145152"
                    },
                    "title": {
                        "S": "Framed for Murder (2007)"
                    },
                    "genres": {
                        "S": "Mystery|Thriller"
                    }
                }
            }
        },
        {
            "PutRequest": {
                "Item": {
                    "id": {
                        "S": "145154"
                    },
                    "title": {
                        "S": "Stranger at the Door (2004)"
                    },
                    "genres": {
                        "S": "(no genres listed)"
                    }
                }
            }
        },
        {
            "PutRequest": {
                "Item": {
                    "id": {
                        "S": "145156"
                    },
                    "title": {
                        "S": "The Perfect Husband (2004)"
                    },
                    "genres": {
                        "S": "(no genres listed)"
                    }
                }
            }
        },
        {
            "PutRequest": {
                "Item": {
                    "id": {
                        "S": "145158"
                    },
                    "title": {
                        "S": "Sharpshooter (2008)"
                    },
                    "genres": {
                        "S": "Action|Thriller"
                    }
                }
            }
        },
        {
            "PutRequest": {
                "Item": {
                    "id": {
                        "S": "145160"
                    },
                    "title": {
                        "S": "Half Past Dead 2 (2007)"
                    },
                    "genres": {
                        "S": "Action|Crime"
                    }
                }
            }
        },
        {
            "PutRequest": {
                "Item": {
                    "id": {
                        "S": "145162"
                    },
                    "title": {
                        "S": "Ripper: Letter from Hell (2001)"
                    },
                    "genres": {
                        "S": "Horror"
                    }
                }
            }
        },
        {
            "PutRequest": {
                "Item": {
                    "id": {
                        "S": "145164"
                    },
                    "title": {
                        "S": "Ants (1977)"
                    },
                    "genres": {
                        "S": "Drama|Horror|Thriller"
                    }
                }
            }
        },
        {
            "PutRequest": {
                "Item": {
                    "id": {
                        "S": "145168"
                    },
                    "title": {
                        "S": "Lonesome Ghosts (1937)"
                    },
                    "genres": {
                        "S": "Animation|Comedy"
                    }
                }
            }
        }
    ]
}