{
    "movies": [
        {
            "PutRequest": {
                "Item": {
                    "id": {
                        "S": "136453"
                    },
                    "title": {
                        "S": "How to Play Football (1944)"
                    },
                    "genres": {
                        "S": "(no genres listed)"
                    }
                }
            }
        },
        {
            "PutRequest": {
                "Item": {
                    "id": {
                        "S": "136455"
                    },
                    "title": {
                        "S": "Iron Man & Captain America: Heroes United (2014)"
                    },
                    "genres": {
                        "S": "Action|Adventure|Animation"
                    }
                }
            }
        },
        {
            "PutRequest": {
                "Item": {
                    "id": {
                        "S": "136457"
                    },
                    "title": {
                        "S": "Jeff Dunham: Arguing with Myself (2006)"
                    },
                    "genres": {
                        "S": "Comedy"
                    }
                }
            }
        },
        {
            "PutRequest": {
                "Item": {
                    "id": {
                        "S": "136459"
                    },
                    "title": {
                        "S": "Jeff Dunham: Spark of Insanity (2007)"
                    },
                    "genres": {
                        "S": "Comedy"
                    }
                }
            }
        },
        {
            "PutRequest": {
                "Item": {
                    "id": {
                        "S": "136461"
                    },
                    "title": {
                        "S": "Jeff Ross Roasts America (2012)"
                    },
                    "genres": {
                        "S": "Comedy"
                    }
                }
            }
        },
        {
            "PutRequest": {
                "Item": {
                    "id": {
                        "S": "136463"
                    },
                    "title": {
                        "S": "Jim Gaffigan: Beyond the Pale (2006)"
                    },
                    "genres": {
                        "S": "Comedy"
                    }
                }
            }
        },
        {
            "PutRequest": {
                "Item": {
                    "id": {
                        "S": "136465"
                    },
                    "title": {
                        "S": "John Oliver: Terrifying Times (2008)"
                    },
                    "genres": {
                        "S": "Comedy"
                    }
                }
            }
        },
        {
            "PutRequest": {
                "Item": {
                    "id": {
                        "S": "136467"
                    },
                    "title": {
                        "S": "Kim Possible: A Sitch in Time (2003)"
                    },
                    "genres": {
                        "S": "Action|Adventure|Animation|Children"
                    }
                }
            }
        },
        {
            "PutRequest": {
                "Item": {
                    "id": {
                        "S": "136469"
                    },
                    "title": {
                        "S": "Larry David: Curb Your Enthusiasm (1999)"
                    },
                    "genres": {
                        "S": "Comedy"
                    }
                }
            }
        },
        {
            "PutRequest": {
                "Item": {
                    "id": {
                        "S": "136471"
                    },
                    "title": {
                        "S": "Kevin Hart: Laugh at My Pain (2011)"
                    },
                    "genres": {
                        "S": "Comedy|Documentary"
                    }
                }
            }
        },
        {
            "PutRequest": {
                "Item": {
                    "id": {
                        "S": "136473"
                    },
                    "title": {
                        "S": "Love at First Hiccough (1999)"
                    },
                    "genres": {
                        "S": "Comedy"
                    }
                }
            }
        },
        {
            "PutRequest": {
                "Item": {
                    "id": {
                        "S": "136475"
                    },
                    "title": {
                        "S": "Oktapodi (2007)"
                    },
                    "genres": {
                        "S": "Animation"
                    }
                }
            }
        },
        {
            "PutRequest": {
                "Item": {
                    "id": {
                        "S": "136477"
                    },
                    "title": {
                        "S": "One Froggy Evening (1955)"
                    },
                    "genres": {
                        "S": "Animation|Children|Comedy"
                    }
                }
            }
        },
        {
            "PutRequest": {
                "Item": {
                    "id": {
                        "S": "136479"
                    },
                    "title": {
                        "S": "Pablo Francisco: Bits and Pieces (2004)"
                    },
                    "genres": {
                        "S": "Comedy"
                    }
                }
            }
        },
        {
            "PutRequest": {
                "Item": {
                    "id": {
                        "S": "136481"
                    },
                    "title": {
                        "S": "Pluto's Blue Note (1947)"
                    },
                    "genres": {
                        "S": "(no genres listed)"
                    }
                }
            }
        },
        {
            "PutRequest": {
                "Item": {
                    "id": {
                        "S": "136483"
                    },
                    "title": {
                        "S": "Prep & Landing (2009)"
                    },
                    "genres": {
                        "S": "Animation|Children|Fantasy"
                    }
                }
            }
        },
        {
            "PutRequest": {
                "Item": {
                    "id": {
                        "S": "136485"
                    },
                    "title": {
                        "S": "Robot Chicken: Star Wars (2007)"
                    },
                    "genres": {
                        "S": "Animation|Comedy|Sci-Fi"
                    }
                }
            }
        },
        {
            "PutRequest": {
                "Item": {
                    "id": {
                        "S": "136487"
                    },
                    "title": {
                        "S": "Sexaholix... A Love Story (2002)"
                    },
                    "genres": {
                        "S": "Comedy"
                    }
                }
            }
        },
        {
            "PutRequest": {
                "Item": {
                    "id": {
                        "S": "136489"
                    },
                    "title": {
                        "S": "Terror on the Midway (1942)"
                    },
                    "genres": {
                        "S": "Animation|Fantasy"
                    }
                }
            }
        },
        {
            "PutRequest": {
                "Item": {
                    "id": {
                        "S": "136491"
                    },
                    "title": {
                        "S": "Ishqiya (2010)"
                    },
                    "genres": {
                        "S": "Thriller"
                    }
                }
            }
        },
        {
            "PutRequest": {
                "Item": {
                    "id": {
                        "S": "136493"
                    },
                    "title": {
                        "S": "Chandni Bar (2001)"
                    },
                    "genres": {
                        "S": "Drama"
                    }
                }
            }
        },
        {
            "PutRequest": {
                "Item": {
                    "id": {
                        "S": "136495"
                    },
                    "title": {
                        "S": "Dev.D (2009)"
                    },
                    "genres": {
                        "S": "Drama|Romance"
                    }
                }
            }
        },
        {
            "PutRequest": {
                "Item": {
                    "id": {
                        "S": "136497"
                    },
                    "title": {
                        "S": "Khosla Ka Ghosla! (2006)"
                    },
                    "genres": {
                        "S": "Comedy"
                    }
                }
            }
        },
        {
            "PutRequest": {
                "Item": {
                    "id": {
                        "S": "136499"
                    },
                    "title": {
                        "S": "Pablo Francisco: They Put it Out There (2011)"
                    },
                    "genres": {
                        "S": "Comedy"
                    }
                }
            }
        },
        {
            "PutRequest": {
                "Item": {
                    "id": {
                        "S": "136501"
                    },
                    "title": {
                        "S": "Three Little Pigs (1933)"
                    },
                    "genres": {
                        "S": "Animation|Children|Comedy|Musical"
                    }
                }
            }
        }
    ]
}