{
    "movies": [
        {
            "PutRequest": {
                "Item": {
                    "id": {
                        "S": "133341"
                    },
                    "title": {
                        "S": "The Young Nurses (1973)"
                    },
                    "genres": {
                        "S": "(no genres listed)"
                    }
                }
            }
        },
        {
            "PutRequest": {
                "Item": {
                    "id": {
                        "S": "133343"
                    },
                    "title": {
                        "S": "The Workshop (2007)"
                    },
                    "genres": {
                        "S": "Documentary"
                    }
                }
            }
        },
        {
            "PutRequest": {
                "Item": {
                    "id": {
                        "S": "133345"
                    },
                    "title": {
                        "S": "The Mad Monster (1942)"
                    },
                    "genres": {
                        "S": "Drama|Horror|Romance"
                    }
                }
            }
        },
        {
            "PutRequest": {
                "Item": {
                    "id": {
                        "S": "133347"
                    },
                    "title": {
                        "S": "Ride (2015)"
                    },
                    "genres": {
                        "S": "Comedy"
                    }
                }
            }
        },
        {
            "PutRequest": {
                "Item": {
                    "id": {
                        "S": "133349"
                    },
                    "title": {
                        "S": "The Eichmann Show (2015)"
                    },
                    "genres": {
                        "S": "Drama"
                    }
                }
            }
        },
        {
            "PutRequest": {
                "Item": {
                    "id": {
                        "S": "133351"
                    },
                    "title": {
                        "S": "A Trick of Light (1995)"
                    },
                    "genres": {
                        "S": "Drama"
                    }
                }
            }
        },
        {
            "PutRequest": {
                "Item": {
                    "id": {
                        "S": "133353"
                    },
                    "title": {
                        "S": "Lightning Over Water (1980)"
                    },
                    "genres": {
                        "S": "Documentary"
                    }
                }
            }
        },
        {
            "PutRequest": {
                "Item": {
                    "id": {
                        "S": "133355"
                    },
                    "title": {
                        "S": "Notebooks on Cities and Clothes (1989)"
                    },
                    "genres": {
                        "S": "Documentary"
                    }
                }
            }
        },
        {
            "PutRequest": {
                "Item": {
                    "id": {
                        "S": "133357"
                    },
                    "title": {
                        "S": "The Seven Five (2014)"
                    },
                    "genres": {
                        "S": "Documentary"
                    }
                }
            }
        },
        {
            "PutRequest": {
                "Item": {
                    "id": {
                        "S": "133359"
                    },
                    "title": {
                        "S": "The Ocean of Helena Lee (2015)"
                    },
                    "genres": {
                        "S": "Drama"
                    }
                }
            }
        },
        {
            "PutRequest": {
                "Item": {
                    "id": {
                        "S": "133361"
                    },
                    "title": {
                        "S": "The Golden Calf (1968)"
                    },
                    "genres": {
                        "S": "Comedy|Drama"
                    }
                }
            }
        },
        {
            "PutRequest": {
                "Item": {
                    "id": {
                        "S": "133363"
                    },
                    "title": {
                        "S": "Our Winning Season (1978)"
                    },
                    "genres": {
                        "S": "Drama|Romance"
                    }
                }
            }
        },
        {
            "PutRequest": {
                "Item": {
                    "id": {
                        "S": "133365"
                    },
                    "title": {
                        "S": "Partisan (2015)"
                    },
                    "genres": {
                        "S": "Drama|Thriller"
                    }
                }
            }
        },
        {
            "PutRequest": {
                "Item": {
                    "id": {
                        "S": "133367"
                    },
                    "title": {
                        "S": "LFO (2013)"
                    },
                    "genres": {
                        "S": "Drama|Sci-Fi"
                    }
                }
            }
        },
        {
            "PutRequest": {
                "Item": {
                    "id": {
                        "S": "133369"
                    },
                    "title": {
                        "S": "Sincere Heart (1953)"
                    },
                    "genres": {
                        "S": "Drama|Romance"
                    }
                }
            }
        },
        {
            "PutRequest": {
                "Item": {
                    "id": {
                        "S": "133371"
                    },
                    "title": {
                        "S": "Christopher and His Kind (2011)"
                    },
                    "genres": {
                        "S": "Drama|Romance"
                    }
                }
            }
        },
        {
            "PutRequest": {
                "Item": {
                    "id": {
                        "S": "133373"
                    },
                    "title": {
                        "S": "The Sicilian Connection (1972)"
                    },
                    "genres": {
                        "S": "Crime|Thriller"
                    }
                }
            }
        },
        {
            "PutRequest": {
                "Item": {
                    "id": {
                        "S": "133375"
                    },
                    "title": {
                        "S": "Hush (2012)"
                    },
                    "genres": {
                        "S": "Thriller"
                    }
                }
            }
        },
        {
            "PutRequest": {
                "Item": {
                    "id": {
                        "S": "133377"
                    },
                    "title": {
                        "S": "Infini (2015)"
                    },
                    "genres": {
                        "S": "Horror|Sci-Fi|Thriller"
                    }
                }
            }
        },
        {
            "PutRequest": {
                "Item": {
                    "id": {
                        "S": "133379"
                    },
                    "title": {
                        "S": "Off World (2013)"
                    },
                    "genres": {
                        "S": "Sci-Fi"
                    }
                }
            }
        },
        {
            "PutRequest": {
                "Item": {
                    "id": {
                        "S": "133381"
                    },
                    "title": {
                        "S": "Harry Dean Stanton: Partly Fiction (2012)"
                    },
                    "genres": {
                        "S": "Documentary"
                    }
                }
            }
        },
        {
            "PutRequest": {
                "Item": {
                    "id": {
                        "S": "133383"
                    },
                    "title": {
                        "S": "Shrew's Nest (2014)"
                    },
                    "genres": {
                        "S": "Drama|Horror|Thriller"
                    }
                }
            }
        },
        {
            "PutRequest": {
                "Item": {
                    "id": {
                        "S": "133385"
                    },
                    "title": {
                        "S": "Shuffle (2012)"
                    },
                    "genres": {
                        "S": "Mystery|Romance|Thriller"
                    }
                }
            }
        },
        {
            "PutRequest": {
                "Item": {
                    "id": {
                        "S": "133387"
                    },
                    "title": {
                        "S": "August Winds (2014)"
                    },
                    "genres": {
                        "S": "Documentary|Mystery"
                    }
                }
            }
        },
        {
            "PutRequest": {
                "Item": {
                    "id": {
                        "S": "133389"
                    },
                    "title": {
                        "S": "Piku (2015)"
                    },
                    "genres": {
                        "S": "Comedy|Drama"
                    }
                }
            }
        }
    ]
}