{
    "movies": [
        {
            "PutRequest": {
                "Item": {
                    "id": {
                        "S": "3193"
                    },
                    "title": {
                        "S": "Creature (1999)"
                    },
                    "genres": {
                        "S": "Documentary"
                    }
                }
            }
        },
        {
            "PutRequest": {
                "Item": {
                    "id": {
                        "S": "3194"
                    },
                    "title": {
                        "S": "Way We Were, The (1973)"
                    },
                    "genres": {
                        "S": "Drama|Romance"
                    }
                }
            }
        },
        {
            "PutRequest": {
                "Item": {
                    "id": {
                        "S": "3195"
                    },
                    "title": {
                        "S": "Tess of the Storm Country (1922)"
                    },
                    "genres": {
                        "S": "Drama"
                    }
                }
            }
        },
        {
            "PutRequest": {
                "Item": {
                    "id": {
                        "S": "3196"
                    },
                    "title": {
                        "S": "Stalag 17 (1953)"
                    },
                    "genres": {
                        "S": "Drama|War"
                    }
                }
            }
        },
        {
            "PutRequest": {
                "Item": {
                    "id": {
                        "S": "3197"
                    },
                    "title": {
                        "S": "Presidio, The (1988)"
                    },
                    "genres": {
                        "S": "Action|Crime|Romance|Thriller"
                    }
                }
            }
        },
        {
            "PutRequest": {
                "Item": {
                    "id": {
                        "S": "3198"
                    },
                    "title": {
                        "S": "Papillon (1973)"
                    },
                    "genres": {
                        "S": "Crime|Drama"
                    }
                }
            }
        },
        {
            "PutRequest": {
                "Item": {
                    "id": {
                        "S": "3199"
                    },
                    "title": {
                        "S": "Pal Joey (1957)"
                    },
                    "genres": {
                        "S": "Comedy|Drama|Musical|Romance"
                    }
                }
            }
        },
        {
            "PutRequest": {
                "Item": {
                    "id": {
                        "S": "3200"
                    },
                    "title": {
                        "S": "Last Detail, The (1973)"
                    },
                    "genres": {
                        "S": "Comedy|Drama"
                    }
                }
            }
        },
        {
            "PutRequest": {
                "Item": {
                    "id": {
                        "S": "3201"
                    },
                    "title": {
                        "S": "Five Easy Pieces (1970)"
                    },
                    "genres": {
                        "S": "Drama"
                    }
                }
            }
        },
        {
            "PutRequest": {
                "Item": {
                    "id": {
                        "S": "3202"
                    },
                    "title": {
                        "S": "Even Dwarfs Started Small (Auch Zwerge haben klein angefangen) (1971)"
                    },
                    "genres": {
                        "S": "Drama|Horror"
                    }
                }
            }
        },
        {
            "PutRequest": {
                "Item": {
                    "id": {
                        "S": "3203"
                    },
                    "title": {
                        "S": "Dead Calm (1989)"
                    },
                    "genres": {
                        "S": "Thriller"
                    }
                }
            }
        },
        {
            "PutRequest": {
                "Item": {
                    "id": {
                        "S": "3204"
                    },
                    "title": {
                        "S": "Boys from Brazil, The (1978)"
                    },
                    "genres": {
                        "S": "Action|Mystery|Thriller"
                    }
                }
            }
        },
        {
            "PutRequest": {
                "Item": {
                    "id": {
                        "S": "3205"
                    },
                    "title": {
                        "S": "Black Sunday (La maschera del demonio) (1960)"
                    },
                    "genres": {
                        "S": "Horror"
                    }
                }
            }
        },
        {
            "PutRequest": {
                "Item": {
                    "id": {
                        "S": "3206"
                    },
                    "title": {
                        "S": "Against All Odds (1984)"
                    },
                    "genres": {
                        "S": "Romance"
                    }
                }
            }
        },
        {
            "PutRequest": {
                "Item": {
                    "id": {
                        "S": "3207"
                    },
                    "title": {
                        "S": "Snows of Kilimanjaro, The (1952)"
                    },
                    "genres": {
                        "S": "Adventure"
                    }
                }
            }
        },
        {
            "PutRequest": {
                "Item": {
                    "id": {
                        "S": "3208"
                    },
                    "title": {
                        "S": "Loaded Weapon 1 (National Lampoon's Loaded Weapon 1) (1993)"
                    },
                    "genres": {
                        "S": "Action|Comedy"
                    }
                }
            }
        },
        {
            "PutRequest": {
                "Item": {
                    "id": {
                        "S": "3209"
                    },
                    "title": {
                        "S": "Loves of Carmen, The (1948)"
                    },
                    "genres": {
                        "S": "Drama"
                    }
                }
            }
        },
        {
            "PutRequest": {
                "Item": {
                    "id": {
                        "S": "3210"
                    },
                    "title": {
                        "S": "Fast Times at Ridgemont High (1982)"
                    },
                    "genres": {
                        "S": "Comedy|Drama|Romance"
                    }
                }
            }
        },
        {
            "PutRequest": {
                "Item": {
                    "id": {
                        "S": "3211"
                    },
                    "title": {
                        "S": "Cry in the Dark, A (1988)"
                    },
                    "genres": {
                        "S": "Drama"
                    }
                }
            }
        },
        {
            "PutRequest": {
                "Item": {
                    "id": {
                        "S": "3212"
                    },
                    "title": {
                        "S": "Born to Win (1971)"
                    },
                    "genres": {
                        "S": "Drama"
                    }
                }
            }
        },
        {
            "PutRequest": {
                "Item": {
                    "id": {
                        "S": "3213"
                    },
                    "title": {
                        "S": "Batman: Mask of the Phantasm (1993)"
                    },
                    "genres": {
                        "S": "Animation|Children"
                    }
                }
            }
        },
        {
            "PutRequest": {
                "Item": {
                    "id": {
                        "S": "3214"
                    },
                    "title": {
                        "S": "American Flyers (1985)"
                    },
                    "genres": {
                        "S": "Drama"
                    }
                }
            }
        },
        {
            "PutRequest": {
                "Item": {
                    "id": {
                        "S": "3215"
                    },
                    "title": {
                        "S": "Voyage of the Damned (1976)"
                    },
                    "genres": {
                        "S": "Drama"
                    }
                }
            }
        },
        {
            "PutRequest": {
                "Item": {
                    "id": {
                        "S": "3216"
                    },
                    "title": {
                        "S": "Vampyros Lesbos (Vampiras, Las) (1971)"
                    },
                    "genres": {
                        "S": "Fantasy|Horror|Thriller"
                    }
                }
            }
        },
        {
            "PutRequest": {
                "Item": {
                    "id": {
                        "S": "3217"
                    },
                    "title": {
                        "S": "Star Is Born, A (1937)"
                    },
                    "genres": {
                        "S": "Drama"
                    }
                }
            }
        }
    ]
}