{
    "movies": [
        {
            "PutRequest": {
                "Item": {
                    "id": {
                        "S": "3043"
                    },
                    "title": {
                        "S": "Meatballs 4 (1992)"
                    },
                    "genres": {
                        "S": "Comedy"
                    }
                }
            }
        },
        {
            "PutRequest": {
                "Item": {
                    "id": {
                        "S": "3044"
                    },
                    "title": {
                        "S": "Dead Again (1991)"
                    },
                    "genres": {
                        "S": "Mystery|Romance|Thriller"
                    }
                }
            }
        },
        {
            "PutRequest": {
                "Item": {
                    "id": {
                        "S": "3045"
                    },
                    "title": {
                        "S": "Peter's Friends (1992)"
                    },
                    "genres": {
                        "S": "Comedy|Drama"
                    }
                }
            }
        },
        {
            "PutRequest": {
                "Item": {
                    "id": {
                        "S": "3046"
                    },
                    "title": {
                        "S": "Incredibly True Adventure of Two Girls in Love, The (1995)"
                    },
                    "genres": {
                        "S": "Comedy|Romance"
                    }
                }
            }
        },
        {
            "PutRequest": {
                "Item": {
                    "id": {
                        "S": "3047"
                    },
                    "title": {
                        "S": "Experience Preferred... But Not Essential (1982)"
                    },
                    "genres": {
                        "S": "Drama"
                    }
                }
            }
        },
        {
            "PutRequest": {
                "Item": {
                    "id": {
                        "S": "3048"
                    },
                    "title": {
                        "S": "Under the Rainbow (1981)"
                    },
                    "genres": {
                        "S": "Comedy"
                    }
                }
            }
        },
        {
            "PutRequest": {
                "Item": {
                    "id": {
                        "S": "3049"
                    },
                    "title": {
                        "S": "How I Won the War (1967)"
                    },
                    "genres": {
                        "S": "Comedy|War"
                    }
                }
            }
        },
        {
            "PutRequest": {
                "Item": {
                    "id": {
                        "S": "3050"
                    },
                    "title": {
                        "S": "Light It Up (1999)"
                    },
                    "genres": {
                        "S": "Drama"
                    }
                }
            }
        },
        {
            "PutRequest": {
                "Item": {
                    "id": {
                        "S": "3051"
                    },
                    "title": {
                        "S": "Anywhere But Here (1999)"
                    },
                    "genres": {
                        "S": "Comedy|Drama"
                    }
                }
            }
        },
        {
            "PutRequest": {
                "Item": {
                    "id": {
                        "S": "3052"
                    },
                    "title": {
                        "S": "Dogma (1999)"
                    },
                    "genres": {
                        "S": "Adventure|Comedy|Fantasy"
                    }
                }
            }
        },
        {
            "PutRequest": {
                "Item": {
                    "id": {
                        "S": "3053"
                    },
                    "title": {
                        "S": "Messenger: The Story of Joan of Arc, The (1999)"
                    },
                    "genres": {
                        "S": "Drama|War"
                    }
                }
            }
        },
        {
            "PutRequest": {
                "Item": {
                    "id": {
                        "S": "3054"
                    },
                    "title": {
                        "S": "Pok\u00e9mon: The First Movie (1998)"
                    },
                    "genres": {
                        "S": "Adventure|Animation|Children|Fantasy|Sci-Fi"
                    }
                }
            }
        },
        {
            "PutRequest": {
                "Item": {
                    "id": {
                        "S": "3055"
                    },
                    "title": {
                        "S": "Felicia's Journey (1999)"
                    },
                    "genres": {
                        "S": "Thriller"
                    }
                }
            }
        },
        {
            "PutRequest": {
                "Item": {
                    "id": {
                        "S": "3056"
                    },
                    "title": {
                        "S": "Oxygen (1999)"
                    },
                    "genres": {
                        "S": "Crime|Drama|Thriller"
                    }
                }
            }
        },
        {
            "PutRequest": {
                "Item": {
                    "id": {
                        "S": "3057"
                    },
                    "title": {
                        "S": "Where's Marlowe? (1998)"
                    },
                    "genres": {
                        "S": "Comedy"
                    }
                }
            }
        },
        {
            "PutRequest": {
                "Item": {
                    "id": {
                        "S": "3058"
                    },
                    "title": {
                        "S": "Ape, The (1940)"
                    },
                    "genres": {
                        "S": "Horror|Sci-Fi"
                    }
                }
            }
        },
        {
            "PutRequest": {
                "Item": {
                    "id": {
                        "S": "3059"
                    },
                    "title": {
                        "S": "British Intelligence (1940)"
                    },
                    "genres": {
                        "S": "Drama"
                    }
                }
            }
        },
        {
            "PutRequest": {
                "Item": {
                    "id": {
                        "S": "3060"
                    },
                    "title": {
                        "S": "Commitments, The (1991)"
                    },
                    "genres": {
                        "S": "Comedy|Drama|Musical"
                    }
                }
            }
        },
        {
            "PutRequest": {
                "Item": {
                    "id": {
                        "S": "3061"
                    },
                    "title": {
                        "S": "Holiday Inn (1942)"
                    },
                    "genres": {
                        "S": "Comedy|Musical"
                    }
                }
            }
        },
        {
            "PutRequest": {
                "Item": {
                    "id": {
                        "S": "3062"
                    },
                    "title": {
                        "S": "Longest Day, The (1962)"
                    },
                    "genres": {
                        "S": "Action|Drama|War"
                    }
                }
            }
        },
        {
            "PutRequest": {
                "Item": {
                    "id": {
                        "S": "3063"
                    },
                    "title": {
                        "S": "Poison Ivy (1992)"
                    },
                    "genres": {
                        "S": "Drama|Thriller"
                    }
                }
            }
        },
        {
            "PutRequest": {
                "Item": {
                    "id": {
                        "S": "3064"
                    },
                    "title": {
                        "S": "Poison Ivy: New Seduction (1997)"
                    },
                    "genres": {
                        "S": "Drama|Thriller"
                    }
                }
            }
        },
        {
            "PutRequest": {
                "Item": {
                    "id": {
                        "S": "3065"
                    },
                    "title": {
                        "S": "Nothing to Lose (a.k.a. Ten Benny) (1996)"
                    },
                    "genres": {
                        "S": "Drama"
                    }
                }
            }
        },
        {
            "PutRequest": {
                "Item": {
                    "id": {
                        "S": "3066"
                    },
                    "title": {
                        "S": "Tora! Tora! Tora! (1970)"
                    },
                    "genres": {
                        "S": "Action|Drama|War"
                    }
                }
            }
        },
        {
            "PutRequest": {
                "Item": {
                    "id": {
                        "S": "3067"
                    },
                    "title": {
                        "S": "Women on the Verge of a Nervous Breakdown (Mujeres al borde de un ataque de nervios) (1988)"
                    },
                    "genres": {
                        "S": "Comedy|Drama"
                    }
                }
            }
        }
    ]
}