{
    "movies": [
        {
            "PutRequest": {
                "Item": {
                    "id": {
                        "S": "143809"
                    },
                    "title": {
                        "S": "Il viale della speranza (1953)"
                    },
                    "genres": {
                        "S": "(no genres listed)"
                    }
                }
            }
        },
        {
            "PutRequest": {
                "Item": {
                    "id": {
                        "S": "143811"
                    },
                    "title": {
                        "S": "Vacation with a Gangster (1952)"
                    },
                    "genres": {
                        "S": "(no genres listed)"
                    }
                }
            }
        },
        {
            "PutRequest": {
                "Item": {
                    "id": {
                        "S": "143813"
                    },
                    "title": {
                        "S": "Scandal in Sorrento (1955)"
                    },
                    "genres": {
                        "S": "Comedy|Romance"
                    }
                }
            }
        },
        {
            "PutRequest": {
                "Item": {
                    "id": {
                        "S": "143815"
                    },
                    "title": {
                        "S": "Poor But Beautiful (1957)"
                    },
                    "genres": {
                        "S": "(no genres listed)"
                    }
                }
            }
        },
        {
            "PutRequest": {
                "Item": {
                    "id": {
                        "S": "143819"
                    },
                    "title": {
                        "S": "La nonna Sabella (1957)"
                    },
                    "genres": {
                        "S": "(no genres listed)"
                    }
                }
            }
        },
        {
            "PutRequest": {
                "Item": {
                    "id": {
                        "S": "143821"
                    },
                    "title": {
                        "S": "Poor Millionaires (1959)"
                    },
                    "genres": {
                        "S": "Comedy"
                    }
                }
            }
        },
        {
            "PutRequest": {
                "Item": {
                    "id": {
                        "S": "143823"
                    },
                    "title": {
                        "S": "Love and Larceny (1960)"
                    },
                    "genres": {
                        "S": "Comedy"
                    }
                }
            }
        },
        {
            "PutRequest": {
                "Item": {
                    "id": {
                        "S": "143825"
                    },
                    "title": {
                        "S": "Love in Rome (1960)"
                    },
                    "genres": {
                        "S": "(no genres listed)"
                    }
                }
            }
        },
        {
            "PutRequest": {
                "Item": {
                    "id": {
                        "S": "143827"
                    },
                    "title": {
                        "S": "La Marcia Su Roma (1962)"
                    },
                    "genres": {
                        "S": "Comedy"
                    }
                }
            }
        },
        {
            "PutRequest": {
                "Item": {
                    "id": {
                        "S": "143829"
                    },
                    "title": {
                        "S": "Il Successo (1963)"
                    },
                    "genres": {
                        "S": "Comedy"
                    }
                }
            }
        },
        {
            "PutRequest": {
                "Item": {
                    "id": {
                        "S": "143831"
                    },
                    "title": {
                        "S": "The Monsters (1963)"
                    },
                    "genres": {
                        "S": "Comedy"
                    }
                }
            }
        },
        {
            "PutRequest": {
                "Item": {
                    "id": {
                        "S": "143833"
                    },
                    "title": {
                        "S": "The Thursday (1964)"
                    },
                    "genres": {
                        "S": "Comedy|Drama"
                    }
                }
            }
        },
        {
            "PutRequest": {
                "Item": {
                    "id": {
                        "S": "143835"
                    },
                    "title": {
                        "S": "A Daughter Of Destiny (1928)"
                    },
                    "genres": {
                        "S": "Drama|Fantasy|Horror|Sci-Fi"
                    }
                }
            }
        },
        {
            "PutRequest": {
                "Item": {
                    "id": {
                        "S": "143843"
                    },
                    "title": {
                        "S": "State buoni se potete (1983)"
                    },
                    "genres": {
                        "S": "Comedy"
                    }
                }
            }
        },
        {
            "PutRequest": {
                "Item": {
                    "id": {
                        "S": "143845"
                    },
                    "title": {
                        "S": "Arrivano i bersaglieri (1980)"
                    },
                    "genres": {
                        "S": "Comedy|Drama"
                    }
                }
            }
        },
        {
            "PutRequest": {
                "Item": {
                    "id": {
                        "S": "143849"
                    },
                    "title": {
                        "S": "Scipione detto anche l'africano (1971)"
                    },
                    "genres": {
                        "S": "Comedy"
                    }
                }
            }
        },
        {
            "PutRequest": {
                "Item": {
                    "id": {
                        "S": "143851"
                    },
                    "title": {
                        "S": "Faustina (1968)"
                    },
                    "genres": {
                        "S": "(no genres listed)"
                    }
                }
            }
        },
        {
            "PutRequest": {
                "Item": {
                    "id": {
                        "S": "143853"
                    },
                    "title": {
                        "S": "Two Heads Are Better Than None (2000)"
                    },
                    "genres": {
                        "S": "Children|Comedy"
                    }
                }
            }
        },
        {
            "PutRequest": {
                "Item": {
                    "id": {
                        "S": "143855"
                    },
                    "title": {
                        "S": "I bambini sanno (2015)"
                    },
                    "genres": {
                        "S": "(no genres listed)"
                    }
                }
            }
        },
        {
            "PutRequest": {
                "Item": {
                    "id": {
                        "S": "143857"
                    },
                    "title": {
                        "S": "The Good Father (1985)"
                    },
                    "genres": {
                        "S": "Drama"
                    }
                }
            }
        },
        {
            "PutRequest": {
                "Item": {
                    "id": {
                        "S": "143859"
                    },
                    "title": {
                        "S": "Hail, Caesar! (2016)"
                    },
                    "genres": {
                        "S": "Comedy"
                    }
                }
            }
        },
        {
            "PutRequest": {
                "Item": {
                    "id": {
                        "S": "143861"
                    },
                    "title": {
                        "S": "2103: The Deadly Wake (1997)"
                    },
                    "genres": {
                        "S": "Sci-Fi"
                    }
                }
            }
        },
        {
            "PutRequest": {
                "Item": {
                    "id": {
                        "S": "143863"
                    },
                    "title": {
                        "S": "Spartacus (2004)"
                    },
                    "genres": {
                        "S": "Action|Drama"
                    }
                }
            }
        },
        {
            "PutRequest": {
                "Item": {
                    "id": {
                        "S": "143866"
                    },
                    "title": {
                        "S": "Miss Conception (2008)"
                    },
                    "genres": {
                        "S": "Comedy|Romance"
                    }
                }
            }
        },
        {
            "PutRequest": {
                "Item": {
                    "id": {
                        "S": "143868"
                    },
                    "title": {
                        "S": "Beauty & the Briefcase (2010)"
                    },
                    "genres": {
                        "S": "Comedy|Drama|Romance"
                    }
                }
            }
        }
    ]
}