{
    "movies": [
        {
            "PutRequest": {
                "Item": {
                    "id": {
                        "S": "125113"
                    },
                    "title": {
                        "S": "Scene of the Crime (1949)"
                    },
                    "genres": {
                        "S": "Crime"
                    }
                }
            }
        },
        {
            "PutRequest": {
                "Item": {
                    "id": {
                        "S": "125115"
                    },
                    "title": {
                        "S": "Riding Shotgun (1954)"
                    },
                    "genres": {
                        "S": "Western"
                    }
                }
            }
        },
        {
            "PutRequest": {
                "Item": {
                    "id": {
                        "S": "125117"
                    },
                    "title": {
                        "S": "I'll Take Sweden (1965)"
                    },
                    "genres": {
                        "S": "Comedy|Romance"
                    }
                }
            }
        },
        {
            "PutRequest": {
                "Item": {
                    "id": {
                        "S": "125119"
                    },
                    "title": {
                        "S": "Johnny Cool (1963)"
                    },
                    "genres": {
                        "S": "Action|Thriller"
                    }
                }
            }
        },
        {
            "PutRequest": {
                "Item": {
                    "id": {
                        "S": "125121"
                    },
                    "title": {
                        "S": "The Red Dragon (1945)"
                    },
                    "genres": {
                        "S": "Mystery"
                    }
                }
            }
        },
        {
            "PutRequest": {
                "Item": {
                    "id": {
                        "S": "125123"
                    },
                    "title": {
                        "S": "Welcome to Death Row (2001)"
                    },
                    "genres": {
                        "S": "Documentary"
                    }
                }
            }
        },
        {
            "PutRequest": {
                "Item": {
                    "id": {
                        "S": "125125"
                    },
                    "title": {
                        "S": "Pure Country 2: The Gift (2010)"
                    },
                    "genres": {
                        "S": "Drama|Romance"
                    }
                }
            }
        },
        {
            "PutRequest": {
                "Item": {
                    "id": {
                        "S": "125127"
                    },
                    "title": {
                        "S": "Voyna i mir III. - Borogyino (1967)"
                    },
                    "genres": {
                        "S": "(no genres listed)"
                    }
                }
            }
        },
        {
            "PutRequest": {
                "Item": {
                    "id": {
                        "S": "125129"
                    },
                    "title": {
                        "S": "Witchboard III: The Possession (1995)"
                    },
                    "genres": {
                        "S": "Horror"
                    }
                }
            }
        },
        {
            "PutRequest": {
                "Item": {
                    "id": {
                        "S": "125131"
                    },
                    "title": {
                        "S": "The Miracle (1991)"
                    },
                    "genres": {
                        "S": "Drama|Romance"
                    }
                }
            }
        },
        {
            "PutRequest": {
                "Item": {
                    "id": {
                        "S": "125133"
                    },
                    "title": {
                        "S": "Prairie Fever (2008)"
                    },
                    "genres": {
                        "S": "Action|Western"
                    }
                }
            }
        },
        {
            "PutRequest": {
                "Item": {
                    "id": {
                        "S": "125135"
                    },
                    "title": {
                        "S": "Unstable Fables: Tortoise vs. Hare (2008)"
                    },
                    "genres": {
                        "S": "Animation|Children|Drama"
                    }
                }
            }
        },
        {
            "PutRequest": {
                "Item": {
                    "id": {
                        "S": "125137"
                    },
                    "title": {
                        "S": "Perfect Understanding (1933)"
                    },
                    "genres": {
                        "S": "Comedy|Drama|Romance"
                    }
                }
            }
        },
        {
            "PutRequest": {
                "Item": {
                    "id": {
                        "S": "125139"
                    },
                    "title": {
                        "S": "Pleasure or Pain (2012)"
                    },
                    "genres": {
                        "S": "Drama|Thriller"
                    }
                }
            }
        },
        {
            "PutRequest": {
                "Item": {
                    "id": {
                        "S": "125141"
                    },
                    "title": {
                        "S": "Y/N: You Lie, You Die (2012)"
                    },
                    "genres": {
                        "S": "Thriller"
                    }
                }
            }
        },
        {
            "PutRequest": {
                "Item": {
                    "id": {
                        "S": "125143"
                    },
                    "title": {
                        "S": "Cossacks, The (1928)"
                    },
                    "genres": {
                        "S": "Action|Drama|Romance|War"
                    }
                }
            }
        },
        {
            "PutRequest": {
                "Item": {
                    "id": {
                        "S": "125145"
                    },
                    "title": {
                        "S": "BlackJacks (2014)"
                    },
                    "genres": {
                        "S": "Action|Sci-Fi|Thriller"
                    }
                }
            }
        },
        {
            "PutRequest": {
                "Item": {
                    "id": {
                        "S": "125147"
                    },
                    "title": {
                        "S": "The Black Knight (1954)"
                    },
                    "genres": {
                        "S": "Action|Adventure"
                    }
                }
            }
        },
        {
            "PutRequest": {
                "Item": {
                    "id": {
                        "S": "125149"
                    },
                    "title": {
                        "S": "The Big Shakedown (1934)"
                    },
                    "genres": {
                        "S": "Crime"
                    }
                }
            }
        },
        {
            "PutRequest": {
                "Item": {
                    "id": {
                        "S": "125151"
                    },
                    "title": {
                        "S": "Home Movies (1980)"
                    },
                    "genres": {
                        "S": "Comedy"
                    }
                }
            }
        },
        {
            "PutRequest": {
                "Item": {
                    "id": {
                        "S": "125153"
                    },
                    "title": {
                        "S": "Mother Riley Meets the Vampire (1952)"
                    },
                    "genres": {
                        "S": "Comedy|Horror"
                    }
                }
            }
        },
        {
            "PutRequest": {
                "Item": {
                    "id": {
                        "S": "125155"
                    },
                    "title": {
                        "S": "The Pee-Wee Herman Show on Broadway (2011)"
                    },
                    "genres": {
                        "S": "Comedy"
                    }
                }
            }
        },
        {
            "PutRequest": {
                "Item": {
                    "id": {
                        "S": "125157"
                    },
                    "title": {
                        "S": "The Spanish Gardener (1956)"
                    },
                    "genres": {
                        "S": "Drama"
                    }
                }
            }
        },
        {
            "PutRequest": {
                "Item": {
                    "id": {
                        "S": "125159"
                    },
                    "title": {
                        "S": "Safety Patrol (1998)"
                    },
                    "genres": {
                        "S": "(no genres listed)"
                    }
                }
            }
        },
        {
            "PutRequest": {
                "Item": {
                    "id": {
                        "S": "125161"
                    },
                    "title": {
                        "S": "The Happy Years (1950)"
                    },
                    "genres": {
                        "S": "Comedy|Romance"
                    }
                }
            }
        }
    ]
}