{
    "movies": [
        {
            "PutRequest": {
                "Item": {
                    "id": {
                        "S": "143923"
                    },
                    "title": {
                        "S": "Black Horse Canyon (1954)"
                    },
                    "genres": {
                        "S": "(no genres listed)"
                    }
                }
            }
        },
        {
            "PutRequest": {
                "Item": {
                    "id": {
                        "S": "143925"
                    },
                    "title": {
                        "S": "Broadway Hostess (1935)"
                    },
                    "genres": {
                        "S": "Drama|Romance"
                    }
                }
            }
        },
        {
            "PutRequest": {
                "Item": {
                    "id": {
                        "S": "143930"
                    },
                    "title": {
                        "S": "Cookie (2013)"
                    },
                    "genres": {
                        "S": "Comedy|Drama"
                    }
                }
            }
        },
        {
            "PutRequest": {
                "Item": {
                    "id": {
                        "S": "143932"
                    },
                    "title": {
                        "S": "Dark Hazard (1934)"
                    },
                    "genres": {
                        "S": "Drama"
                    }
                }
            }
        },
        {
            "PutRequest": {
                "Item": {
                    "id": {
                        "S": "143935"
                    },
                    "title": {
                        "S": "Dead Before Dawn (1993)"
                    },
                    "genres": {
                        "S": "Drama|Thriller"
                    }
                }
            }
        },
        {
            "PutRequest": {
                "Item": {
                    "id": {
                        "S": "143937"
                    },
                    "title": {
                        "S": "Death of a Salesman (2000)"
                    },
                    "genres": {
                        "S": "Drama"
                    }
                }
            }
        },
        {
            "PutRequest": {
                "Item": {
                    "id": {
                        "S": "143942"
                    },
                    "title": {
                        "S": "Namu, the Killer Whale (1966)"
                    },
                    "genres": {
                        "S": "Adventure|Children|Drama"
                    }
                }
            }
        },
        {
            "PutRequest": {
                "Item": {
                    "id": {
                        "S": "143944"
                    },
                    "title": {
                        "S": "Malaga (1960)"
                    },
                    "genres": {
                        "S": "Crime"
                    }
                }
            }
        },
        {
            "PutRequest": {
                "Item": {
                    "id": {
                        "S": "143946"
                    },
                    "title": {
                        "S": "Affair in Havana (1957)"
                    },
                    "genres": {
                        "S": "Crime|Drama"
                    }
                }
            }
        },
        {
            "PutRequest": {
                "Item": {
                    "id": {
                        "S": "143948"
                    },
                    "title": {
                        "S": "Children, Mother, and the General (1955)"
                    },
                    "genres": {
                        "S": "Drama"
                    }
                }
            }
        },
        {
            "PutRequest": {
                "Item": {
                    "id": {
                        "S": "143950"
                    },
                    "title": {
                        "S": "Bengal Brigade (1954)"
                    },
                    "genres": {
                        "S": "Adventure|War"
                    }
                }
            }
        },
        {
            "PutRequest": {
                "Item": {
                    "id": {
                        "S": "143957"
                    },
                    "title": {
                        "S": "Don't Be Afraid of the Dark (1973)"
                    },
                    "genres": {
                        "S": "Horror"
                    }
                }
            }
        },
        {
            "PutRequest": {
                "Item": {
                    "id": {
                        "S": "143959"
                    },
                    "title": {
                        "S": "Don't Look Up (2009)"
                    },
                    "genres": {
                        "S": "Horror|Thriller"
                    }
                }
            }
        },
        {
            "PutRequest": {
                "Item": {
                    "id": {
                        "S": "143961"
                    },
                    "title": {
                        "S": "Don't Look Up (1996)"
                    },
                    "genres": {
                        "S": "Horror"
                    }
                }
            }
        },
        {
            "PutRequest": {
                "Item": {
                    "id": {
                        "S": "143963"
                    },
                    "title": {
                        "S": "Elmer, The Great (1933)"
                    },
                    "genres": {
                        "S": "Comedy"
                    }
                }
            }
        },
        {
            "PutRequest": {
                "Item": {
                    "id": {
                        "S": "143965"
                    },
                    "title": {
                        "S": "Ghostquake (Haunted High) (2012)"
                    },
                    "genres": {
                        "S": "Horror"
                    }
                }
            }
        },
        {
            "PutRequest": {
                "Item": {
                    "id": {
                        "S": "143967"
                    },
                    "title": {
                        "S": "Good Morning, Killer (2011)"
                    },
                    "genres": {
                        "S": "Thriller"
                    }
                }
            }
        },
        {
            "PutRequest": {
                "Item": {
                    "id": {
                        "S": "143969"
                    },
                    "title": {
                        "S": "Er ist wieder da (2015)"
                    },
                    "genres": {
                        "S": "Comedy"
                    }
                }
            }
        },
        {
            "PutRequest": {
                "Item": {
                    "id": {
                        "S": "143972"
                    },
                    "title": {
                        "S": "Home (2013)"
                    },
                    "genres": {
                        "S": "(no genres listed)"
                    }
                }
            }
        },
        {
            "PutRequest": {
                "Item": {
                    "id": {
                        "S": "143974"
                    },
                    "title": {
                        "S": "Home (2011)"
                    },
                    "genres": {
                        "S": "Drama"
                    }
                }
            }
        },
        {
            "PutRequest": {
                "Item": {
                    "id": {
                        "S": "143976"
                    },
                    "title": {
                        "S": "Home (2014)"
                    },
                    "genres": {
                        "S": "Drama|Romance"
                    }
                }
            }
        },
        {
            "PutRequest": {
                "Item": {
                    "id": {
                        "S": "143978"
                    },
                    "title": {
                        "S": "Home (2008)"
                    },
                    "genres": {
                        "S": "Drama"
                    }
                }
            }
        },
        {
            "PutRequest": {
                "Item": {
                    "id": {
                        "S": "143980"
                    },
                    "title": {
                        "S": "Home for the Holidays (1972)"
                    },
                    "genres": {
                        "S": "Horror|Thriller"
                    }
                }
            }
        },
        {
            "PutRequest": {
                "Item": {
                    "id": {
                        "S": "143982"
                    },
                    "title": {
                        "S": "Home for the Holidays (2005)"
                    },
                    "genres": {
                        "S": "Comedy|Romance"
                    }
                }
            }
        },
        {
            "PutRequest": {
                "Item": {
                    "id": {
                        "S": "143984"
                    },
                    "title": {
                        "S": "Jet Attack (1958)"
                    },
                    "genres": {
                        "S": "Drama|War"
                    }
                }
            }
        }
    ]
}