{
    "movies": [
        {
            "PutRequest": {
                "Item": {
                    "id": {
                        "S": "142809"
                    },
                    "title": {
                        "S": "Hush Little Baby (2007)"
                    },
                    "genres": {
                        "S": "Drama|Mystery|Thriller"
                    }
                }
            }
        },
        {
            "PutRequest": {
                "Item": {
                    "id": {
                        "S": "142811"
                    },
                    "title": {
                        "S": "Carnival of Souls (1998)"
                    },
                    "genres": {
                        "S": "Horror|Thriller"
                    }
                }
            }
        },
        {
            "PutRequest": {
                "Item": {
                    "id": {
                        "S": "142813"
                    },
                    "title": {
                        "S": "Full Out (2015)"
                    },
                    "genres": {
                        "S": "Children|Drama"
                    }
                }
            }
        },
        {
            "PutRequest": {
                "Item": {
                    "id": {
                        "S": "142815"
                    },
                    "title": {
                        "S": "The Boys Club (1997)"
                    },
                    "genres": {
                        "S": "Drama"
                    }
                }
            }
        },
        {
            "PutRequest": {
                "Item": {
                    "id": {
                        "S": "142817"
                    },
                    "title": {
                        "S": "Apaharan (2005)"
                    },
                    "genres": {
                        "S": "Action|Crime|Drama"
                    }
                }
            }
        },
        {
            "PutRequest": {
                "Item": {
                    "id": {
                        "S": "142819"
                    },
                    "title": {
                        "S": "Bangalore Days (2014)"
                    },
                    "genres": {
                        "S": "Comedy|Drama|Romance"
                    }
                }
            }
        },
        {
            "PutRequest": {
                "Item": {
                    "id": {
                        "S": "142821"
                    },
                    "title": {
                        "S": "Ohm Shanthi Oshaana (2014)"
                    },
                    "genres": {
                        "S": "Comedy|Romance"
                    }
                }
            }
        },
        {
            "PutRequest": {
                "Item": {
                    "id": {
                        "S": "142823"
                    },
                    "title": {
                        "S": "Baazigar (1993)"
                    },
                    "genres": {
                        "S": "Crime|Thriller"
                    }
                }
            }
        },
        {
            "PutRequest": {
                "Item": {
                    "id": {
                        "S": "142825"
                    },
                    "title": {
                        "S": "Sparsh (1980)"
                    },
                    "genres": {
                        "S": "(no genres listed)"
                    }
                }
            }
        },
        {
            "PutRequest": {
                "Item": {
                    "id": {
                        "S": "142827"
                    },
                    "title": {
                        "S": "Waves (2000)"
                    },
                    "genres": {
                        "S": "Drama|Romance"
                    }
                }
            }
        },
        {
            "PutRequest": {
                "Item": {
                    "id": {
                        "S": "142829"
                    },
                    "title": {
                        "S": "The Dirty Picture (2011)"
                    },
                    "genres": {
                        "S": "Comedy|Drama"
                    }
                }
            }
        },
        {
            "PutRequest": {
                "Item": {
                    "id": {
                        "S": "142831"
                    },
                    "title": {
                        "S": "Garam Masala (2005)"
                    },
                    "genres": {
                        "S": "Comedy"
                    }
                }
            }
        },
        {
            "PutRequest": {
                "Item": {
                    "id": {
                        "S": "142833"
                    },
                    "title": {
                        "S": "Chup Chup Ke (2006)"
                    },
                    "genres": {
                        "S": "Comedy"
                    }
                }
            }
        },
        {
            "PutRequest": {
                "Item": {
                    "id": {
                        "S": "142835"
                    },
                    "title": {
                        "S": "Dulhe Raja (1998)"
                    },
                    "genres": {
                        "S": "Comedy|Drama|Romance"
                    }
                }
            }
        },
        {
            "PutRequest": {
                "Item": {
                    "id": {
                        "S": "142837"
                    },
                    "title": {
                        "S": "Mr. & Mrs. Khiladi (1997)"
                    },
                    "genres": {
                        "S": "(no genres listed)"
                    }
                }
            }
        },
        {
            "PutRequest": {
                "Item": {
                    "id": {
                        "S": "142839"
                    },
                    "title": {
                        "S": "Vaaranam Aayiram (2008)"
                    },
                    "genres": {
                        "S": "Comedy|Drama|Romance|Thriller"
                    }
                }
            }
        },
        {
            "PutRequest": {
                "Item": {
                    "id": {
                        "S": "142841"
                    },
                    "title": {
                        "S": "Vedam (2010)"
                    },
                    "genres": {
                        "S": "Drama|Romance"
                    }
                }
            }
        },
        {
            "PutRequest": {
                "Item": {
                    "id": {
                        "S": "142843"
                    },
                    "title": {
                        "S": "Little Witch Academia (2013)"
                    },
                    "genres": {
                        "S": "Action|Animation|Comedy|Fantasy"
                    }
                }
            }
        },
        {
            "PutRequest": {
                "Item": {
                    "id": {
                        "S": "142845"
                    },
                    "title": {
                        "S": "A Small Act (2010)"
                    },
                    "genres": {
                        "S": "Documentary"
                    }
                }
            }
        },
        {
            "PutRequest": {
                "Item": {
                    "id": {
                        "S": "142847"
                    },
                    "title": {
                        "S": "Cat Shit One (2010)"
                    },
                    "genres": {
                        "S": "Animation|War"
                    }
                }
            }
        },
        {
            "PutRequest": {
                "Item": {
                    "id": {
                        "S": "142849"
                    },
                    "title": {
                        "S": "Rabbit and Deer (2013)"
                    },
                    "genres": {
                        "S": "Animation|Comedy"
                    }
                }
            }
        },
        {
            "PutRequest": {
                "Item": {
                    "id": {
                        "S": "142851"
                    },
                    "title": {
                        "S": "Arab Cortege, Geneva (1896)"
                    },
                    "genres": {
                        "S": "Documentary"
                    }
                }
            }
        },
        {
            "PutRequest": {
                "Item": {
                    "id": {
                        "S": "142853"
                    },
                    "title": {
                        "S": "The Mole at the Sea (2012)"
                    },
                    "genres": {
                        "S": "Adventure|Animation|Comedy"
                    }
                }
            }
        },
        {
            "PutRequest": {
                "Item": {
                    "id": {
                        "S": "142855"
                    },
                    "title": {
                        "S": "Paul Taylor Creative Domain (2014)"
                    },
                    "genres": {
                        "S": "Documentary"
                    }
                }
            }
        },
        {
            "PutRequest": {
                "Item": {
                    "id": {
                        "S": "142857"
                    },
                    "title": {
                        "S": "1001 Grams (2014)"
                    },
                    "genres": {
                        "S": "Drama"
                    }
                }
            }
        }
    ]
}