{
    "movies": [
        {
            "PutRequest": {
                "Item": {
                    "id": {
                        "S": "141086"
                    },
                    "title": {
                        "S": "The Little Nuns (1963)"
                    },
                    "genres": {
                        "S": "Comedy"
                    }
                }
            }
        },
        {
            "PutRequest": {
                "Item": {
                    "id": {
                        "S": "141088"
                    },
                    "title": {
                        "S": "La pecora nera (1968)"
                    },
                    "genres": {
                        "S": "Comedy"
                    }
                }
            }
        },
        {
            "PutRequest": {
                "Item": {
                    "id": {
                        "S": "141090"
                    },
                    "title": {
                        "S": "Ti ho sposato per allegria (1967)"
                    },
                    "genres": {
                        "S": "(no genres listed)"
                    }
                }
            }
        },
        {
            "PutRequest": {
                "Item": {
                    "id": {
                        "S": "141092"
                    },
                    "title": {
                        "S": "Come imparai ad amare le donne (1966)"
                    },
                    "genres": {
                        "S": "Comedy"
                    }
                }
            }
        },
        {
            "PutRequest": {
                "Item": {
                    "id": {
                        "S": "141094"
                    },
                    "title": {
                        "S": "El Greco (1966)"
                    },
                    "genres": {
                        "S": "Drama"
                    }
                }
            }
        },
        {
            "PutRequest": {
                "Item": {
                    "id": {
                        "S": "141096"
                    },
                    "title": {
                        "S": "Carmen & Geoffrey (2005)"
                    },
                    "genres": {
                        "S": "(no genres listed)"
                    }
                }
            }
        },
        {
            "PutRequest": {
                "Item": {
                    "id": {
                        "S": "141098"
                    },
                    "title": {
                        "S": "Being Evel (2015)"
                    },
                    "genres": {
                        "S": "Documentary"
                    }
                }
            }
        },
        {
            "PutRequest": {
                "Item": {
                    "id": {
                        "S": "141100"
                    },
                    "title": {
                        "S": "Sujata (1960)"
                    },
                    "genres": {
                        "S": "Drama|Romance"
                    }
                }
            }
        },
        {
            "PutRequest": {
                "Item": {
                    "id": {
                        "S": "141102"
                    },
                    "title": {
                        "S": "Devdas (1955)"
                    },
                    "genres": {
                        "S": "Drama|Romance"
                    }
                }
            }
        },
        {
            "PutRequest": {
                "Item": {
                    "id": {
                        "S": "141104"
                    },
                    "title": {
                        "S": "The Courageous Heart of Irena Sendler (2009)"
                    },
                    "genres": {
                        "S": "Drama|War"
                    }
                }
            }
        },
        {
            "PutRequest": {
                "Item": {
                    "id": {
                        "S": "141106"
                    },
                    "title": {
                        "S": "Losers Take All (2013)"
                    },
                    "genres": {
                        "S": "Comedy"
                    }
                }
            }
        },
        {
            "PutRequest": {
                "Item": {
                    "id": {
                        "S": "141108"
                    },
                    "title": {
                        "S": "Minotaur (2006)"
                    },
                    "genres": {
                        "S": "Adventure|Fantasy|Horror"
                    }
                }
            }
        },
        {
            "PutRequest": {
                "Item": {
                    "id": {
                        "S": "141110"
                    },
                    "title": {
                        "S": "The One That Got Away (1957)"
                    },
                    "genres": {
                        "S": "Drama|War"
                    }
                }
            }
        },
        {
            "PutRequest": {
                "Item": {
                    "id": {
                        "S": "141112"
                    },
                    "title": {
                        "S": "Salem Falls (2011)"
                    },
                    "genres": {
                        "S": "Crime|Drama"
                    }
                }
            }
        },
        {
            "PutRequest": {
                "Item": {
                    "id": {
                        "S": "141114"
                    },
                    "title": {
                        "S": "Sharpe's Challenge (2006)"
                    },
                    "genres": {
                        "S": "Action|Adventure|War"
                    }
                }
            }
        },
        {
            "PutRequest": {
                "Item": {
                    "id": {
                        "S": "141116"
                    },
                    "title": {
                        "S": "Ferat Vampire (1982)"
                    },
                    "genres": {
                        "S": "Horror|Mystery|Sci-Fi"
                    }
                }
            }
        },
        {
            "PutRequest": {
                "Item": {
                    "id": {
                        "S": "141118"
                    },
                    "title": {
                        "S": "Go Away Mr. Tumor (2015)"
                    },
                    "genres": {
                        "S": "(no genres listed)"
                    }
                }
            }
        },
        {
            "PutRequest": {
                "Item": {
                    "id": {
                        "S": "141120"
                    },
                    "title": {
                        "S": "Brothers (2015)"
                    },
                    "genres": {
                        "S": "Action|Children|Drama"
                    }
                }
            }
        },
        {
            "PutRequest": {
                "Item": {
                    "id": {
                        "S": "141122"
                    },
                    "title": {
                        "S": "Demented Death Farm Massacre (1971)"
                    },
                    "genres": {
                        "S": "Comedy|Horror|Thriller"
                    }
                }
            }
        },
        {
            "PutRequest": {
                "Item": {
                    "id": {
                        "S": "141124"
                    },
                    "title": {
                        "S": "FAQs (2005)"
                    },
                    "genres": {
                        "S": "Drama"
                    }
                }
            }
        },
        {
            "PutRequest": {
                "Item": {
                    "id": {
                        "S": "141126"
                    },
                    "title": {
                        "S": "The Iceman Interviews (2004)"
                    },
                    "genres": {
                        "S": "Documentary"
                    }
                }
            }
        },
        {
            "PutRequest": {
                "Item": {
                    "id": {
                        "S": "141129"
                    },
                    "title": {
                        "S": "Dave Attell: Road Work (2014)"
                    },
                    "genres": {
                        "S": "Comedy"
                    }
                }
            }
        },
        {
            "PutRequest": {
                "Item": {
                    "id": {
                        "S": "141131"
                    },
                    "title": {
                        "S": "Guardians (2016)"
                    },
                    "genres": {
                        "S": "(no genres listed)"
                    }
                }
            }
        },
        {
            "PutRequest": {
                "Item": {
                    "id": {
                        "S": "141133"
                    },
                    "title": {
                        "S": "Green Snake (1993)"
                    },
                    "genres": {
                        "S": "Action|Fantasy|Romance|Sci-Fi"
                    }
                }
            }
        },
        {
            "PutRequest": {
                "Item": {
                    "id": {
                        "S": "141135"
                    },
                    "title": {
                        "S": "Nuts in May (1976)"
                    },
                    "genres": {
                        "S": "Comedy"
                    }
                }
            }
        }
    ]
}