{
    "movies": [
        {
            "PutRequest": {
                "Item": {
                    "id": {
                        "S": "134093"
                    },
                    "title": {
                        "S": "Short Stories (2012)"
                    },
                    "genres": {
                        "S": "Comedy|Drama|Mystery"
                    }
                }
            }
        },
        {
            "PutRequest": {
                "Item": {
                    "id": {
                        "S": "134095"
                    },
                    "title": {
                        "S": "My Love (2006)"
                    },
                    "genres": {
                        "S": "Animation|Drama"
                    }
                }
            }
        },
        {
            "PutRequest": {
                "Item": {
                    "id": {
                        "S": "134097"
                    },
                    "title": {
                        "S": "Gardens in Autumn (2006)"
                    },
                    "genres": {
                        "S": "(no genres listed)"
                    }
                }
            }
        },
        {
            "PutRequest": {
                "Item": {
                    "id": {
                        "S": "134099"
                    },
                    "title": {
                        "S": "The Cow (1990)"
                    },
                    "genres": {
                        "S": "Animation|Drama"
                    }
                }
            }
        },
        {
            "PutRequest": {
                "Item": {
                    "id": {
                        "S": "134101"
                    },
                    "title": {
                        "S": "A Driver for Vera (2004)"
                    },
                    "genres": {
                        "S": "Drama"
                    }
                }
            }
        },
        {
            "PutRequest": {
                "Item": {
                    "id": {
                        "S": "134103"
                    },
                    "title": {
                        "S": "Blackbird (2007)"
                    },
                    "genres": {
                        "S": "Drama"
                    }
                }
            }
        },
        {
            "PutRequest": {
                "Item": {
                    "id": {
                        "S": "134105"
                    },
                    "title": {
                        "S": "Plus one (2008)"
                    },
                    "genres": {
                        "S": "Comedy|Drama"
                    }
                }
            }
        },
        {
            "PutRequest": {
                "Item": {
                    "id": {
                        "S": "134107"
                    },
                    "title": {
                        "S": "The Stroll (2003)"
                    },
                    "genres": {
                        "S": "(no genres listed)"
                    }
                }
            }
        },
        {
            "PutRequest": {
                "Item": {
                    "id": {
                        "S": "134109"
                    },
                    "title": {
                        "S": "Radio Day (2008)"
                    },
                    "genres": {
                        "S": "Comedy"
                    }
                }
            }
        },
        {
            "PutRequest": {
                "Item": {
                    "id": {
                        "S": "134111"
                    },
                    "title": {
                        "S": "Dura (2005)"
                    },
                    "genres": {
                        "S": "Drama"
                    }
                }
            }
        },
        {
            "PutRequest": {
                "Item": {
                    "id": {
                        "S": "134113"
                    },
                    "title": {
                        "S": "Kung Fu Rascals (1992)"
                    },
                    "genres": {
                        "S": "(no genres listed)"
                    }
                }
            }
        },
        {
            "PutRequest": {
                "Item": {
                    "id": {
                        "S": "134115"
                    },
                    "title": {
                        "S": "Waiting for Godot (2001)"
                    },
                    "genres": {
                        "S": "Drama"
                    }
                }
            }
        },
        {
            "PutRequest": {
                "Item": {
                    "id": {
                        "S": "134117"
                    },
                    "title": {
                        "S": "San Andreas Quake (2015)"
                    },
                    "genres": {
                        "S": "Action|Sci-Fi"
                    }
                }
            }
        },
        {
            "PutRequest": {
                "Item": {
                    "id": {
                        "S": "134120"
                    },
                    "title": {
                        "S": "Unman, Wittering and Zigo (1971)"
                    },
                    "genres": {
                        "S": "Mystery|Thriller"
                    }
                }
            }
        },
        {
            "PutRequest": {
                "Item": {
                    "id": {
                        "S": "134122"
                    },
                    "title": {
                        "S": "Voyage to the Planet of Prehistoric Women (1968)"
                    },
                    "genres": {
                        "S": "Sci-Fi"
                    }
                }
            }
        },
        {
            "PutRequest": {
                "Item": {
                    "id": {
                        "S": "134124"
                    },
                    "title": {
                        "S": "Lady Frankenstein (1973)"
                    },
                    "genres": {
                        "S": "Horror|Sci-Fi"
                    }
                }
            }
        },
        {
            "PutRequest": {
                "Item": {
                    "id": {
                        "S": "134126"
                    },
                    "title": {
                        "S": "The Lookalike (2014)"
                    },
                    "genres": {
                        "S": "Crime|Drama|Thriller"
                    }
                }
            }
        },
        {
            "PutRequest": {
                "Item": {
                    "id": {
                        "S": "134128"
                    },
                    "title": {
                        "S": "The Anonymous People (2013)"
                    },
                    "genres": {
                        "S": "Documentary"
                    }
                }
            }
        },
        {
            "PutRequest": {
                "Item": {
                    "id": {
                        "S": "134130"
                    },
                    "title": {
                        "S": "The Martian (2015)"
                    },
                    "genres": {
                        "S": "Adventure|Drama|Sci-Fi"
                    }
                }
            }
        },
        {
            "PutRequest": {
                "Item": {
                    "id": {
                        "S": "134132"
                    },
                    "title": {
                        "S": "Massacre (1989)"
                    },
                    "genres": {
                        "S": "Horror"
                    }
                }
            }
        },
        {
            "PutRequest": {
                "Item": {
                    "id": {
                        "S": "134134"
                    },
                    "title": {
                        "S": "Angel of Death (1987)"
                    },
                    "genres": {
                        "S": "Action|Thriller"
                    }
                }
            }
        },
        {
            "PutRequest": {
                "Item": {
                    "id": {
                        "S": "134136"
                    },
                    "title": {
                        "S": "Maniac Killer (1987)"
                    },
                    "genres": {
                        "S": "(no genres listed)"
                    }
                }
            }
        },
        {
            "PutRequest": {
                "Item": {
                    "id": {
                        "S": "134142"
                    },
                    "title": {
                        "S": "Malabimba (1979)"
                    },
                    "genres": {
                        "S": "(no genres listed)"
                    }
                }
            }
        },
        {
            "PutRequest": {
                "Item": {
                    "id": {
                        "S": "134146"
                    },
                    "title": {
                        "S": "My Father's Wife (1976)"
                    },
                    "genres": {
                        "S": "Drama"
                    }
                }
            }
        },
        {
            "PutRequest": {
                "Item": {
                    "id": {
                        "S": "134150"
                    },
                    "title": {
                        "S": "Cry of a Prostitute (1974)"
                    },
                    "genres": {
                        "S": "Crime|Drama"
                    }
                }
            }
        }
    ]
}