{
    "movies": [
        {
            "PutRequest": {
                "Item": {
                    "id": {
                        "S": "134489"
                    },
                    "title": {
                        "S": "The Career of a Chambermaid (1976)"
                    },
                    "genres": {
                        "S": "Romance"
                    }
                }
            }
        },
        {
            "PutRequest": {
                "Item": {
                    "id": {
                        "S": "134491"
                    },
                    "title": {
                        "S": "Luna di miele in tre (1976)"
                    },
                    "genres": {
                        "S": "(no genres listed)"
                    }
                }
            }
        },
        {
            "PutRequest": {
                "Item": {
                    "id": {
                        "S": "134493"
                    },
                    "title": {
                        "S": "Di che segno sei? (1975)"
                    },
                    "genres": {
                        "S": "(no genres listed)"
                    }
                }
            }
        },
        {
            "PutRequest": {
                "Item": {
                    "id": {
                        "S": "134495"
                    },
                    "title": {
                        "S": "Paolo Barca, maestro elementare, praticamente nudista (1975)"
                    },
                    "genres": {
                        "S": "(no genres listed)"
                    }
                }
            }
        },
        {
            "PutRequest": {
                "Item": {
                    "id": {
                        "S": "134497"
                    },
                    "title": {
                        "S": "La poliziotta (1974)"
                    },
                    "genres": {
                        "S": "(no genres listed)"
                    }
                }
            }
        },
        {
            "PutRequest": {
                "Item": {
                    "id": {
                        "S": "134499"
                    },
                    "title": {
                        "S": "Night Train to Terror (1985)"
                    },
                    "genres": {
                        "S": "Horror"
                    }
                }
            }
        },
        {
            "PutRequest": {
                "Item": {
                    "id": {
                        "S": "134501"
                    },
                    "title": {
                        "S": "The Bonesetter (2004)"
                    },
                    "genres": {
                        "S": "(no genres listed)"
                    }
                }
            }
        },
        {
            "PutRequest": {
                "Item": {
                    "id": {
                        "S": "134503"
                    },
                    "title": {
                        "S": "The Offspring (1987)"
                    },
                    "genres": {
                        "S": "(no genres listed)"
                    }
                }
            }
        },
        {
            "PutRequest": {
                "Item": {
                    "id": {
                        "S": "134505"
                    },
                    "title": {
                        "S": "Si le vent soul\u00e8ve les sables (2007)"
                    },
                    "genres": {
                        "S": "Drama|War"
                    }
                }
            }
        },
        {
            "PutRequest": {
                "Item": {
                    "id": {
                        "S": "134507"
                    },
                    "title": {
                        "S": "The Alley Tramp (1968)"
                    },
                    "genres": {
                        "S": "(no genres listed)"
                    }
                }
            }
        },
        {
            "PutRequest": {
                "Item": {
                    "id": {
                        "S": "134509"
                    },
                    "title": {
                        "S": "A Virgin Among the Living Dead (1973)"
                    },
                    "genres": {
                        "S": "Horror"
                    }
                }
            }
        },
        {
            "PutRequest": {
                "Item": {
                    "id": {
                        "S": "134511"
                    },
                    "title": {
                        "S": "Flesh Eating Mothers (1988)"
                    },
                    "genres": {
                        "S": "Comedy|Horror"
                    }
                }
            }
        },
        {
            "PutRequest": {
                "Item": {
                    "id": {
                        "S": "134513"
                    },
                    "title": {
                        "S": "Matilda (1978)"
                    },
                    "genres": {
                        "S": "Children|Comedy|Crime"
                    }
                }
            }
        },
        {
            "PutRequest": {
                "Item": {
                    "id": {
                        "S": "134515"
                    },
                    "title": {
                        "S": "BMX Bandits (1983)"
                    },
                    "genres": {
                        "S": "Adventure|Crime|Drama"
                    }
                }
            }
        },
        {
            "PutRequest": {
                "Item": {
                    "id": {
                        "S": "134517"
                    },
                    "title": {
                        "S": "Forbidden World (1982)"
                    },
                    "genres": {
                        "S": "Horror|Sci-Fi"
                    }
                }
            }
        },
        {
            "PutRequest": {
                "Item": {
                    "id": {
                        "S": "134519"
                    },
                    "title": {
                        "S": "Suspicious Truth (2015)"
                    },
                    "genres": {
                        "S": "Comedy"
                    }
                }
            }
        },
        {
            "PutRequest": {
                "Item": {
                    "id": {
                        "S": "134521"
                    },
                    "title": {
                        "S": "Casa Grande (2014)"
                    },
                    "genres": {
                        "S": "Drama"
                    }
                }
            }
        },
        {
            "PutRequest": {
                "Item": {
                    "id": {
                        "S": "134524"
                    },
                    "title": {
                        "S": "Turtle Power: The Definitive History of the Teenage Mutant Ninja Turtles (2014)"
                    },
                    "genres": {
                        "S": "Documentary"
                    }
                }
            }
        },
        {
            "PutRequest": {
                "Item": {
                    "id": {
                        "S": "134526"
                    },
                    "title": {
                        "S": "Zodiac: The Race Begins... (2012)"
                    },
                    "genres": {
                        "S": "Adventure|Animation"
                    }
                }
            }
        },
        {
            "PutRequest": {
                "Item": {
                    "id": {
                        "S": "134528"
                    },
                    "title": {
                        "S": "Aloha (2015)"
                    },
                    "genres": {
                        "S": "Comedy|Drama|Romance"
                    }
                }
            }
        },
        {
            "PutRequest": {
                "Item": {
                    "id": {
                        "S": "134530"
                    },
                    "title": {
                        "S": "Mars (2010)"
                    },
                    "genres": {
                        "S": "Animation|Comedy|Romance|Sci-Fi"
                    }
                }
            }
        },
        {
            "PutRequest": {
                "Item": {
                    "id": {
                        "S": "134532"
                    },
                    "title": {
                        "S": "Wonderwall (1968)"
                    },
                    "genres": {
                        "S": "Drama|Romance"
                    }
                }
            }
        },
        {
            "PutRequest": {
                "Item": {
                    "id": {
                        "S": "134534"
                    },
                    "title": {
                        "S": "Chatterbox! (1977)"
                    },
                    "genres": {
                        "S": "Comedy|Fantasy"
                    }
                }
            }
        },
        {
            "PutRequest": {
                "Item": {
                    "id": {
                        "S": "134536"
                    },
                    "title": {
                        "S": "Cannibal Vegetarian (2012)"
                    },
                    "genres": {
                        "S": "Drama|Thriller"
                    }
                }
            }
        },
        {
            "PutRequest": {
                "Item": {
                    "id": {
                        "S": "134538"
                    },
                    "title": {
                        "S": "The Battle of Neretva (1969)"
                    },
                    "genres": {
                        "S": "Drama|War"
                    }
                }
            }
        }
    ]
}