{
    "movies": [
        {
            "PutRequest": {
                "Item": {
                    "id": {
                        "S": "144834"
                    },
                    "title": {
                        "S": "Carrefour (1938)"
                    },
                    "genres": {
                        "S": "Drama"
                    }
                }
            }
        },
        {
            "PutRequest": {
                "Item": {
                    "id": {
                        "S": "144836"
                    },
                    "title": {
                        "S": "Lady with Red Hair (1940)"
                    },
                    "genres": {
                        "S": "Drama"
                    }
                }
            }
        },
        {
            "PutRequest": {
                "Item": {
                    "id": {
                        "S": "144838"
                    },
                    "title": {
                        "S": "Million Dollar Baby (1941)"
                    },
                    "genres": {
                        "S": "Comedy|Romance"
                    }
                }
            }
        },
        {
            "PutRequest": {
                "Item": {
                    "id": {
                        "S": "144842"
                    },
                    "title": {
                        "S": "The Blue Veil (1951)"
                    },
                    "genres": {
                        "S": "Drama"
                    }
                }
            }
        },
        {
            "PutRequest": {
                "Item": {
                    "id": {
                        "S": "144844"
                    },
                    "title": {
                        "S": "Gaby (1956)"
                    },
                    "genres": {
                        "S": "Drama"
                    }
                }
            }
        },
        {
            "PutRequest": {
                "Item": {
                    "id": {
                        "S": "144846"
                    },
                    "title": {
                        "S": "Damon and Pythias (1962)"
                    },
                    "genres": {
                        "S": "(no genres listed)"
                    }
                }
            }
        },
        {
            "PutRequest": {
                "Item": {
                    "id": {
                        "S": "144848"
                    },
                    "title": {
                        "S": "War Story (2014)"
                    },
                    "genres": {
                        "S": "Drama"
                    }
                }
            }
        },
        {
            "PutRequest": {
                "Item": {
                    "id": {
                        "S": "144850"
                    },
                    "title": {
                        "S": "Immorality (1978)"
                    },
                    "genres": {
                        "S": "Drama|Thriller"
                    }
                }
            }
        },
        {
            "PutRequest": {
                "Item": {
                    "id": {
                        "S": "144852"
                    },
                    "title": {
                        "S": "Could It Happen Here? (1977)"
                    },
                    "genres": {
                        "S": "Crime"
                    }
                }
            }
        },
        {
            "PutRequest": {
                "Item": {
                    "id": {
                        "S": "144858"
                    },
                    "title": {
                        "S": "God's Angry Man (1980)"
                    },
                    "genres": {
                        "S": "Documentary"
                    }
                }
            }
        },
        {
            "PutRequest": {
                "Item": {
                    "id": {
                        "S": "144860"
                    },
                    "title": {
                        "S": "Fred Rogers: America's Favorite Neighbor (2004)"
                    },
                    "genres": {
                        "S": "Children|Documentary"
                    }
                }
            }
        },
        {
            "PutRequest": {
                "Item": {
                    "id": {
                        "S": "144862"
                    },
                    "title": {
                        "S": "Behind The Rising Sun (1943)"
                    },
                    "genres": {
                        "S": "Drama|War"
                    }
                }
            }
        },
        {
            "PutRequest": {
                "Item": {
                    "id": {
                        "S": "144864"
                    },
                    "title": {
                        "S": "Underground (1941)"
                    },
                    "genres": {
                        "S": "Adventure|Drama|Romance|War"
                    }
                }
            }
        },
        {
            "PutRequest": {
                "Item": {
                    "id": {
                        "S": "144866"
                    },
                    "title": {
                        "S": "Pillow to Post (1945)"
                    },
                    "genres": {
                        "S": "Comedy"
                    }
                }
            }
        },
        {
            "PutRequest": {
                "Item": {
                    "id": {
                        "S": "144868"
                    },
                    "title": {
                        "S": "Janie Gets Married (1946)"
                    },
                    "genres": {
                        "S": "Comedy"
                    }
                }
            }
        },
        {
            "PutRequest": {
                "Item": {
                    "id": {
                        "S": "144870"
                    },
                    "title": {
                        "S": "Lone Star (1952)"
                    },
                    "genres": {
                        "S": "Action|Adventure|Western"
                    }
                }
            }
        },
        {
            "PutRequest": {
                "Item": {
                    "id": {
                        "S": "144874"
                    },
                    "title": {
                        "S": "Ice Palace (1960)"
                    },
                    "genres": {
                        "S": "Adventure|Drama"
                    }
                }
            }
        },
        {
            "PutRequest": {
                "Item": {
                    "id": {
                        "S": "144876"
                    },
                    "title": {
                        "S": "Cervantes (1967)"
                    },
                    "genres": {
                        "S": "Adventure"
                    }
                }
            }
        },
        {
            "PutRequest": {
                "Item": {
                    "id": {
                        "S": "144880"
                    },
                    "title": {
                        "S": "Taste of Vengeance (1969)"
                    },
                    "genres": {
                        "S": "Western"
                    }
                }
            }
        },
        {
            "PutRequest": {
                "Item": {
                    "id": {
                        "S": "144882"
                    },
                    "title": {
                        "S": "I 7 di Marsa Matruh (1970)"
                    },
                    "genres": {
                        "S": "(no genres listed)"
                    }
                }
            }
        },
        {
            "PutRequest": {
                "Item": {
                    "id": {
                        "S": "144884"
                    },
                    "title": {
                        "S": "Alleluja & Sartana Are Sons... Sons of God (1972)"
                    },
                    "genres": {
                        "S": "(no genres listed)"
                    }
                }
            }
        },
        {
            "PutRequest": {
                "Item": {
                    "id": {
                        "S": "144886"
                    },
                    "title": {
                        "S": "A Virgin in the Family (1975)"
                    },
                    "genres": {
                        "S": "Drama"
                    }
                }
            }
        },
        {
            "PutRequest": {
                "Item": {
                    "id": {
                        "S": "144888"
                    },
                    "title": {
                        "S": "Skin 'em Alive (1978)"
                    },
                    "genres": {
                        "S": "(no genres listed)"
                    }
                }
            }
        },
        {
            "PutRequest": {
                "Item": {
                    "id": {
                        "S": "144890"
                    },
                    "title": {
                        "S": "Rolf (1984)"
                    },
                    "genres": {
                        "S": "Action"
                    }
                }
            }
        },
        {
            "PutRequest": {
                "Item": {
                    "id": {
                        "S": "144894"
                    },
                    "title": {
                        "S": "They Found Hell (2015)"
                    },
                    "genres": {
                        "S": "Horror"
                    }
                }
            }
        }
    ]
}