{
    "movies": [
        {
            "PutRequest": {
                "Item": {
                    "id": {
                        "S": "126194"
                    },
                    "title": {
                        "S": "Minotaur, the Wild Beast of Crete (1961)"
                    },
                    "genres": {
                        "S": "(no genres listed)"
                    }
                }
            }
        },
        {
            "PutRequest": {
                "Item": {
                    "id": {
                        "S": "126198"
                    },
                    "title": {
                        "S": "Il segreto del vestito rosso (1964)"
                    },
                    "genres": {
                        "S": "Thriller"
                    }
                }
            }
        },
        {
            "PutRequest": {
                "Item": {
                    "id": {
                        "S": "126202"
                    },
                    "title": {
                        "S": "L'isola delle svedesi (1969)"
                    },
                    "genres": {
                        "S": "(no genres listed)"
                    }
                }
            }
        },
        {
            "PutRequest": {
                "Item": {
                    "id": {
                        "S": "126204"
                    },
                    "title": {
                        "S": "Smile Before Death (1972)"
                    },
                    "genres": {
                        "S": "Crime|Mystery|Thriller"
                    }
                }
            }
        },
        {
            "PutRequest": {
                "Item": {
                    "id": {
                        "S": "126206"
                    },
                    "title": {
                        "S": "Chains (1974)"
                    },
                    "genres": {
                        "S": "(no genres listed)"
                    }
                }
            }
        },
        {
            "PutRequest": {
                "Item": {
                    "id": {
                        "S": "126208"
                    },
                    "title": {
                        "S": "The Underage Girl (1974)"
                    },
                    "genres": {
                        "S": "Comedy|Romance"
                    }
                }
            }
        },
        {
            "PutRequest": {
                "Item": {
                    "id": {
                        "S": "126210"
                    },
                    "title": {
                        "S": "That Malicious Age (1975)"
                    },
                    "genres": {
                        "S": "Comedy"
                    }
                }
            }
        },
        {
            "PutRequest": {
                "Item": {
                    "id": {
                        "S": "126212"
                    },
                    "title": {
                        "S": "So Young, So Lovely, So Vicious... (1975)"
                    },
                    "genres": {
                        "S": "Comedy|Drama"
                    }
                }
            }
        },
        {
            "PutRequest": {
                "Item": {
                    "id": {
                        "S": "126214"
                    },
                    "title": {
                        "S": "Il medico... la studentessa (1976)"
                    },
                    "genres": {
                        "S": "Comedy"
                    }
                }
            }
        },
        {
            "PutRequest": {
                "Item": {
                    "id": {
                        "S": "126217"
                    },
                    "title": {
                        "S": "Delivery: The Beast Within (2013)"
                    },
                    "genres": {
                        "S": "Horror|Thriller"
                    }
                }
            }
        },
        {
            "PutRequest": {
                "Item": {
                    "id": {
                        "S": "126219"
                    },
                    "title": {
                        "S": "Marihuana (1936)"
                    },
                    "genres": {
                        "S": "Documentary|Drama"
                    }
                }
            }
        },
        {
            "PutRequest": {
                "Item": {
                    "id": {
                        "S": "126221"
                    },
                    "title": {
                        "S": "La bravata (1977)"
                    },
                    "genres": {
                        "S": "(no genres listed)"
                    }
                }
            }
        },
        {
            "PutRequest": {
                "Item": {
                    "id": {
                        "S": "126223"
                    },
                    "title": {
                        "S": "Eye of the Spider (1971)"
                    },
                    "genres": {
                        "S": "Crime"
                    }
                }
            }
        },
        {
            "PutRequest": {
                "Item": {
                    "id": {
                        "S": "126225"
                    },
                    "title": {
                        "S": "So Sweet, So Dead (1972)"
                    },
                    "genres": {
                        "S": "Thriller"
                    }
                }
            }
        },
        {
            "PutRequest": {
                "Item": {
                    "id": {
                        "S": "126227"
                    },
                    "title": {
                        "S": "Imputazione di omicidio per uno studente (1972)"
                    },
                    "genres": {
                        "S": "Drama"
                    }
                }
            }
        },
        {
            "PutRequest": {
                "Item": {
                    "id": {
                        "S": "126229"
                    },
                    "title": {
                        "S": "The Shadow Men (1997)"
                    },
                    "genres": {
                        "S": "Horror|Sci-Fi|Thriller"
                    }
                }
            }
        },
        {
            "PutRequest": {
                "Item": {
                    "id": {
                        "S": "126231"
                    },
                    "title": {
                        "S": "The Killer With a Thousand Eyes (1974)"
                    },
                    "genres": {
                        "S": "Crime|Thriller"
                    }
                }
            }
        },
        {
            "PutRequest": {
                "Item": {
                    "id": {
                        "S": "126233"
                    },
                    "title": {
                        "S": "Seventh Heaven (1993)"
                    },
                    "genres": {
                        "S": "Comedy|Romance"
                    }
                }
            }
        },
        {
            "PutRequest": {
                "Item": {
                    "id": {
                        "S": "126235"
                    },
                    "title": {
                        "S": "They Were Five (1936)"
                    },
                    "genres": {
                        "S": "Drama"
                    }
                }
            }
        },
        {
            "PutRequest": {
                "Item": {
                    "id": {
                        "S": "126237"
                    },
                    "title": {
                        "S": "Stop Train 349 (1963)"
                    },
                    "genres": {
                        "S": "Drama"
                    }
                }
            }
        },
        {
            "PutRequest": {
                "Item": {
                    "id": {
                        "S": "126239"
                    },
                    "title": {
                        "S": "F\u00e4hrmann Maria (1936)"
                    },
                    "genres": {
                        "S": "(no genres listed)"
                    }
                }
            }
        },
        {
            "PutRequest": {
                "Item": {
                    "id": {
                        "S": "126241"
                    },
                    "title": {
                        "S": "Screaming Eagles (1956)"
                    },
                    "genres": {
                        "S": "War"
                    }
                }
            }
        },
        {
            "PutRequest": {
                "Item": {
                    "id": {
                        "S": "126243"
                    },
                    "title": {
                        "S": "Thank You, Jeeves! (1936)"
                    },
                    "genres": {
                        "S": "(no genres listed)"
                    }
                }
            }
        },
        {
            "PutRequest": {
                "Item": {
                    "id": {
                        "S": "126245"
                    },
                    "title": {
                        "S": "Homework (1989)"
                    },
                    "genres": {
                        "S": "(no genres listed)"
                    }
                }
            }
        },
        {
            "PutRequest": {
                "Item": {
                    "id": {
                        "S": "126247"
                    },
                    "title": {
                        "S": "Internes Can't Take Money (1937)"
                    },
                    "genres": {
                        "S": "Crime|Drama|Romance"
                    }
                }
            }
        }
    ]
}