{
    "movies": [
        {
            "PutRequest": {
                "Item": {
                    "id": {
                        "S": "142254"
                    },
                    "title": {
                        "S": "Three on a Meathook (1973)"
                    },
                    "genres": {
                        "S": "Horror"
                    }
                }
            }
        },
        {
            "PutRequest": {
                "Item": {
                    "id": {
                        "S": "142256"
                    },
                    "title": {
                        "S": "The Zebra Killer (1974)"
                    },
                    "genres": {
                        "S": "Action|Crime"
                    }
                }
            }
        },
        {
            "PutRequest": {
                "Item": {
                    "id": {
                        "S": "142258"
                    },
                    "title": {
                        "S": "Listen to Me Marlon (2015)"
                    },
                    "genres": {
                        "S": "Documentary"
                    }
                }
            }
        },
        {
            "PutRequest": {
                "Item": {
                    "id": {
                        "S": "142260"
                    },
                    "title": {
                        "S": "Crab Trap (2010)"
                    },
                    "genres": {
                        "S": "Drama"
                    }
                }
            }
        },
        {
            "PutRequest": {
                "Item": {
                    "id": {
                        "S": "142262"
                    },
                    "title": {
                        "S": "Naked You Die (1968)"
                    },
                    "genres": {
                        "S": "Mystery"
                    }
                }
            }
        },
        {
            "PutRequest": {
                "Item": {
                    "id": {
                        "S": "142264"
                    },
                    "title": {
                        "S": "Proteus (1995)"
                    },
                    "genres": {
                        "S": "Horror|Sci-Fi"
                    }
                }
            }
        },
        {
            "PutRequest": {
                "Item": {
                    "id": {
                        "S": "142266"
                    },
                    "title": {
                        "S": "Mal\u00e9fique (2003)"
                    },
                    "genres": {
                        "S": "Fantasy|Horror|Mystery"
                    }
                }
            }
        },
        {
            "PutRequest": {
                "Item": {
                    "id": {
                        "S": "142268"
                    },
                    "title": {
                        "S": "Stars 80 (2012)"
                    },
                    "genres": {
                        "S": "Comedy"
                    }
                }
            }
        },
        {
            "PutRequest": {
                "Item": {
                    "id": {
                        "S": "142270"
                    },
                    "title": {
                        "S": "Act of Violence (2008)"
                    },
                    "genres": {
                        "S": "Drama|Thriller"
                    }
                }
            }
        },
        {
            "PutRequest": {
                "Item": {
                    "id": {
                        "S": "142272"
                    },
                    "title": {
                        "S": "Beaumarchais, l'insolent (1996)"
                    },
                    "genres": {
                        "S": "Adventure|Romance"
                    }
                }
            }
        },
        {
            "PutRequest": {
                "Item": {
                    "id": {
                        "S": "142274"
                    },
                    "title": {
                        "S": "The Snow Devils (1967)"
                    },
                    "genres": {
                        "S": "Sci-Fi"
                    }
                }
            }
        },
        {
            "PutRequest": {
                "Item": {
                    "id": {
                        "S": "142276"
                    },
                    "title": {
                        "S": "War Between the Planets (1966)"
                    },
                    "genres": {
                        "S": "Sci-Fi"
                    }
                }
            }
        },
        {
            "PutRequest": {
                "Item": {
                    "id": {
                        "S": "142278"
                    },
                    "title": {
                        "S": "The War of the Planets (1966)"
                    },
                    "genres": {
                        "S": "Sci-Fi"
                    }
                }
            }
        },
        {
            "PutRequest": {
                "Item": {
                    "id": {
                        "S": "142280"
                    },
                    "title": {
                        "S": "Lightning Bolt (1967)"
                    },
                    "genres": {
                        "S": "Action|Thriller"
                    }
                }
            }
        },
        {
            "PutRequest": {
                "Item": {
                    "id": {
                        "S": "142284"
                    },
                    "title": {
                        "S": "Killers Are Challenged (1966)"
                    },
                    "genres": {
                        "S": "Adventure"
                    }
                }
            }
        },
        {
            "PutRequest": {
                "Item": {
                    "id": {
                        "S": "142286"
                    },
                    "title": {
                        "S": "The Long Hair of Death (1964)"
                    },
                    "genres": {
                        "S": "Horror"
                    }
                }
            }
        },
        {
            "PutRequest": {
                "Item": {
                    "id": {
                        "S": "142288"
                    },
                    "title": {
                        "S": "Giants of Rome (1964)"
                    },
                    "genres": {
                        "S": "Action|Adventure|Drama"
                    }
                }
            }
        },
        {
            "PutRequest": {
                "Item": {
                    "id": {
                        "S": "142290"
                    },
                    "title": {
                        "S": "Hercules, Prisoner of Evil (1964)"
                    },
                    "genres": {
                        "S": "Adventure|Fantasy"
                    }
                }
            }
        },
        {
            "PutRequest": {
                "Item": {
                    "id": {
                        "S": "142292"
                    },
                    "title": {
                        "S": "Il pelo nel mondo (1964)"
                    },
                    "genres": {
                        "S": "Documentary"
                    }
                }
            }
        },
        {
            "PutRequest": {
                "Item": {
                    "id": {
                        "S": "142294"
                    },
                    "title": {
                        "S": "Devil of the Desert Against the Son of Hercules (1964)"
                    },
                    "genres": {
                        "S": "Action|Adventure|Fantasy"
                    }
                }
            }
        },
        {
            "PutRequest": {
                "Item": {
                    "id": {
                        "S": "142296"
                    },
                    "title": {
                        "S": "The Fall of Rome (1963)"
                    },
                    "genres": {
                        "S": "Action|Drama"
                    }
                }
            }
        },
        {
            "PutRequest": {
                "Item": {
                    "id": {
                        "S": "142298"
                    },
                    "title": {
                        "S": "The Golden Arrow (1962)"
                    },
                    "genres": {
                        "S": "Adventure|Fantasy"
                    }
                }
            }
        },
        {
            "PutRequest": {
                "Item": {
                    "id": {
                        "S": "142300"
                    },
                    "title": {
                        "S": "Battle of the Worlds (1961)"
                    },
                    "genres": {
                        "S": "Sci-Fi|Thriller"
                    }
                }
            }
        },
        {
            "PutRequest": {
                "Item": {
                    "id": {
                        "S": "142302"
                    },
                    "title": {
                        "S": "Assignment: Outer Space (1960)"
                    },
                    "genres": {
                        "S": "Sci-Fi"
                    }
                }
            }
        },
        {
            "PutRequest": {
                "Item": {
                    "id": {
                        "S": "142308"
                    },
                    "title": {
                        "S": "Virtual Weapon (1997)"
                    },
                    "genres": {
                        "S": "(no genres listed)"
                    }
                }
            }
        }
    ]
}