{
    "movies": [
        {
            "PutRequest": {
                "Item": {
                    "id": {
                        "S": "138222"
                    },
                    "title": {
                        "S": "Station to Station (2014)"
                    },
                    "genres": {
                        "S": "Drama"
                    }
                }
            }
        },
        {
            "PutRequest": {
                "Item": {
                    "id": {
                        "S": "138224"
                    },
                    "title": {
                        "S": "East Wind (Vent d'Est) (1993)"
                    },
                    "genres": {
                        "S": "Drama"
                    }
                }
            }
        },
        {
            "PutRequest": {
                "Item": {
                    "id": {
                        "S": "138226"
                    },
                    "title": {
                        "S": "Monk With a Camera (2014)"
                    },
                    "genres": {
                        "S": "Documentary"
                    }
                }
            }
        },
        {
            "PutRequest": {
                "Item": {
                    "id": {
                        "S": "138228"
                    },
                    "title": {
                        "S": "The Town That Was (2007)"
                    },
                    "genres": {
                        "S": "(no genres listed)"
                    }
                }
            }
        },
        {
            "PutRequest": {
                "Item": {
                    "id": {
                        "S": "138230"
                    },
                    "title": {
                        "S": "Staten Island Summer (2015)"
                    },
                    "genres": {
                        "S": "Comedy"
                    }
                }
            }
        },
        {
            "PutRequest": {
                "Item": {
                    "id": {
                        "S": "138232"
                    },
                    "title": {
                        "S": "Aalavandhan (2001)"
                    },
                    "genres": {
                        "S": "Thriller"
                    }
                }
            }
        },
        {
            "PutRequest": {
                "Item": {
                    "id": {
                        "S": "138234"
                    },
                    "title": {
                        "S": "Augustine (2012)"
                    },
                    "genres": {
                        "S": "Drama"
                    }
                }
            }
        },
        {
            "PutRequest": {
                "Item": {
                    "id": {
                        "S": "138236"
                    },
                    "title": {
                        "S": "Battle of the Coral Sea (1959)"
                    },
                    "genres": {
                        "S": "War"
                    }
                }
            }
        },
        {
            "PutRequest": {
                "Item": {
                    "id": {
                        "S": "138240"
                    },
                    "title": {
                        "S": "Haunts (1977)"
                    },
                    "genres": {
                        "S": "Horror"
                    }
                }
            }
        },
        {
            "PutRequest": {
                "Item": {
                    "id": {
                        "S": "138242"
                    },
                    "title": {
                        "S": "Out of Bounds (2003)"
                    },
                    "genres": {
                        "S": "Romance|Thriller"
                    }
                }
            }
        },
        {
            "PutRequest": {
                "Item": {
                    "id": {
                        "S": "138246"
                    },
                    "title": {
                        "S": "Deathwork (1971)"
                    },
                    "genres": {
                        "S": "Action"
                    }
                }
            }
        },
        {
            "PutRequest": {
                "Item": {
                    "id": {
                        "S": "138248"
                    },
                    "title": {
                        "S": "Calendar Girl Murders (1984)"
                    },
                    "genres": {
                        "S": "Crime"
                    }
                }
            }
        },
        {
            "PutRequest": {
                "Item": {
                    "id": {
                        "S": "138250"
                    },
                    "title": {
                        "S": "Mysteries (1978)"
                    },
                    "genres": {
                        "S": "Drama|Mystery"
                    }
                }
            }
        },
        {
            "PutRequest": {
                "Item": {
                    "id": {
                        "S": "138252"
                    },
                    "title": {
                        "S": "Voodoo (1995)"
                    },
                    "genres": {
                        "S": "Horror|Thriller"
                    }
                }
            }
        },
        {
            "PutRequest": {
                "Item": {
                    "id": {
                        "S": "138254"
                    },
                    "title": {
                        "S": "Cold Feet (1989)"
                    },
                    "genres": {
                        "S": "Action|Comedy"
                    }
                }
            }
        },
        {
            "PutRequest": {
                "Item": {
                    "id": {
                        "S": "138256"
                    },
                    "title": {
                        "S": "X's & O's (2007)"
                    },
                    "genres": {
                        "S": "Comedy|Drama|Romance"
                    }
                }
            }
        },
        {
            "PutRequest": {
                "Item": {
                    "id": {
                        "S": "138258"
                    },
                    "title": {
                        "S": "Nasty Baby (2015)"
                    },
                    "genres": {
                        "S": "Drama"
                    }
                }
            }
        },
        {
            "PutRequest": {
                "Item": {
                    "id": {
                        "S": "138260"
                    },
                    "title": {
                        "S": "Bad Night (2015)"
                    },
                    "genres": {
                        "S": "Adventure"
                    }
                }
            }
        },
        {
            "PutRequest": {
                "Item": {
                    "id": {
                        "S": "138262"
                    },
                    "title": {
                        "S": "Maria My Love (2012)"
                    },
                    "genres": {
                        "S": "Drama"
                    }
                }
            }
        },
        {
            "PutRequest": {
                "Item": {
                    "id": {
                        "S": "138264"
                    },
                    "title": {
                        "S": "The Disturbance at Dinner (1998)"
                    },
                    "genres": {
                        "S": "Comedy|Romance"
                    }
                }
            }
        },
        {
            "PutRequest": {
                "Item": {
                    "id": {
                        "S": "138266"
                    },
                    "title": {
                        "S": "The Perfect Getaway (1998)"
                    },
                    "genres": {
                        "S": "(no genres listed)"
                    }
                }
            }
        },
        {
            "PutRequest": {
                "Item": {
                    "id": {
                        "S": "138268"
                    },
                    "title": {
                        "S": "Breaking the Silence (1992)"
                    },
                    "genres": {
                        "S": "Drama"
                    }
                }
            }
        },
        {
            "PutRequest": {
                "Item": {
                    "id": {
                        "S": "138270"
                    },
                    "title": {
                        "S": "Born to Be Sold (1981)"
                    },
                    "genres": {
                        "S": "Thriller"
                    }
                }
            }
        },
        {
            "PutRequest": {
                "Item": {
                    "id": {
                        "S": "138272"
                    },
                    "title": {
                        "S": "The Killing of Jacob Marr (2010)"
                    },
                    "genres": {
                        "S": "Horror"
                    }
                }
            }
        },
        {
            "PutRequest": {
                "Item": {
                    "id": {
                        "S": "138274"
                    },
                    "title": {
                        "S": "Love/Loss (2010)"
                    },
                    "genres": {
                        "S": "Children|Drama|Romance"
                    }
                }
            }
        }
    ]
}