{
    "movies": [
        {
            "PutRequest": {
                "Item": {
                    "id": {
                        "S": "142042"
                    },
                    "title": {
                        "S": "The Inextinguishable Fire (1969)"
                    },
                    "genres": {
                        "S": "(no genres listed)"
                    }
                }
            }
        },
        {
            "PutRequest": {
                "Item": {
                    "id": {
                        "S": "142044"
                    },
                    "title": {
                        "S": "Adrienn P\u00e1l (2011)"
                    },
                    "genres": {
                        "S": "Drama"
                    }
                }
            }
        },
        {
            "PutRequest": {
                "Item": {
                    "id": {
                        "S": "142046"
                    },
                    "title": {
                        "S": "The Fossil (1975)"
                    },
                    "genres": {
                        "S": "(no genres listed)"
                    }
                }
            }
        },
        {
            "PutRequest": {
                "Item": {
                    "id": {
                        "S": "142048"
                    },
                    "title": {
                        "S": "The Left Hand of the Law (1975)"
                    },
                    "genres": {
                        "S": "Crime"
                    }
                }
            }
        },
        {
            "PutRequest": {
                "Item": {
                    "id": {
                        "S": "142050"
                    },
                    "title": {
                        "S": "Too Much Johnson (1938)"
                    },
                    "genres": {
                        "S": "Comedy"
                    }
                }
            }
        },
        {
            "PutRequest": {
                "Item": {
                    "id": {
                        "S": "142052"
                    },
                    "title": {
                        "S": "The Key to Reserva (2007)"
                    },
                    "genres": {
                        "S": "Crime|Thriller"
                    }
                }
            }
        },
        {
            "PutRequest": {
                "Item": {
                    "id": {
                        "S": "142054"
                    },
                    "title": {
                        "S": "Picasso and Braque Go to the Movies (2010)"
                    },
                    "genres": {
                        "S": "Documentary"
                    }
                }
            }
        },
        {
            "PutRequest": {
                "Item": {
                    "id": {
                        "S": "142056"
                    },
                    "title": {
                        "S": "Iron Man & Hulk: Heroes United (2013)"
                    },
                    "genres": {
                        "S": "Action|Adventure|Animation"
                    }
                }
            }
        },
        {
            "PutRequest": {
                "Item": {
                    "id": {
                        "S": "142058"
                    },
                    "title": {
                        "S": "The Lorax (1972)"
                    },
                    "genres": {
                        "S": "Animation|Children"
                    }
                }
            }
        },
        {
            "PutRequest": {
                "Item": {
                    "id": {
                        "S": "142060"
                    },
                    "title": {
                        "S": "The Grinch Grinches the Cat in the Hat (1982)"
                    },
                    "genres": {
                        "S": "Animation|Children"
                    }
                }
            }
        },
        {
            "PutRequest": {
                "Item": {
                    "id": {
                        "S": "142062"
                    },
                    "title": {
                        "S": "The Infernal Cakewalk (1903)"
                    },
                    "genres": {
                        "S": "Comedy|Fantasy"
                    }
                }
            }
        },
        {
            "PutRequest": {
                "Item": {
                    "id": {
                        "S": "142064"
                    },
                    "title": {
                        "S": "La V\u00e9rit\u00e9 si je Mens ! 3 (2012)"
                    },
                    "genres": {
                        "S": "Comedy"
                    }
                }
            }
        },
        {
            "PutRequest": {
                "Item": {
                    "id": {
                        "S": "142066"
                    },
                    "title": {
                        "S": "La V\u00e9rit\u00e9 si je Mens ! 2 (2001)"
                    },
                    "genres": {
                        "S": "Comedy"
                    }
                }
            }
        },
        {
            "PutRequest": {
                "Item": {
                    "id": {
                        "S": "142068"
                    },
                    "title": {
                        "S": "Tiger Orange (2014)"
                    },
                    "genres": {
                        "S": "Drama"
                    }
                }
            }
        },
        {
            "PutRequest": {
                "Item": {
                    "id": {
                        "S": "142070"
                    },
                    "title": {
                        "S": "Jenny's Wedding (2015)"
                    },
                    "genres": {
                        "S": "Comedy|Drama"
                    }
                }
            }
        },
        {
            "PutRequest": {
                "Item": {
                    "id": {
                        "S": "142072"
                    },
                    "title": {
                        "S": "Bound to Vengeance (2015)"
                    },
                    "genres": {
                        "S": "Horror|Thriller"
                    }
                }
            }
        },
        {
            "PutRequest": {
                "Item": {
                    "id": {
                        "S": "142074"
                    },
                    "title": {
                        "S": "Knock Knock (2015)"
                    },
                    "genres": {
                        "S": "Crime|Horror|Thriller"
                    }
                }
            }
        },
        {
            "PutRequest": {
                "Item": {
                    "id": {
                        "S": "142076"
                    },
                    "title": {
                        "S": "Perfect Proposal (2015)"
                    },
                    "genres": {
                        "S": "Crime|Romance|Thriller"
                    }
                }
            }
        },
        {
            "PutRequest": {
                "Item": {
                    "id": {
                        "S": "142078"
                    },
                    "title": {
                        "S": "The Surface (2014)"
                    },
                    "genres": {
                        "S": "Drama|Thriller"
                    }
                }
            }
        },
        {
            "PutRequest": {
                "Item": {
                    "id": {
                        "S": "142080"
                    },
                    "title": {
                        "S": "The Conquest of Everest (1953)"
                    },
                    "genres": {
                        "S": "Documentary|Drama"
                    }
                }
            }
        },
        {
            "PutRequest": {
                "Item": {
                    "id": {
                        "S": "142082"
                    },
                    "title": {
                        "S": "The Nightmare (2015)"
                    },
                    "genres": {
                        "S": "Documentary"
                    }
                }
            }
        },
        {
            "PutRequest": {
                "Item": {
                    "id": {
                        "S": "142084"
                    },
                    "title": {
                        "S": "Welcome to Leith (2015)"
                    },
                    "genres": {
                        "S": "Documentary|Thriller"
                    }
                }
            }
        },
        {
            "PutRequest": {
                "Item": {
                    "id": {
                        "S": "142086"
                    },
                    "title": {
                        "S": "Fallen: The Beginning (2006)"
                    },
                    "genres": {
                        "S": "Action|Adventure|Children|Drama|Fantasy"
                    }
                }
            }
        },
        {
            "PutRequest": {
                "Item": {
                    "id": {
                        "S": "142088"
                    },
                    "title": {
                        "S": "The Crossing (2014)"
                    },
                    "genres": {
                        "S": "Drama"
                    }
                }
            }
        },
        {
            "PutRequest": {
                "Item": {
                    "id": {
                        "S": "142090"
                    },
                    "title": {
                        "S": "Noite Escura (2004)"
                    },
                    "genres": {
                        "S": "Crime|Drama"
                    }
                }
            }
        }
    ]
}