{
    "movies": [
        {
            "PutRequest": {
                "Item": {
                    "id": {
                        "S": "128185"
                    },
                    "title": {
                        "S": "Far North (1988)"
                    },
                    "genres": {
                        "S": "Drama"
                    }
                }
            }
        },
        {
            "PutRequest": {
                "Item": {
                    "id": {
                        "S": "128187"
                    },
                    "title": {
                        "S": "Freedom Song (2000)"
                    },
                    "genres": {
                        "S": "Drama"
                    }
                }
            }
        },
        {
            "PutRequest": {
                "Item": {
                    "id": {
                        "S": "128189"
                    },
                    "title": {
                        "S": "Ricco (1973)"
                    },
                    "genres": {
                        "S": "Action|Crime|Drama|Thriller"
                    }
                }
            }
        },
        {
            "PutRequest": {
                "Item": {
                    "id": {
                        "S": "128193"
                    },
                    "title": {
                        "S": "Greetings from Tim Buckley (2013)"
                    },
                    "genres": {
                        "S": "(no genres listed)"
                    }
                }
            }
        },
        {
            "PutRequest": {
                "Item": {
                    "id": {
                        "S": "128195"
                    },
                    "title": {
                        "S": "Griffin and Phoenix (1976)"
                    },
                    "genres": {
                        "S": "Drama"
                    }
                }
            }
        },
        {
            "PutRequest": {
                "Item": {
                    "id": {
                        "S": "128197"
                    },
                    "title": {
                        "S": "Hard Promises (1991)"
                    },
                    "genres": {
                        "S": "Comedy|Romance"
                    }
                }
            }
        },
        {
            "PutRequest": {
                "Item": {
                    "id": {
                        "S": "128199"
                    },
                    "title": {
                        "S": "Harry & Son (1984)"
                    },
                    "genres": {
                        "S": "Drama"
                    }
                }
            }
        },
        {
            "PutRequest": {
                "Item": {
                    "id": {
                        "S": "128201"
                    },
                    "title": {
                        "S": "Hercules (2005)"
                    },
                    "genres": {
                        "S": "Action|Adventure|Fantasy"
                    }
                }
            }
        },
        {
            "PutRequest": {
                "Item": {
                    "id": {
                        "S": "128203"
                    },
                    "title": {
                        "S": "Lightning, the White Stallion (1986)"
                    },
                    "genres": {
                        "S": "Adventure|Children"
                    }
                }
            }
        },
        {
            "PutRequest": {
                "Item": {
                    "id": {
                        "S": "128205"
                    },
                    "title": {
                        "S": "Little Monsters (2012)"
                    },
                    "genres": {
                        "S": "Children"
                    }
                }
            }
        },
        {
            "PutRequest": {
                "Item": {
                    "id": {
                        "S": "128209"
                    },
                    "title": {
                        "S": "Madison Avenue (1962)"
                    },
                    "genres": {
                        "S": "Drama"
                    }
                }
            }
        },
        {
            "PutRequest": {
                "Item": {
                    "id": {
                        "S": "128211"
                    },
                    "title": {
                        "S": "Pete's Meteor (2002)"
                    },
                    "genres": {
                        "S": "Drama"
                    }
                }
            }
        },
        {
            "PutRequest": {
                "Item": {
                    "id": {
                        "S": "128213"
                    },
                    "title": {
                        "S": "One Man's Justice (1996)"
                    },
                    "genres": {
                        "S": "Action|Thriller"
                    }
                }
            }
        },
        {
            "PutRequest": {
                "Item": {
                    "id": {
                        "S": "128215"
                    },
                    "title": {
                        "S": "Pulse (1988)"
                    },
                    "genres": {
                        "S": "Horror|Sci-Fi|Thriller"
                    }
                }
            }
        },
        {
            "PutRequest": {
                "Item": {
                    "id": {
                        "S": "128219"
                    },
                    "title": {
                        "S": "Return to Macon County (1975)"
                    },
                    "genres": {
                        "S": "(no genres listed)"
                    }
                }
            }
        },
        {
            "PutRequest": {
                "Item": {
                    "id": {
                        "S": "128221"
                    },
                    "title": {
                        "S": "Ride 'Em Cowboy (1942)"
                    },
                    "genres": {
                        "S": "Comedy|Western"
                    }
                }
            }
        },
        {
            "PutRequest": {
                "Item": {
                    "id": {
                        "S": "128223"
                    },
                    "title": {
                        "S": "Roadhouse 66 (1985)"
                    },
                    "genres": {
                        "S": "Action|Comedy"
                    }
                }
            }
        },
        {
            "PutRequest": {
                "Item": {
                    "id": {
                        "S": "128225"
                    },
                    "title": {
                        "S": "Angels Hard as They Come (1971)"
                    },
                    "genres": {
                        "S": "Action"
                    }
                }
            }
        },
        {
            "PutRequest": {
                "Item": {
                    "id": {
                        "S": "128227"
                    },
                    "title": {
                        "S": "Shadow (2010)"
                    },
                    "genres": {
                        "S": "Horror|Thriller"
                    }
                }
            }
        },
        {
            "PutRequest": {
                "Item": {
                    "id": {
                        "S": "128229"
                    },
                    "title": {
                        "S": "Shadow (1956)"
                    },
                    "genres": {
                        "S": "Action|Drama"
                    }
                }
            }
        },
        {
            "PutRequest": {
                "Item": {
                    "id": {
                        "S": "128231"
                    },
                    "title": {
                        "S": "Shadow (1971)"
                    },
                    "genres": {
                        "S": "Comedy|Drama|Fantasy|Romance"
                    }
                }
            }
        },
        {
            "PutRequest": {
                "Item": {
                    "id": {
                        "S": "128233"
                    },
                    "title": {
                        "S": "St. Louis Blues (1958)"
                    },
                    "genres": {
                        "S": "Drama"
                    }
                }
            }
        },
        {
            "PutRequest": {
                "Item": {
                    "id": {
                        "S": "128235"
                    },
                    "title": {
                        "S": "Stormy Weather (1943)"
                    },
                    "genres": {
                        "S": "Comedy|Documentary|Drama"
                    }
                }
            }
        },
        {
            "PutRequest": {
                "Item": {
                    "id": {
                        "S": "128237"
                    },
                    "title": {
                        "S": "Stormy Weather (2003)"
                    },
                    "genres": {
                        "S": "(no genres listed)"
                    }
                }
            }
        },
        {
            "PutRequest": {
                "Item": {
                    "id": {
                        "S": "128239"
                    },
                    "title": {
                        "S": "The Adventures of Hercules (1985)"
                    },
                    "genres": {
                        "S": "Comedy|Fantasy"
                    }
                }
            }
        }
    ]
}