{
    "movies": [
        {
            "PutRequest": {
                "Item": {
                    "id": {
                        "S": "137521"
                    },
                    "title": {
                        "S": "Girls for Rent (1974)"
                    },
                    "genres": {
                        "S": "Crime|Drama"
                    }
                }
            }
        },
        {
            "PutRequest": {
                "Item": {
                    "id": {
                        "S": "137523"
                    },
                    "title": {
                        "S": "Mean Mother (1974)"
                    },
                    "genres": {
                        "S": "Action|Drama"
                    }
                }
            }
        },
        {
            "PutRequest": {
                "Item": {
                    "id": {
                        "S": "137525"
                    },
                    "title": {
                        "S": "Dynamite Brothers (1974)"
                    },
                    "genres": {
                        "S": "Action|Comedy"
                    }
                }
            }
        },
        {
            "PutRequest": {
                "Item": {
                    "id": {
                        "S": "137527"
                    },
                    "title": {
                        "S": "Dracula vs. Frankenstein (1971)"
                    },
                    "genres": {
                        "S": "Horror|Sci-Fi"
                    }
                }
            }
        },
        {
            "PutRequest": {
                "Item": {
                    "id": {
                        "S": "137529"
                    },
                    "title": {
                        "S": "The Female Bunch (1971)"
                    },
                    "genres": {
                        "S": "Action|Crime|Drama|Western"
                    }
                }
            }
        },
        {
            "PutRequest": {
                "Item": {
                    "id": {
                        "S": "137531"
                    },
                    "title": {
                        "S": "Brain of Blood (1971)"
                    },
                    "genres": {
                        "S": "Horror|Sci-Fi"
                    }
                }
            }
        },
        {
            "PutRequest": {
                "Item": {
                    "id": {
                        "S": "137533"
                    },
                    "title": {
                        "S": "Hell's Bloody Devils (1970)"
                    },
                    "genres": {
                        "S": "Action|Crime|Drama"
                    }
                }
            }
        },
        {
            "PutRequest": {
                "Item": {
                    "id": {
                        "S": "137535"
                    },
                    "title": {
                        "S": "Five Bloody Graves (1969)"
                    },
                    "genres": {
                        "S": "Thriller|Western"
                    }
                }
            }
        },
        {
            "PutRequest": {
                "Item": {
                    "id": {
                        "S": "137537"
                    },
                    "title": {
                        "S": "Psycho a Go-Go (1965)"
                    },
                    "genres": {
                        "S": "Crime|Sci-Fi"
                    }
                }
            }
        },
        {
            "PutRequest": {
                "Item": {
                    "id": {
                        "S": "137541"
                    },
                    "title": {
                        "S": "Blood of Dracula's Castle (1969)"
                    },
                    "genres": {
                        "S": "Horror"
                    }
                }
            }
        },
        {
            "PutRequest": {
                "Item": {
                    "id": {
                        "S": "137543"
                    },
                    "title": {
                        "S": "Satan's Sadists (1969)"
                    },
                    "genres": {
                        "S": "Action|Drama|Thriller"
                    }
                }
            }
        },
        {
            "PutRequest": {
                "Item": {
                    "id": {
                        "S": "137547"
                    },
                    "title": {
                        "S": "Black Snake (1973)"
                    },
                    "genres": {
                        "S": "Adventure"
                    }
                }
            }
        },
        {
            "PutRequest": {
                "Item": {
                    "id": {
                        "S": "137549"
                    },
                    "title": {
                        "S": "Cherry, Harry & Raquel! (1970)"
                    },
                    "genres": {
                        "S": "Crime|Drama|Thriller"
                    }
                }
            }
        },
        {
            "PutRequest": {
                "Item": {
                    "id": {
                        "S": "137551"
                    },
                    "title": {
                        "S": "Finders Keepers, Lovers Weepers (1968)"
                    },
                    "genres": {
                        "S": "Crime|Drama"
                    }
                }
            }
        },
        {
            "PutRequest": {
                "Item": {
                    "id": {
                        "S": "137553"
                    },
                    "title": {
                        "S": "Common Law Cabin (1967)"
                    },
                    "genres": {
                        "S": "Comedy|Drama"
                    }
                }
            }
        },
        {
            "PutRequest": {
                "Item": {
                    "id": {
                        "S": "137555"
                    },
                    "title": {
                        "S": "Fanny Hill (1964)"
                    },
                    "genres": {
                        "S": "Comedy"
                    }
                }
            }
        },
        {
            "PutRequest": {
                "Item": {
                    "id": {
                        "S": "137557"
                    },
                    "title": {
                        "S": "The Immoral Mr. Teas (1959)"
                    },
                    "genres": {
                        "S": "Comedy"
                    }
                }
            }
        },
        {
            "PutRequest": {
                "Item": {
                    "id": {
                        "S": "137559"
                    },
                    "title": {
                        "S": "Good Morning... and Goodbye! (1967)"
                    },
                    "genres": {
                        "S": "Crime|Drama"
                    }
                }
            }
        },
        {
            "PutRequest": {
                "Item": {
                    "id": {
                        "S": "137561"
                    },
                    "title": {
                        "S": "Saturn in Opposition (2007)"
                    },
                    "genres": {
                        "S": "Drama"
                    }
                }
            }
        },
        {
            "PutRequest": {
                "Item": {
                    "id": {
                        "S": "137563"
                    },
                    "title": {
                        "S": "Stung (2015)"
                    },
                    "genres": {
                        "S": "Comedy|Horror"
                    }
                }
            }
        },
        {
            "PutRequest": {
                "Item": {
                    "id": {
                        "S": "137565"
                    },
                    "title": {
                        "S": "The Last Survivors (2014)"
                    },
                    "genres": {
                        "S": "Action|Thriller"
                    }
                }
            }
        },
        {
            "PutRequest": {
                "Item": {
                    "id": {
                        "S": "137570"
                    },
                    "title": {
                        "S": "Beloved Sisters (2014)"
                    },
                    "genres": {
                        "S": "Drama|Romance"
                    }
                }
            }
        },
        {
            "PutRequest": {
                "Item": {
                    "id": {
                        "S": "137572"
                    },
                    "title": {
                        "S": "Syksyll\u00e4 kaikki on toisin (1978)"
                    },
                    "genres": {
                        "S": "(no genres listed)"
                    }
                }
            }
        },
        {
            "PutRequest": {
                "Item": {
                    "id": {
                        "S": "137574"
                    },
                    "title": {
                        "S": "Helsinki, Forever (2008)"
                    },
                    "genres": {
                        "S": "(no genres listed)"
                    }
                }
            }
        },
        {
            "PutRequest": {
                "Item": {
                    "id": {
                        "S": "137576"
                    },
                    "title": {
                        "S": "Klunkerz (2006)"
                    },
                    "genres": {
                        "S": "(no genres listed)"
                    }
                }
            }
        }
    ]
}