{
    "movies": [
        {
            "PutRequest": {
                "Item": {
                    "id": {
                        "S": "132251"
                    },
                    "title": {
                        "S": "Halls of Anger (1970)"
                    },
                    "genres": {
                        "S": "Drama"
                    }
                }
            }
        },
        {
            "PutRequest": {
                "Item": {
                    "id": {
                        "S": "132253"
                    },
                    "title": {
                        "S": "Heathens and Thieves (2012)"
                    },
                    "genres": {
                        "S": "Action|Western"
                    }
                }
            }
        },
        {
            "PutRequest": {
                "Item": {
                    "id": {
                        "S": "132255"
                    },
                    "title": {
                        "S": "Honeymoon for Three (1941)"
                    },
                    "genres": {
                        "S": "Comedy"
                    }
                }
            }
        },
        {
            "PutRequest": {
                "Item": {
                    "id": {
                        "S": "132259"
                    },
                    "title": {
                        "S": "King Lear (1983)"
                    },
                    "genres": {
                        "S": "Drama"
                    }
                }
            }
        },
        {
            "PutRequest": {
                "Item": {
                    "id": {
                        "S": "132261"
                    },
                    "title": {
                        "S": "King Lear (1971)"
                    },
                    "genres": {
                        "S": "Drama"
                    }
                }
            }
        },
        {
            "PutRequest": {
                "Item": {
                    "id": {
                        "S": "132264"
                    },
                    "title": {
                        "S": "Man from Del Rio (1956)"
                    },
                    "genres": {
                        "S": "(no genres listed)"
                    }
                }
            }
        },
        {
            "PutRequest": {
                "Item": {
                    "id": {
                        "S": "132266"
                    },
                    "title": {
                        "S": "The Visual Bible: Matthew (1993)"
                    },
                    "genres": {
                        "S": "(no genres listed)"
                    }
                }
            }
        },
        {
            "PutRequest": {
                "Item": {
                    "id": {
                        "S": "132268"
                    },
                    "title": {
                        "S": "Miranda (1985)"
                    },
                    "genres": {
                        "S": "Comedy|Romance"
                    }
                }
            }
        },
        {
            "PutRequest": {
                "Item": {
                    "id": {
                        "S": "132270"
                    },
                    "title": {
                        "S": "Muffin Top: A Love Story (2014)"
                    },
                    "genres": {
                        "S": "Comedy|Romance"
                    }
                }
            }
        },
        {
            "PutRequest": {
                "Item": {
                    "id": {
                        "S": "132272"
                    },
                    "title": {
                        "S": "Mutant Hunt (1987)"
                    },
                    "genres": {
                        "S": "Action|Horror|Sci-Fi|Thriller"
                    }
                }
            }
        },
        {
            "PutRequest": {
                "Item": {
                    "id": {
                        "S": "132275"
                    },
                    "title": {
                        "S": "Born in Absurdistan (1999)"
                    },
                    "genres": {
                        "S": "Comedy"
                    }
                }
            }
        },
        {
            "PutRequest": {
                "Item": {
                    "id": {
                        "S": "132278"
                    },
                    "title": {
                        "S": "Nightmares (1980)"
                    },
                    "genres": {
                        "S": "Horror"
                    }
                }
            }
        },
        {
            "PutRequest": {
                "Item": {
                    "id": {
                        "S": "132280"
                    },
                    "title": {
                        "S": "Rico, Oskar und die Tieferschatten (2014)"
                    },
                    "genres": {
                        "S": "Adventure|Children|Comedy"
                    }
                }
            }
        },
        {
            "PutRequest": {
                "Item": {
                    "id": {
                        "S": "132282"
                    },
                    "title": {
                        "S": "The Brave Bulls (1951)"
                    },
                    "genres": {
                        "S": "(no genres listed)"
                    }
                }
            }
        },
        {
            "PutRequest": {
                "Item": {
                    "id": {
                        "S": "132284"
                    },
                    "title": {
                        "S": "The Duke Is Tops (1938)"
                    },
                    "genres": {
                        "S": "(no genres listed)"
                    }
                }
            }
        },
        {
            "PutRequest": {
                "Item": {
                    "id": {
                        "S": "132286"
                    },
                    "title": {
                        "S": "About a Girl (2014)"
                    },
                    "genres": {
                        "S": "Comedy"
                    }
                }
            }
        },
        {
            "PutRequest": {
                "Item": {
                    "id": {
                        "S": "132288"
                    },
                    "title": {
                        "S": "The Maltese Bippy (1969)"
                    },
                    "genres": {
                        "S": "(no genres listed)"
                    }
                }
            }
        },
        {
            "PutRequest": {
                "Item": {
                    "id": {
                        "S": "132290"
                    },
                    "title": {
                        "S": "The Outsider (1961)"
                    },
                    "genres": {
                        "S": "Drama|War"
                    }
                }
            }
        },
        {
            "PutRequest": {
                "Item": {
                    "id": {
                        "S": "132292"
                    },
                    "title": {
                        "S": "The Outsider (1980)"
                    },
                    "genres": {
                        "S": "Drama"
                    }
                }
            }
        },
        {
            "PutRequest": {
                "Item": {
                    "id": {
                        "S": "132294"
                    },
                    "title": {
                        "S": "Watchers II (1990)"
                    },
                    "genres": {
                        "S": "Horror|Sci-Fi"
                    }
                }
            }
        },
        {
            "PutRequest": {
                "Item": {
                    "id": {
                        "S": "132296"
                    },
                    "title": {
                        "S": "The Outsider (1981)"
                    },
                    "genres": {
                        "S": "Drama"
                    }
                }
            }
        },
        {
            "PutRequest": {
                "Item": {
                    "id": {
                        "S": "132298"
                    },
                    "title": {
                        "S": "The Outsider (2005)"
                    },
                    "genres": {
                        "S": "(no genres listed)"
                    }
                }
            }
        },
        {
            "PutRequest": {
                "Item": {
                    "id": {
                        "S": "132300"
                    },
                    "title": {
                        "S": "The Strangler (1972)"
                    },
                    "genres": {
                        "S": "Drama"
                    }
                }
            }
        },
        {
            "PutRequest": {
                "Item": {
                    "id": {
                        "S": "132302"
                    },
                    "title": {
                        "S": "The System (1953)"
                    },
                    "genres": {
                        "S": "Crime"
                    }
                }
            }
        },
        {
            "PutRequest": {
                "Item": {
                    "id": {
                        "S": "132305"
                    },
                    "title": {
                        "S": "Three Hours to Kill (1954)"
                    },
                    "genres": {
                        "S": "(no genres listed)"
                    }
                }
            }
        }
    ]
}