{
    "movies": [
        {
            "PutRequest": {
                "Item": {
                    "id": {
                        "S": "140974"
                    },
                    "title": {
                        "S": "Star Spangled Girl (1971)"
                    },
                    "genres": {
                        "S": "Comedy"
                    }
                }
            }
        },
        {
            "PutRequest": {
                "Item": {
                    "id": {
                        "S": "140976"
                    },
                    "title": {
                        "S": "Supersonic Man (1979)"
                    },
                    "genres": {
                        "S": "Adventure|Comedy|Fantasy"
                    }
                }
            }
        },
        {
            "PutRequest": {
                "Item": {
                    "id": {
                        "S": "140978"
                    },
                    "title": {
                        "S": "No, The Case Is Happily Resolved (1973)"
                    },
                    "genres": {
                        "S": "Crime"
                    }
                }
            }
        },
        {
            "PutRequest": {
                "Item": {
                    "id": {
                        "S": "140982"
                    },
                    "title": {
                        "S": "The Lonely Violent Beach (1971)"
                    },
                    "genres": {
                        "S": "Crime|Thriller"
                    }
                }
            }
        },
        {
            "PutRequest": {
                "Item": {
                    "id": {
                        "S": "140984"
                    },
                    "title": {
                        "S": "Final Accord (1936)"
                    },
                    "genres": {
                        "S": "Drama"
                    }
                }
            }
        },
        {
            "PutRequest": {
                "Item": {
                    "id": {
                        "S": "140986"
                    },
                    "title": {
                        "S": "Pillars of Society (1935)"
                    },
                    "genres": {
                        "S": "Drama"
                    }
                }
            }
        },
        {
            "PutRequest": {
                "Item": {
                    "id": {
                        "S": "140988"
                    },
                    "title": {
                        "S": "The Girl from the Marsh Croft (1935)"
                    },
                    "genres": {
                        "S": "(no genres listed)"
                    }
                }
            }
        },
        {
            "PutRequest": {
                "Item": {
                    "id": {
                        "S": "140990"
                    },
                    "title": {
                        "S": "Habanera, La (1937)"
                    },
                    "genres": {
                        "S": "Drama"
                    }
                }
            }
        },
        {
            "PutRequest": {
                "Item": {
                    "id": {
                        "S": "140992"
                    },
                    "title": {
                        "S": "Deck the Halls (2011)"
                    },
                    "genres": {
                        "S": "Drama|Mystery"
                    }
                }
            }
        },
        {
            "PutRequest": {
                "Item": {
                    "id": {
                        "S": "140994"
                    },
                    "title": {
                        "S": "One. Two. One (2011)"
                    },
                    "genres": {
                        "S": "(no genres listed)"
                    }
                }
            }
        },
        {
            "PutRequest": {
                "Item": {
                    "id": {
                        "S": "140996"
                    },
                    "title": {
                        "S": "Cure: The Life of Another (2014)"
                    },
                    "genres": {
                        "S": "Mystery|Thriller|War"
                    }
                }
            }
        },
        {
            "PutRequest": {
                "Item": {
                    "id": {
                        "S": "141000"
                    },
                    "title": {
                        "S": "Library Wars (2013)"
                    },
                    "genres": {
                        "S": "Action|Drama|Fantasy"
                    }
                }
            }
        },
        {
            "PutRequest": {
                "Item": {
                    "id": {
                        "S": "141002"
                    },
                    "title": {
                        "S": "Ditto (2000)"
                    },
                    "genres": {
                        "S": "Drama|Fantasy|Romance|Sci-Fi"
                    }
                }
            }
        },
        {
            "PutRequest": {
                "Item": {
                    "id": {
                        "S": "141004"
                    },
                    "title": {
                        "S": "Victor Frankenstein (2015)"
                    },
                    "genres": {
                        "S": "Drama|Horror|Sci-Fi"
                    }
                }
            }
        },
        {
            "PutRequest": {
                "Item": {
                    "id": {
                        "S": "141006"
                    },
                    "title": {
                        "S": "Rembetiko (1982)"
                    },
                    "genres": {
                        "S": "Drama"
                    }
                }
            }
        },
        {
            "PutRequest": {
                "Item": {
                    "id": {
                        "S": "141008"
                    },
                    "title": {
                        "S": "Sholem Aleichem: Laughing In The Darkness (2012)"
                    },
                    "genres": {
                        "S": "Documentary"
                    }
                }
            }
        },
        {
            "PutRequest": {
                "Item": {
                    "id": {
                        "S": "141010"
                    },
                    "title": {
                        "S": "Broadway Musicals: A Jewish Legacy (2013)"
                    },
                    "genres": {
                        "S": "Documentary"
                    }
                }
            }
        },
        {
            "PutRequest": {
                "Item": {
                    "id": {
                        "S": "141012"
                    },
                    "title": {
                        "S": "The Fall of the Essex Boys (2012)"
                    },
                    "genres": {
                        "S": "Crime"
                    }
                }
            }
        },
        {
            "PutRequest": {
                "Item": {
                    "id": {
                        "S": "141014"
                    },
                    "title": {
                        "S": "Every Little Thing (1997)"
                    },
                    "genres": {
                        "S": "(no genres listed)"
                    }
                }
            }
        },
        {
            "PutRequest": {
                "Item": {
                    "id": {
                        "S": "141016"
                    },
                    "title": {
                        "S": "Three Miles North of Molkom (2008)"
                    },
                    "genres": {
                        "S": "Documentary"
                    }
                }
            }
        },
        {
            "PutRequest": {
                "Item": {
                    "id": {
                        "S": "141018"
                    },
                    "title": {
                        "S": "Animalympics (1980)"
                    },
                    "genres": {
                        "S": "Animation|Comedy"
                    }
                }
            }
        },
        {
            "PutRequest": {
                "Item": {
                    "id": {
                        "S": "141020"
                    },
                    "title": {
                        "S": "Attention les yeux ! (1976)"
                    },
                    "genres": {
                        "S": "(no genres listed)"
                    }
                }
            }
        },
        {
            "PutRequest": {
                "Item": {
                    "id": {
                        "S": "141022"
                    },
                    "title": {
                        "S": "Sfrattato cerca casa equo canone (1983)"
                    },
                    "genres": {
                        "S": "Comedy"
                    }
                }
            }
        },
        {
            "PutRequest": {
                "Item": {
                    "id": {
                        "S": "141026"
                    },
                    "title": {
                        "S": "The Nurse in the Military Madhouse (1979)"
                    },
                    "genres": {
                        "S": "Comedy"
                    }
                }
            }
        },
        {
            "PutRequest": {
                "Item": {
                    "id": {
                        "S": "141028"
                    },
                    "title": {
                        "S": "L'infermiera di notte (1979)"
                    },
                    "genres": {
                        "S": "Comedy"
                    }
                }
            }
        }
    ]
}