{
    "movies": [
        {
            "PutRequest": {
                "Item": {
                    "id": {
                        "S": "133718"
                    },
                    "title": {
                        "S": "Garpastum (2005)"
                    },
                    "genres": {
                        "S": "(no genres listed)"
                    }
                }
            }
        },
        {
            "PutRequest": {
                "Item": {
                    "id": {
                        "S": "133720"
                    },
                    "title": {
                        "S": "You Don't Choose Your Family (2011)"
                    },
                    "genres": {
                        "S": "Adventure|Comedy"
                    }
                }
            }
        },
        {
            "PutRequest": {
                "Item": {
                    "id": {
                        "S": "133722"
                    },
                    "title": {
                        "S": "Persecuted (2014)"
                    },
                    "genres": {
                        "S": "Action|Adventure|Drama|Thriller"
                    }
                }
            }
        },
        {
            "PutRequest": {
                "Item": {
                    "id": {
                        "S": "133724"
                    },
                    "title": {
                        "S": "The Dorm (2014)"
                    },
                    "genres": {
                        "S": "Horror|Thriller"
                    }
                }
            }
        },
        {
            "PutRequest": {
                "Item": {
                    "id": {
                        "S": "133727"
                    },
                    "title": {
                        "S": "Susie's Hope (2013)"
                    },
                    "genres": {
                        "S": "(no genres listed)"
                    }
                }
            }
        },
        {
            "PutRequest": {
                "Item": {
                    "id": {
                        "S": "133729"
                    },
                    "title": {
                        "S": "Sleepaway Camp III: Teenage Wasteland (1989)"
                    },
                    "genres": {
                        "S": "Comedy|Horror"
                    }
                }
            }
        },
        {
            "PutRequest": {
                "Item": {
                    "id": {
                        "S": "133731"
                    },
                    "title": {
                        "S": "After (2012)"
                    },
                    "genres": {
                        "S": "Mystery|Thriller"
                    }
                }
            }
        },
        {
            "PutRequest": {
                "Item": {
                    "id": {
                        "S": "133733"
                    },
                    "title": {
                        "S": "The hands (2006)"
                    },
                    "genres": {
                        "S": "Drama"
                    }
                }
            }
        },
        {
            "PutRequest": {
                "Item": {
                    "id": {
                        "S": "133735"
                    },
                    "title": {
                        "S": "Betty Blowtorch: And Her Amazing True Life Adventures (2003)"
                    },
                    "genres": {
                        "S": "Documentary"
                    }
                }
            }
        },
        {
            "PutRequest": {
                "Item": {
                    "id": {
                        "S": "133737"
                    },
                    "title": {
                        "S": "Design Is One (2012)"
                    },
                    "genres": {
                        "S": "Documentary"
                    }
                }
            }
        },
        {
            "PutRequest": {
                "Item": {
                    "id": {
                        "S": "133739"
                    },
                    "title": {
                        "S": "Lenin's Guard (1965)"
                    },
                    "genres": {
                        "S": "Drama"
                    }
                }
            }
        },
        {
            "PutRequest": {
                "Item": {
                    "id": {
                        "S": "133741"
                    },
                    "title": {
                        "S": "The Cold Summer of 1953 (1988)"
                    },
                    "genres": {
                        "S": "Action|Crime|Drama"
                    }
                }
            }
        },
        {
            "PutRequest": {
                "Item": {
                    "id": {
                        "S": "133743"
                    },
                    "title": {
                        "S": "Kokoko (2012)"
                    },
                    "genres": {
                        "S": "(no genres listed)"
                    }
                }
            }
        },
        {
            "PutRequest": {
                "Item": {
                    "id": {
                        "S": "133745"
                    },
                    "title": {
                        "S": "The Ransom of Red Chief (1998)"
                    },
                    "genres": {
                        "S": "Action|Children|Comedy|Drama"
                    }
                }
            }
        },
        {
            "PutRequest": {
                "Item": {
                    "id": {
                        "S": "133747"
                    },
                    "title": {
                        "S": "Monsters: Dark Continent (2014)"
                    },
                    "genres": {
                        "S": "Drama|Sci-Fi|Thriller"
                    }
                }
            }
        },
        {
            "PutRequest": {
                "Item": {
                    "id": {
                        "S": "133749"
                    },
                    "title": {
                        "S": "Reminiscence (2014)"
                    },
                    "genres": {
                        "S": "Horror|Thriller"
                    }
                }
            }
        },
        {
            "PutRequest": {
                "Item": {
                    "id": {
                        "S": "133751"
                    },
                    "title": {
                        "S": "Shatter (1974)"
                    },
                    "genres": {
                        "S": "Action|Thriller"
                    }
                }
            }
        },
        {
            "PutRequest": {
                "Item": {
                    "id": {
                        "S": "133753"
                    },
                    "title": {
                        "S": "Teacher of the Year (2015)"
                    },
                    "genres": {
                        "S": "Comedy"
                    }
                }
            }
        },
        {
            "PutRequest": {
                "Item": {
                    "id": {
                        "S": "133755"
                    },
                    "title": {
                        "S": "Nightmare Honeymoon (1974)"
                    },
                    "genres": {
                        "S": "Crime|Horror"
                    }
                }
            }
        },
        {
            "PutRequest": {
                "Item": {
                    "id": {
                        "S": "133757"
                    },
                    "title": {
                        "S": "The Happening (1967)"
                    },
                    "genres": {
                        "S": "Comedy"
                    }
                }
            }
        },
        {
            "PutRequest": {
                "Item": {
                    "id": {
                        "S": "133759"
                    },
                    "title": {
                        "S": "Eyeborgs (2009)"
                    },
                    "genres": {
                        "S": "Action|Adventure|Sci-Fi|Thriller"
                    }
                }
            }
        },
        {
            "PutRequest": {
                "Item": {
                    "id": {
                        "S": "133761"
                    },
                    "title": {
                        "S": "The Mountain Road (1960)"
                    },
                    "genres": {
                        "S": "Drama|War"
                    }
                }
            }
        },
        {
            "PutRequest": {
                "Item": {
                    "id": {
                        "S": "133763"
                    },
                    "title": {
                        "S": "Away and Back (2015)"
                    },
                    "genres": {
                        "S": "Drama"
                    }
                }
            }
        },
        {
            "PutRequest": {
                "Item": {
                    "id": {
                        "S": "133765"
                    },
                    "title": {
                        "S": "Solo para dos (2013)"
                    },
                    "genres": {
                        "S": "(no genres listed)"
                    }
                }
            }
        },
        {
            "PutRequest": {
                "Item": {
                    "id": {
                        "S": "133767"
                    },
                    "title": {
                        "S": "Andaz Apna Apna (1994)"
                    },
                    "genres": {
                        "S": "Comedy|Drama|Romance"
                    }
                }
            }
        }
    ]
}