{
    "movies": [
        {
            "PutRequest": {
                "Item": {
                    "id": {
                        "S": "138837"
                    },
                    "title": {
                        "S": "Roadblock (1951)"
                    },
                    "genres": {
                        "S": "Crime"
                    }
                }
            }
        },
        {
            "PutRequest": {
                "Item": {
                    "id": {
                        "S": "138839"
                    },
                    "title": {
                        "S": "Detour (1998)"
                    },
                    "genres": {
                        "S": "Action|Crime|Drama|Thriller"
                    }
                }
            }
        },
        {
            "PutRequest": {
                "Item": {
                    "id": {
                        "S": "138842"
                    },
                    "title": {
                        "S": "National Lampoon Presents: Surf Party (2013)"
                    },
                    "genres": {
                        "S": "Comedy"
                    }
                }
            }
        },
        {
            "PutRequest": {
                "Item": {
                    "id": {
                        "S": "138844"
                    },
                    "title": {
                        "S": "Surf Party (1964)"
                    },
                    "genres": {
                        "S": "Comedy"
                    }
                }
            }
        },
        {
            "PutRequest": {
                "Item": {
                    "id": {
                        "S": "138846"
                    },
                    "title": {
                        "S": "Svengali (2013)"
                    },
                    "genres": {
                        "S": "Comedy"
                    }
                }
            }
        },
        {
            "PutRequest": {
                "Item": {
                    "id": {
                        "S": "138848"
                    },
                    "title": {
                        "S": "Svengali (1983)"
                    },
                    "genres": {
                        "S": "(no genres listed)"
                    }
                }
            }
        },
        {
            "PutRequest": {
                "Item": {
                    "id": {
                        "S": "138850"
                    },
                    "title": {
                        "S": "Svengali (1954)"
                    },
                    "genres": {
                        "S": "Drama|Romance|Thriller"
                    }
                }
            }
        },
        {
            "PutRequest": {
                "Item": {
                    "id": {
                        "S": "138852"
                    },
                    "title": {
                        "S": "The Revengers' Comedies (1998)"
                    },
                    "genres": {
                        "S": "Comedy|Crime|Romance"
                    }
                }
            }
        },
        {
            "PutRequest": {
                "Item": {
                    "id": {
                        "S": "138854"
                    },
                    "title": {
                        "S": "Sweet Revenge (1976)"
                    },
                    "genres": {
                        "S": "Comedy|Crime"
                    }
                }
            }
        },
        {
            "PutRequest": {
                "Item": {
                    "id": {
                        "S": "138856"
                    },
                    "title": {
                        "S": "Sweet Revenge (1987)"
                    },
                    "genres": {
                        "S": "Action|Adventure|Drama|Thriller"
                    }
                }
            }
        },
        {
            "PutRequest": {
                "Item": {
                    "id": {
                        "S": "138858"
                    },
                    "title": {
                        "S": "Sweet Revenge (1984)"
                    },
                    "genres": {
                        "S": "Drama"
                    }
                }
            }
        },
        {
            "PutRequest": {
                "Item": {
                    "id": {
                        "S": "138863"
                    },
                    "title": {
                        "S": "The Big Broadcast of 1936 (1935)"
                    },
                    "genres": {
                        "S": "(no genres listed)"
                    }
                }
            }
        },
        {
            "PutRequest": {
                "Item": {
                    "id": {
                        "S": "138868"
                    },
                    "title": {
                        "S": "The Dream Team (2012)"
                    },
                    "genres": {
                        "S": "Comedy|Drama|Romance"
                    }
                }
            }
        },
        {
            "PutRequest": {
                "Item": {
                    "id": {
                        "S": "138870"
                    },
                    "title": {
                        "S": "The Dream Team (2012)"
                    },
                    "genres": {
                        "S": "Documentary"
                    }
                }
            }
        },
        {
            "PutRequest": {
                "Item": {
                    "id": {
                        "S": "138874"
                    },
                    "title": {
                        "S": "The Escape (1998)"
                    },
                    "genres": {
                        "S": "Action|Adventure"
                    }
                }
            }
        },
        {
            "PutRequest": {
                "Item": {
                    "id": {
                        "S": "138876"
                    },
                    "title": {
                        "S": "The Escape (2009)"
                    },
                    "genres": {
                        "S": "Drama|Thriller"
                    }
                }
            }
        },
        {
            "PutRequest": {
                "Item": {
                    "id": {
                        "S": "138878"
                    },
                    "title": {
                        "S": "La Fuga (2001)"
                    },
                    "genres": {
                        "S": "Crime|Drama|Thriller"
                    }
                }
            }
        },
        {
            "PutRequest": {
                "Item": {
                    "id": {
                        "S": "138881"
                    },
                    "title": {
                        "S": "Deadlands 2: Trapped (2008)"
                    },
                    "genres": {
                        "S": "Horror|Sci-Fi|Thriller"
                    }
                }
            }
        },
        {
            "PutRequest": {
                "Item": {
                    "id": {
                        "S": "138885"
                    },
                    "title": {
                        "S": "The Great Van Robbery (1959)"
                    },
                    "genres": {
                        "S": "(no genres listed)"
                    }
                }
            }
        },
        {
            "PutRequest": {
                "Item": {
                    "id": {
                        "S": "138890"
                    },
                    "title": {
                        "S": "The Magician (1926)"
                    },
                    "genres": {
                        "S": "Drama|Romance"
                    }
                }
            }
        },
        {
            "PutRequest": {
                "Item": {
                    "id": {
                        "S": "138892"
                    },
                    "title": {
                        "S": "The Magician (2005)"
                    },
                    "genres": {
                        "S": "Comedy|Drama"
                    }
                }
            }
        },
        {
            "PutRequest": {
                "Item": {
                    "id": {
                        "S": "138894"
                    },
                    "title": {
                        "S": "El Mago (1949)"
                    },
                    "genres": {
                        "S": "(no genres listed)"
                    }
                }
            }
        },
        {
            "PutRequest": {
                "Item": {
                    "id": {
                        "S": "138896"
                    },
                    "title": {
                        "S": "Tarot (1973)"
                    },
                    "genres": {
                        "S": "Thriller"
                    }
                }
            }
        },
        {
            "PutRequest": {
                "Item": {
                    "id": {
                        "S": "138898"
                    },
                    "title": {
                        "S": "Hokkabaz (2006)"
                    },
                    "genres": {
                        "S": "Comedy|Drama"
                    }
                }
            }
        },
        {
            "PutRequest": {
                "Item": {
                    "id": {
                        "S": "138904"
                    },
                    "title": {
                        "S": "The Phantom of Paris (1931)"
                    },
                    "genres": {
                        "S": "Drama|Mystery"
                    }
                }
            }
        }
    ]
}