{
    "movies": [
        {
            "PutRequest": {
                "Item": {
                    "id": {
                        "S": "142200"
                    },
                    "title": {
                        "S": "Jersey Shore Massacre (2014)"
                    },
                    "genres": {
                        "S": "Comedy|Horror"
                    }
                }
            }
        },
        {
            "PutRequest": {
                "Item": {
                    "id": {
                        "S": "142202"
                    },
                    "title": {
                        "S": "Rise of the Animals (2012)"
                    },
                    "genres": {
                        "S": "Adventure|Comedy|Horror"
                    }
                }
            }
        },
        {
            "PutRequest": {
                "Item": {
                    "id": {
                        "S": "142204"
                    },
                    "title": {
                        "S": "Twitches Too (2007)"
                    },
                    "genres": {
                        "S": "Children|Drama|Fantasy"
                    }
                }
            }
        },
        {
            "PutRequest": {
                "Item": {
                    "id": {
                        "S": "142206"
                    },
                    "title": {
                        "S": "The House of Usher (2007)"
                    },
                    "genres": {
                        "S": "Drama|Horror|Thriller"
                    }
                }
            }
        },
        {
            "PutRequest": {
                "Item": {
                    "id": {
                        "S": "142210"
                    },
                    "title": {
                        "S": "The Beauty Inside (2015)"
                    },
                    "genres": {
                        "S": "Fantasy|Romance"
                    }
                }
            }
        },
        {
            "PutRequest": {
                "Item": {
                    "id": {
                        "S": "142212"
                    },
                    "title": {
                        "S": "Life (2015)"
                    },
                    "genres": {
                        "S": "Drama"
                    }
                }
            }
        },
        {
            "PutRequest": {
                "Item": {
                    "id": {
                        "S": "142214"
                    },
                    "title": {
                        "S": "Children of God: Lost and Found (2007)"
                    },
                    "genres": {
                        "S": "(no genres listed)"
                    }
                }
            }
        },
        {
            "PutRequest": {
                "Item": {
                    "id": {
                        "S": "142216"
                    },
                    "title": {
                        "S": "Pourquoi Israel (1973)"
                    },
                    "genres": {
                        "S": "Documentary"
                    }
                }
            }
        },
        {
            "PutRequest": {
                "Item": {
                    "id": {
                        "S": "142218"
                    },
                    "title": {
                        "S": "Daddy or Mommy (2015)"
                    },
                    "genres": {
                        "S": "Comedy"
                    }
                }
            }
        },
        {
            "PutRequest": {
                "Item": {
                    "id": {
                        "S": "142222"
                    },
                    "title": {
                        "S": "Demolition (2016)"
                    },
                    "genres": {
                        "S": "Drama"
                    }
                }
            }
        },
        {
            "PutRequest": {
                "Item": {
                    "id": {
                        "S": "142224"
                    },
                    "title": {
                        "S": "Club Life (2015)"
                    },
                    "genres": {
                        "S": "Drama"
                    }
                }
            }
        },
        {
            "PutRequest": {
                "Item": {
                    "id": {
                        "S": "142226"
                    },
                    "title": {
                        "S": "Listening (2015)"
                    },
                    "genres": {
                        "S": "Sci-Fi"
                    }
                }
            }
        },
        {
            "PutRequest": {
                "Item": {
                    "id": {
                        "S": "142228"
                    },
                    "title": {
                        "S": "12 Rounds 3: Lockdown (2015)"
                    },
                    "genres": {
                        "S": "Action"
                    }
                }
            }
        },
        {
            "PutRequest": {
                "Item": {
                    "id": {
                        "S": "142230"
                    },
                    "title": {
                        "S": "Beyond Darkness (1990)"
                    },
                    "genres": {
                        "S": "Horror|Thriller"
                    }
                }
            }
        },
        {
            "PutRequest": {
                "Item": {
                    "id": {
                        "S": "142232"
                    },
                    "title": {
                        "S": "Eden Lodge (2015)"
                    },
                    "genres": {
                        "S": "Horror|Thriller"
                    }
                }
            }
        },
        {
            "PutRequest": {
                "Item": {
                    "id": {
                        "S": "142234"
                    },
                    "title": {
                        "S": "Our Man in Tehran (2015)"
                    },
                    "genres": {
                        "S": "Documentary"
                    }
                }
            }
        },
        {
            "PutRequest": {
                "Item": {
                    "id": {
                        "S": "142236"
                    },
                    "title": {
                        "S": "Robert the Doll (2015)"
                    },
                    "genres": {
                        "S": "Horror"
                    }
                }
            }
        },
        {
            "PutRequest": {
                "Item": {
                    "id": {
                        "S": "142238"
                    },
                    "title": {
                        "S": "Frau M\u00fcller muss weg (2015)"
                    },
                    "genres": {
                        "S": "Comedy"
                    }
                }
            }
        },
        {
            "PutRequest": {
                "Item": {
                    "id": {
                        "S": "142240"
                    },
                    "title": {
                        "S": "Romeos (2011)"
                    },
                    "genres": {
                        "S": "Drama"
                    }
                }
            }
        },
        {
            "PutRequest": {
                "Item": {
                    "id": {
                        "S": "142242"
                    },
                    "title": {
                        "S": "Gun Hill Road (2011)"
                    },
                    "genres": {
                        "S": "Drama"
                    }
                }
            }
        },
        {
            "PutRequest": {
                "Item": {
                    "id": {
                        "S": "142244"
                    },
                    "title": {
                        "S": "Middle Sexes: Redefining He and She (2005)"
                    },
                    "genres": {
                        "S": "Documentary"
                    }
                }
            }
        },
        {
            "PutRequest": {
                "Item": {
                    "id": {
                        "S": "142246"
                    },
                    "title": {
                        "S": "American Poltergeist (2015)"
                    },
                    "genres": {
                        "S": "Thriller"
                    }
                }
            }
        },
        {
            "PutRequest": {
                "Item": {
                    "id": {
                        "S": "142248"
                    },
                    "title": {
                        "S": "The Cutting Room (2015)"
                    },
                    "genres": {
                        "S": "Horror"
                    }
                }
            }
        },
        {
            "PutRequest": {
                "Item": {
                    "id": {
                        "S": "142250"
                    },
                    "title": {
                        "S": "Asylum of Satan (1972)"
                    },
                    "genres": {
                        "S": "Horror"
                    }
                }
            }
        },
        {
            "PutRequest": {
                "Item": {
                    "id": {
                        "S": "142252"
                    },
                    "title": {
                        "S": "Project: Kill (1976)"
                    },
                    "genres": {
                        "S": "Action|Drama"
                    }
                }
            }
        }
    ]
}