{
    "movies": [
        {
            "PutRequest": {
                "Item": {
                    "id": {
                        "S": "143251"
                    },
                    "title": {
                        "S": "Red Passport (2003)"
                    },
                    "genres": {
                        "S": "Crime|Drama"
                    }
                }
            }
        },
        {
            "PutRequest": {
                "Item": {
                    "id": {
                        "S": "143253"
                    },
                    "title": {
                        "S": "Food Chains (2014)"
                    },
                    "genres": {
                        "S": "Documentary"
                    }
                }
            }
        },
        {
            "PutRequest": {
                "Item": {
                    "id": {
                        "S": "143255"
                    },
                    "title": {
                        "S": "Narcopolis (2014)"
                    },
                    "genres": {
                        "S": "Mystery|Sci-Fi|Thriller"
                    }
                }
            }
        },
        {
            "PutRequest": {
                "Item": {
                    "id": {
                        "S": "143257"
                    },
                    "title": {
                        "S": "Ashby (2015)"
                    },
                    "genres": {
                        "S": "Comedy|Drama"
                    }
                }
            }
        },
        {
            "PutRequest": {
                "Item": {
                    "id": {
                        "S": "143259"
                    },
                    "title": {
                        "S": "4Got10 (2015)"
                    },
                    "genres": {
                        "S": "(no genres listed)"
                    }
                }
            }
        },
        {
            "PutRequest": {
                "Item": {
                    "id": {
                        "S": "143261"
                    },
                    "title": {
                        "S": "Battle of the Godfathers (1973)"
                    },
                    "genres": {
                        "S": "Action|Drama"
                    }
                }
            }
        },
        {
            "PutRequest": {
                "Item": {
                    "id": {
                        "S": "143263"
                    },
                    "title": {
                        "S": "Lucky Luciano (1973)"
                    },
                    "genres": {
                        "S": "Crime|Drama"
                    }
                }
            }
        },
        {
            "PutRequest": {
                "Item": {
                    "id": {
                        "S": "143265"
                    },
                    "title": {
                        "S": "Phil the Alien (2004)"
                    },
                    "genres": {
                        "S": "Action|Comedy|Sci-Fi"
                    }
                }
            }
        },
        {
            "PutRequest": {
                "Item": {
                    "id": {
                        "S": "143267"
                    },
                    "title": {
                        "S": "Beyond Atlantis (1973)"
                    },
                    "genres": {
                        "S": "Fantasy|Horror|Sci-Fi"
                    }
                }
            }
        },
        {
            "PutRequest": {
                "Item": {
                    "id": {
                        "S": "143269"
                    },
                    "title": {
                        "S": "Moro Witch Doctor (1964)"
                    },
                    "genres": {
                        "S": "(no genres listed)"
                    }
                }
            }
        },
        {
            "PutRequest": {
                "Item": {
                    "id": {
                        "S": "143271"
                    },
                    "title": {
                        "S": "Dheepan (2015)"
                    },
                    "genres": {
                        "S": "Drama"
                    }
                }
            }
        },
        {
            "PutRequest": {
                "Item": {
                    "id": {
                        "S": "143273"
                    },
                    "title": {
                        "S": "Forecaster, The (2014)"
                    },
                    "genres": {
                        "S": "Documentary"
                    }
                }
            }
        },
        {
            "PutRequest": {
                "Item": {
                    "id": {
                        "S": "143275"
                    },
                    "title": {
                        "S": "Ronaldo (2015)"
                    },
                    "genres": {
                        "S": "Documentary"
                    }
                }
            }
        },
        {
            "PutRequest": {
                "Item": {
                    "id": {
                        "S": "143277"
                    },
                    "title": {
                        "S": "Svend (2011)"
                    },
                    "genres": {
                        "S": "Documentary"
                    }
                }
            }
        },
        {
            "PutRequest": {
                "Item": {
                    "id": {
                        "S": "143279"
                    },
                    "title": {
                        "S": "Trick Baby (1973)"
                    },
                    "genres": {
                        "S": "Action|Crime|Drama"
                    }
                }
            }
        },
        {
            "PutRequest": {
                "Item": {
                    "id": {
                        "S": "143281"
                    },
                    "title": {
                        "S": "Revolution (1968)"
                    },
                    "genres": {
                        "S": "Documentary"
                    }
                }
            }
        },
        {
            "PutRequest": {
                "Item": {
                    "id": {
                        "S": "143283"
                    },
                    "title": {
                        "S": "The Flight of the Eagle (1982)"
                    },
                    "genres": {
                        "S": "(no genres listed)"
                    }
                }
            }
        },
        {
            "PutRequest": {
                "Item": {
                    "id": {
                        "S": "143285"
                    },
                    "title": {
                        "S": "Bang! (1977)"
                    },
                    "genres": {
                        "S": "(no genres listed)"
                    }
                }
            }
        },
        {
            "PutRequest": {
                "Item": {
                    "id": {
                        "S": "143287"
                    },
                    "title": {
                        "S": "Land of Dreams (1988)"
                    },
                    "genres": {
                        "S": "Documentary"
                    }
                }
            }
        },
        {
            "PutRequest": {
                "Item": {
                    "id": {
                        "S": "143291"
                    },
                    "title": {
                        "S": "Seven from Thebes (1964)"
                    },
                    "genres": {
                        "S": "Adventure"
                    }
                }
            }
        },
        {
            "PutRequest": {
                "Item": {
                    "id": {
                        "S": "143295"
                    },
                    "title": {
                        "S": "A Dollar Between the Teeth (1967)"
                    },
                    "genres": {
                        "S": "Western"
                    }
                }
            }
        },
        {
            "PutRequest": {
                "Item": {
                    "id": {
                        "S": "143297"
                    },
                    "title": {
                        "S": "A Man, a Horse, a Gun (1967)"
                    },
                    "genres": {
                        "S": "Western"
                    }
                }
            }
        },
        {
            "PutRequest": {
                "Item": {
                    "id": {
                        "S": "143299"
                    },
                    "title": {
                        "S": "Marlene (1984)"
                    },
                    "genres": {
                        "S": "Documentary"
                    }
                }
            }
        },
        {
            "PutRequest": {
                "Item": {
                    "id": {
                        "S": "143301"
                    },
                    "title": {
                        "S": "The Pedestrian (1973)"
                    },
                    "genres": {
                        "S": "(no genres listed)"
                    }
                }
            }
        },
        {
            "PutRequest": {
                "Item": {
                    "id": {
                        "S": "143303"
                    },
                    "title": {
                        "S": "Tales from the Vienna Woods (1979)"
                    },
                    "genres": {
                        "S": "(no genres listed)"
                    }
                }
            }
        }
    ]
}