{
    "movies": [
        {
            "PutRequest": {
                "Item": {
                    "id": {
                        "S": "130146"
                    },
                    "title": {
                        "S": "Heat Wave (2011)"
                    },
                    "genres": {
                        "S": "Drama"
                    }
                }
            }
        },
        {
            "PutRequest": {
                "Item": {
                    "id": {
                        "S": "130148"
                    },
                    "title": {
                        "S": "Heatwave (1982)"
                    },
                    "genres": {
                        "S": "Drama"
                    }
                }
            }
        },
        {
            "PutRequest": {
                "Item": {
                    "id": {
                        "S": "130150"
                    },
                    "title": {
                        "S": "Heat Wave (1990)"
                    },
                    "genres": {
                        "S": "Drama"
                    }
                }
            }
        },
        {
            "PutRequest": {
                "Item": {
                    "id": {
                        "S": "130152"
                    },
                    "title": {
                        "S": "The House Across the Lake (1954)"
                    },
                    "genres": {
                        "S": "Drama|Thriller"
                    }
                }
            }
        },
        {
            "PutRequest": {
                "Item": {
                    "id": {
                        "S": "130154"
                    },
                    "title": {
                        "S": "Heat Wave (1991)"
                    },
                    "genres": {
                        "S": "Drama"
                    }
                }
            }
        },
        {
            "PutRequest": {
                "Item": {
                    "id": {
                        "S": "130156"
                    },
                    "title": {
                        "S": "Heaven Is a Playground (1991)"
                    },
                    "genres": {
                        "S": "Drama"
                    }
                }
            }
        },
        {
            "PutRequest": {
                "Item": {
                    "id": {
                        "S": "130163"
                    },
                    "title": {
                        "S": "Angel's Fall (2005)"
                    },
                    "genres": {
                        "S": "Drama"
                    }
                }
            }
        },
        {
            "PutRequest": {
                "Item": {
                    "id": {
                        "S": "130165"
                    },
                    "title": {
                        "S": "Hooray for Love (1935)"
                    },
                    "genres": {
                        "S": "(no genres listed)"
                    }
                }
            }
        },
        {
            "PutRequest": {
                "Item": {
                    "id": {
                        "S": "130170"
                    },
                    "title": {
                        "S": "Illegally Yours (1988)"
                    },
                    "genres": {
                        "S": "Comedy|Romance"
                    }
                }
            }
        },
        {
            "PutRequest": {
                "Item": {
                    "id": {
                        "S": "130173"
                    },
                    "title": {
                        "S": "Jailbait! (2000)"
                    },
                    "genres": {
                        "S": "Comedy|Drama"
                    }
                }
            }
        },
        {
            "PutRequest": {
                "Item": {
                    "id": {
                        "S": "130176"
                    },
                    "title": {
                        "S": "Jailbait (2004)"
                    },
                    "genres": {
                        "S": "Drama"
                    }
                }
            }
        },
        {
            "PutRequest": {
                "Item": {
                    "id": {
                        "S": "130178"
                    },
                    "title": {
                        "S": "Juggernaut (1936)"
                    },
                    "genres": {
                        "S": "(no genres listed)"
                    }
                }
            }
        },
        {
            "PutRequest": {
                "Item": {
                    "id": {
                        "S": "130180"
                    },
                    "title": {
                        "S": "Just Off Broadway (1942)"
                    },
                    "genres": {
                        "S": "Mystery"
                    }
                }
            }
        },
        {
            "PutRequest": {
                "Item": {
                    "id": {
                        "S": "130182"
                    },
                    "title": {
                        "S": "\u0420\u0438\u0446\u0430\u0440 \u0431\u0435\u0437 \u0431\u0440\u043e\u043d\u044f (1966)"
                    },
                    "genres": {
                        "S": "Children|Drama"
                    }
                }
            }
        },
        {
            "PutRequest": {
                "Item": {
                    "id": {
                        "S": "130185"
                    },
                    "title": {
                        "S": "Lady from Louisiana (1941)"
                    },
                    "genres": {
                        "S": "Drama"
                    }
                }
            }
        },
        {
            "PutRequest": {
                "Item": {
                    "id": {
                        "S": "130192"
                    },
                    "title": {
                        "S": "Morgan, the Pirate (1960)"
                    },
                    "genres": {
                        "S": "Adventure"
                    }
                }
            }
        },
        {
            "PutRequest": {
                "Item": {
                    "id": {
                        "S": "130194"
                    },
                    "title": {
                        "S": "My Teacher's Wife (1999)"
                    },
                    "genres": {
                        "S": "Comedy"
                    }
                }
            }
        },
        {
            "PutRequest": {
                "Item": {
                    "id": {
                        "S": "130196"
                    },
                    "title": {
                        "S": "The Neighbors (2012)"
                    },
                    "genres": {
                        "S": "Thriller"
                    }
                }
            }
        },
        {
            "PutRequest": {
                "Item": {
                    "id": {
                        "S": "130198"
                    },
                    "title": {
                        "S": "Oliver's Story (1978)"
                    },
                    "genres": {
                        "S": "Drama"
                    }
                }
            }
        },
        {
            "PutRequest": {
                "Item": {
                    "id": {
                        "S": "130200"
                    },
                    "title": {
                        "S": "Operation Bikini (1963)"
                    },
                    "genres": {
                        "S": "Drama|War"
                    }
                }
            }
        },
        {
            "PutRequest": {
                "Item": {
                    "id": {
                        "S": "130202"
                    },
                    "title": {
                        "S": "Five Days (1954)"
                    },
                    "genres": {
                        "S": "Crime|Thriller"
                    }
                }
            }
        },
        {
            "PutRequest": {
                "Item": {
                    "id": {
                        "S": "130204"
                    },
                    "title": {
                        "S": "Patty Hearst (1988)"
                    },
                    "genres": {
                        "S": "(no genres listed)"
                    }
                }
            }
        },
        {
            "PutRequest": {
                "Item": {
                    "id": {
                        "S": "130206"
                    },
                    "title": {
                        "S": "Picture Mommy Dead (1966)"
                    },
                    "genres": {
                        "S": "Horror"
                    }
                }
            }
        },
        {
            "PutRequest": {
                "Item": {
                    "id": {
                        "S": "130208"
                    },
                    "title": {
                        "S": "Platoon Leader (1988)"
                    },
                    "genres": {
                        "S": "Drama|War"
                    }
                }
            }
        },
        {
            "PutRequest": {
                "Item": {
                    "id": {
                        "S": "130210"
                    },
                    "title": {
                        "S": "Push (2006)"
                    },
                    "genres": {
                        "S": "Drama"
                    }
                }
            }
        }
    ]
}