{
    "movies": [
        {
            "PutRequest": {
                "Item": {
                    "id": {
                        "S": "124857"
                    },
                    "title": {
                        "S": "Deception (2013)"
                    },
                    "genres": {
                        "S": "Action"
                    }
                }
            }
        },
        {
            "PutRequest": {
                "Item": {
                    "id": {
                        "S": "124859"
                    },
                    "title": {
                        "S": "The Gambler (2014)"
                    },
                    "genres": {
                        "S": "Crime|Drama|Thriller"
                    }
                }
            }
        },
        {
            "PutRequest": {
                "Item": {
                    "id": {
                        "S": "124861"
                    },
                    "title": {
                        "S": "Dinosaur 13 (2014)"
                    },
                    "genres": {
                        "S": "Adventure|Documentary|Drama|Thriller"
                    }
                }
            }
        },
        {
            "PutRequest": {
                "Item": {
                    "id": {
                        "S": "124863"
                    },
                    "title": {
                        "S": "Chosen Survivors (1974)"
                    },
                    "genres": {
                        "S": "Horror|Sci-Fi"
                    }
                }
            }
        },
        {
            "PutRequest": {
                "Item": {
                    "id": {
                        "S": "124865"
                    },
                    "title": {
                        "S": "Loitering with Intent (2014)"
                    },
                    "genres": {
                        "S": "Comedy|Drama"
                    }
                }
            }
        },
        {
            "PutRequest": {
                "Item": {
                    "id": {
                        "S": "124867"
                    },
                    "title": {
                        "S": "Justice League: Throne of Atlantis (2015)"
                    },
                    "genres": {
                        "S": "Action|Animation"
                    }
                }
            }
        },
        {
            "PutRequest": {
                "Item": {
                    "id": {
                        "S": "124869"
                    },
                    "title": {
                        "S": "Jay And Silent Bob's Super Groovy Cartoon Movie (2013)"
                    },
                    "genres": {
                        "S": "(no genres listed)"
                    }
                }
            }
        },
        {
            "PutRequest": {
                "Item": {
                    "id": {
                        "S": "124871"
                    },
                    "title": {
                        "S": "Love and Other Troubles (2012)"
                    },
                    "genres": {
                        "S": "Comedy|Romance"
                    }
                }
            }
        },
        {
            "PutRequest": {
                "Item": {
                    "id": {
                        "S": "124873"
                    },
                    "title": {
                        "S": "The Turning Point (1952)"
                    },
                    "genres": {
                        "S": "Action|Drama"
                    }
                }
            }
        },
        {
            "PutRequest": {
                "Item": {
                    "id": {
                        "S": "124875"
                    },
                    "title": {
                        "S": "Jumpin' at the Boneyard (1991)"
                    },
                    "genres": {
                        "S": "Drama"
                    }
                }
            }
        },
        {
            "PutRequest": {
                "Item": {
                    "id": {
                        "S": "124877"
                    },
                    "title": {
                        "S": "Thunder Over the Plains (1953)"
                    },
                    "genres": {
                        "S": "Action"
                    }
                }
            }
        },
        {
            "PutRequest": {
                "Item": {
                    "id": {
                        "S": "124879"
                    },
                    "title": {
                        "S": "The Glory Guys (1965)"
                    },
                    "genres": {
                        "S": "Action|Drama|Romance|Western"
                    }
                }
            }
        },
        {
            "PutRequest": {
                "Item": {
                    "id": {
                        "S": "124881"
                    },
                    "title": {
                        "S": "The Night Heaven Fell (1958)"
                    },
                    "genres": {
                        "S": "Crime|Drama|Thriller"
                    }
                }
            }
        },
        {
            "PutRequest": {
                "Item": {
                    "id": {
                        "S": "124883"
                    },
                    "title": {
                        "S": "Riders to the Stars (1954)"
                    },
                    "genres": {
                        "S": "Drama|Sci-Fi"
                    }
                }
            }
        },
        {
            "PutRequest": {
                "Item": {
                    "id": {
                        "S": "124885"
                    },
                    "title": {
                        "S": "The Great O'Malley (1937)"
                    },
                    "genres": {
                        "S": "Drama"
                    }
                }
            }
        },
        {
            "PutRequest": {
                "Item": {
                    "id": {
                        "S": "124887"
                    },
                    "title": {
                        "S": "The Invisible Eye (2011)"
                    },
                    "genres": {
                        "S": "Drama"
                    }
                }
            }
        },
        {
            "PutRequest": {
                "Item": {
                    "id": {
                        "S": "124889"
                    },
                    "title": {
                        "S": "The Adventures of Tom Thumb & Thumbelina (2002)"
                    },
                    "genres": {
                        "S": "Animation"
                    }
                }
            }
        },
        {
            "PutRequest": {
                "Item": {
                    "id": {
                        "S": "124891"
                    },
                    "title": {
                        "S": "The Ambassador's Daughter (1956)"
                    },
                    "genres": {
                        "S": "Comedy|Romance"
                    }
                }
            }
        },
        {
            "PutRequest": {
                "Item": {
                    "id": {
                        "S": "124893"
                    },
                    "title": {
                        "S": "Witness for the Prosecution (1982)"
                    },
                    "genres": {
                        "S": "Drama|Mystery|Thriller"
                    }
                }
            }
        },
        {
            "PutRequest": {
                "Item": {
                    "id": {
                        "S": "124895"
                    },
                    "title": {
                        "S": "The Millennium Bug (2011)"
                    },
                    "genres": {
                        "S": "Horror"
                    }
                }
            }
        },
        {
            "PutRequest": {
                "Item": {
                    "id": {
                        "S": "124897"
                    },
                    "title": {
                        "S": "Way Back Home (1931)"
                    },
                    "genres": {
                        "S": "Drama"
                    }
                }
            }
        },
        {
            "PutRequest": {
                "Item": {
                    "id": {
                        "S": "124899"
                    },
                    "title": {
                        "S": "Term of Trial (1963)"
                    },
                    "genres": {
                        "S": "Drama"
                    }
                }
            }
        },
        {
            "PutRequest": {
                "Item": {
                    "id": {
                        "S": "124901"
                    },
                    "title": {
                        "S": "The Ouija Experiment (2011)"
                    },
                    "genres": {
                        "S": "Horror"
                    }
                }
            }
        },
        {
            "PutRequest": {
                "Item": {
                    "id": {
                        "S": "124903"
                    },
                    "title": {
                        "S": "Styx (2001)"
                    },
                    "genres": {
                        "S": "Action|Crime|Thriller"
                    }
                }
            }
        },
        {
            "PutRequest": {
                "Item": {
                    "id": {
                        "S": "124905"
                    },
                    "title": {
                        "S": "Goodbye, My Fancy (1951)"
                    },
                    "genres": {
                        "S": "Comedy|Romance"
                    }
                }
            }
        }
    ]
}