{
    "movies": [
        {
            "PutRequest": {
                "Item": {
                    "id": {
                        "S": "125574"
                    },
                    "title": {
                        "S": "The Perils of Pauline (1967)"
                    },
                    "genres": {
                        "S": "(no genres listed)"
                    }
                }
            }
        },
        {
            "PutRequest": {
                "Item": {
                    "id": {
                        "S": "125576"
                    },
                    "title": {
                        "S": "The Secret Partner (1961)"
                    },
                    "genres": {
                        "S": "Crime|Drama"
                    }
                }
            }
        },
        {
            "PutRequest": {
                "Item": {
                    "id": {
                        "S": "125583"
                    },
                    "title": {
                        "S": "Black Magic (1949)"
                    },
                    "genres": {
                        "S": "Drama|Mystery|Romance"
                    }
                }
            }
        },
        {
            "PutRequest": {
                "Item": {
                    "id": {
                        "S": "125585"
                    },
                    "title": {
                        "S": "Three Cases of Murder (1955)"
                    },
                    "genres": {
                        "S": "Mystery"
                    }
                }
            }
        },
        {
            "PutRequest": {
                "Item": {
                    "id": {
                        "S": "125587"
                    },
                    "title": {
                        "S": "The Fountain of Youth (1958)"
                    },
                    "genres": {
                        "S": "(no genres listed)"
                    }
                }
            }
        },
        {
            "PutRequest": {
                "Item": {
                    "id": {
                        "S": "125589"
                    },
                    "title": {
                        "S": "David and Goliath (1960)"
                    },
                    "genres": {
                        "S": "Action|Drama"
                    }
                }
            }
        },
        {
            "PutRequest": {
                "Item": {
                    "id": {
                        "S": "125591"
                    },
                    "title": {
                        "S": "The Southern Star (1969)"
                    },
                    "genres": {
                        "S": "Adventure|Comedy"
                    }
                }
            }
        },
        {
            "PutRequest": {
                "Item": {
                    "id": {
                        "S": "125593"
                    },
                    "title": {
                        "S": "Filming 'The Trial' (1981)"
                    },
                    "genres": {
                        "S": "(no genres listed)"
                    }
                }
            }
        },
        {
            "PutRequest": {
                "Item": {
                    "id": {
                        "S": "125596"
                    },
                    "title": {
                        "S": "Parade (1974)"
                    },
                    "genres": {
                        "S": "Children|Comedy"
                    }
                }
            }
        },
        {
            "PutRequest": {
                "Item": {
                    "id": {
                        "S": "125599"
                    },
                    "title": {
                        "S": "Always for Pleasure (1978)"
                    },
                    "genres": {
                        "S": "Documentary"
                    }
                }
            }
        },
        {
            "PutRequest": {
                "Item": {
                    "id": {
                        "S": "125601"
                    },
                    "title": {
                        "S": "Port of Flowers (1943)"
                    },
                    "genres": {
                        "S": "(no genres listed)"
                    }
                }
            }
        },
        {
            "PutRequest": {
                "Item": {
                    "id": {
                        "S": "125603"
                    },
                    "title": {
                        "S": "The Living Magoroku (1943)"
                    },
                    "genres": {
                        "S": "(no genres listed)"
                    }
                }
            }
        },
        {
            "PutRequest": {
                "Item": {
                    "id": {
                        "S": "125605"
                    },
                    "title": {
                        "S": "Jubilation Street (1943)"
                    },
                    "genres": {
                        "S": "(no genres listed)"
                    }
                }
            }
        },
        {
            "PutRequest": {
                "Item": {
                    "id": {
                        "S": "125607"
                    },
                    "title": {
                        "S": "The Army (1944)"
                    },
                    "genres": {
                        "S": "Drama"
                    }
                }
            }
        },
        {
            "PutRequest": {
                "Item": {
                    "id": {
                        "S": "125609"
                    },
                    "title": {
                        "S": "Morning for the Osone Family (1946)"
                    },
                    "genres": {
                        "S": "(no genres listed)"
                    }
                }
            }
        },
        {
            "PutRequest": {
                "Item": {
                    "id": {
                        "S": "125611"
                    },
                    "title": {
                        "S": "A Japanese Tragedy (1953)"
                    },
                    "genres": {
                        "S": "(no genres listed)"
                    }
                }
            }
        },
        {
            "PutRequest": {
                "Item": {
                    "id": {
                        "S": "125613"
                    },
                    "title": {
                        "S": "She Was Like a Wild Chrysanthemum (1955)"
                    },
                    "genres": {
                        "S": "Drama|Romance"
                    }
                }
            }
        },
        {
            "PutRequest": {
                "Item": {
                    "id": {
                        "S": "125615"
                    },
                    "title": {
                        "S": "The River Fuefuki (1960)"
                    },
                    "genres": {
                        "S": "(no genres listed)"
                    }
                }
            }
        },
        {
            "PutRequest": {
                "Item": {
                    "id": {
                        "S": "125617"
                    },
                    "title": {
                        "S": "Immortal Love (1961)"
                    },
                    "genres": {
                        "S": "(no genres listed)"
                    }
                }
            }
        },
        {
            "PutRequest": {
                "Item": {
                    "id": {
                        "S": "125619"
                    },
                    "title": {
                        "S": "Legend of a Duel to the Death (1963)"
                    },
                    "genres": {
                        "S": "Action|Drama"
                    }
                }
            }
        },
        {
            "PutRequest": {
                "Item": {
                    "id": {
                        "S": "125621"
                    },
                    "title": {
                        "S": "These Children Survive Me (1983)"
                    },
                    "genres": {
                        "S": "Drama"
                    }
                }
            }
        },
        {
            "PutRequest": {
                "Item": {
                    "id": {
                        "S": "125623"
                    },
                    "title": {
                        "S": "That Night's Wife (1930)"
                    },
                    "genres": {
                        "S": "Drama"
                    }
                }
            }
        },
        {
            "PutRequest": {
                "Item": {
                    "id": {
                        "S": "125628"
                    },
                    "title": {
                        "S": "Citizen Koch (2013)"
                    },
                    "genres": {
                        "S": "Documentary"
                    }
                }
            }
        },
        {
            "PutRequest": {
                "Item": {
                    "id": {
                        "S": "125630"
                    },
                    "title": {
                        "S": "We Still Kill the Old Way (2014)"
                    },
                    "genres": {
                        "S": "Crime"
                    }
                }
            }
        },
        {
            "PutRequest": {
                "Item": {
                    "id": {
                        "S": "125632"
                    },
                    "title": {
                        "S": "In Our Garden"
                    },
                    "genres": {
                        "S": "(no genres listed)"
                    }
                }
            }
        }
    ]
}