{
    "movies": [
        {
            "PutRequest": {
                "Item": {
                    "id": {
                        "S": "124123"
                    },
                    "title": {
                        "S": "Son of Sinbad (1955)"
                    },
                    "genres": {
                        "S": "Adventure|Fantasy"
                    }
                }
            }
        },
        {
            "PutRequest": {
                "Item": {
                    "id": {
                        "S": "124125"
                    },
                    "title": {
                        "S": "Way Back Home (2013)"
                    },
                    "genres": {
                        "S": "Drama"
                    }
                }
            }
        },
        {
            "PutRequest": {
                "Item": {
                    "id": {
                        "S": "124127"
                    },
                    "title": {
                        "S": "The Single Standard (1929)"
                    },
                    "genres": {
                        "S": "Drama|Romance"
                    }
                }
            }
        },
        {
            "PutRequest": {
                "Item": {
                    "id": {
                        "S": "124129"
                    },
                    "title": {
                        "S": "Menno's Mind (1997)"
                    },
                    "genres": {
                        "S": "Sci-Fi|Thriller"
                    }
                }
            }
        },
        {
            "PutRequest": {
                "Item": {
                    "id": {
                        "S": "124131"
                    },
                    "title": {
                        "S": "Lewis Black: Stark Raving Black (2009)"
                    },
                    "genres": {
                        "S": "Comedy"
                    }
                }
            }
        },
        {
            "PutRequest": {
                "Item": {
                    "id": {
                        "S": "124133"
                    },
                    "title": {
                        "S": "For One Night (2006)"
                    },
                    "genres": {
                        "S": "Drama"
                    }
                }
            }
        },
        {
            "PutRequest": {
                "Item": {
                    "id": {
                        "S": "124135"
                    },
                    "title": {
                        "S": "The Red Danube (1949)"
                    },
                    "genres": {
                        "S": "Drama|Romance|War"
                    }
                }
            }
        },
        {
            "PutRequest": {
                "Item": {
                    "id": {
                        "S": "124137"
                    },
                    "title": {
                        "S": "Man Bait (1952)"
                    },
                    "genres": {
                        "S": "Crime|Drama"
                    }
                }
            }
        },
        {
            "PutRequest": {
                "Item": {
                    "id": {
                        "S": "124139"
                    },
                    "title": {
                        "S": "Mayor Cupcake (2011)"
                    },
                    "genres": {
                        "S": "Children|Comedy|Drama"
                    }
                }
            }
        },
        {
            "PutRequest": {
                "Item": {
                    "id": {
                        "S": "124141"
                    },
                    "title": {
                        "S": "It's a Date (1940)"
                    },
                    "genres": {
                        "S": "Comedy"
                    }
                }
            }
        },
        {
            "PutRequest": {
                "Item": {
                    "id": {
                        "S": "124143"
                    },
                    "title": {
                        "S": "Madame X (1937)"
                    },
                    "genres": {
                        "S": "Drama"
                    }
                }
            }
        },
        {
            "PutRequest": {
                "Item": {
                    "id": {
                        "S": "124145"
                    },
                    "title": {
                        "S": "Katt Williams: Kattpacalypse (2012)"
                    },
                    "genres": {
                        "S": "Comedy"
                    }
                }
            }
        },
        {
            "PutRequest": {
                "Item": {
                    "id": {
                        "S": "124147"
                    },
                    "title": {
                        "S": "Trail Street (1947)"
                    },
                    "genres": {
                        "S": "Western"
                    }
                }
            }
        },
        {
            "PutRequest": {
                "Item": {
                    "id": {
                        "S": "124149"
                    },
                    "title": {
                        "S": "Switch (2007)"
                    },
                    "genres": {
                        "S": "(no genres listed)"
                    }
                }
            }
        },
        {
            "PutRequest": {
                "Item": {
                    "id": {
                        "S": "124151"
                    },
                    "title": {
                        "S": "Vampire Dog (2012)"
                    },
                    "genres": {
                        "S": "Children"
                    }
                }
            }
        },
        {
            "PutRequest": {
                "Item": {
                    "id": {
                        "S": "124153"
                    },
                    "title": {
                        "S": "Python 2 (2002)"
                    },
                    "genres": {
                        "S": "Horror"
                    }
                }
            }
        },
        {
            "PutRequest": {
                "Item": {
                    "id": {
                        "S": "124155"
                    },
                    "title": {
                        "S": "Rose-Marie (1936)"
                    },
                    "genres": {
                        "S": "Adventure|Drama|Romance|Western"
                    }
                }
            }
        },
        {
            "PutRequest": {
                "Item": {
                    "id": {
                        "S": "124157"
                    },
                    "title": {
                        "S": "Man in the Attic (1953)"
                    },
                    "genres": {
                        "S": "Crime|Drama|Mystery|Thriller"
                    }
                }
            }
        },
        {
            "PutRequest": {
                "Item": {
                    "id": {
                        "S": "124160"
                    },
                    "title": {
                        "S": "Whoever Slew Auntie Roo? (1971)"
                    },
                    "genres": {
                        "S": "Horror|Thriller"
                    }
                }
            }
        },
        {
            "PutRequest": {
                "Item": {
                    "id": {
                        "S": "124162"
                    },
                    "title": {
                        "S": "The Wonderful Country (1959)"
                    },
                    "genres": {
                        "S": "Western"
                    }
                }
            }
        },
        {
            "PutRequest": {
                "Item": {
                    "id": {
                        "S": "124164"
                    },
                    "title": {
                        "S": "You're Never Too Young (1955)"
                    },
                    "genres": {
                        "S": "Comedy"
                    }
                }
            }
        },
        {
            "PutRequest": {
                "Item": {
                    "id": {
                        "S": "124166"
                    },
                    "title": {
                        "S": "No Man's Land (2013)"
                    },
                    "genres": {
                        "S": "Crime|Drama|Western"
                    }
                }
            }
        },
        {
            "PutRequest": {
                "Item": {
                    "id": {
                        "S": "124168"
                    },
                    "title": {
                        "S": "Paper Soldiers (2002)"
                    },
                    "genres": {
                        "S": "Action|Comedy"
                    }
                }
            }
        },
        {
            "PutRequest": {
                "Item": {
                    "id": {
                        "S": "124170"
                    },
                    "title": {
                        "S": "Southie (1999)"
                    },
                    "genres": {
                        "S": "Action|Drama|Thriller"
                    }
                }
            }
        },
        {
            "PutRequest": {
                "Item": {
                    "id": {
                        "S": "124172"
                    },
                    "title": {
                        "S": "Vicious Lips (1986)"
                    },
                    "genres": {
                        "S": "Comedy|Horror|Sci-Fi"
                    }
                }
            }
        }
    ]
}