{
    "movies": [
        {
            "PutRequest": {
                "Item": {
                    "id": {
                        "S": "129849"
                    },
                    "title": {
                        "S": "Old Man Drinking a Glass of Beer (1898)"
                    },
                    "genres": {
                        "S": "(no genres listed)"
                    }
                }
            }
        },
        {
            "PutRequest": {
                "Item": {
                    "id": {
                        "S": "129851"
                    },
                    "title": {
                        "S": "Dickson Greeting (1891)"
                    },
                    "genres": {
                        "S": "(no genres listed)"
                    }
                }
            }
        },
        {
            "PutRequest": {
                "Item": {
                    "id": {
                        "S": "129853"
                    },
                    "title": {
                        "S": "To Write Love on Her Arms (2015)"
                    },
                    "genres": {
                        "S": "Drama"
                    }
                }
            }
        },
        {
            "PutRequest": {
                "Item": {
                    "id": {
                        "S": "129855"
                    },
                    "title": {
                        "S": "Lights Out (2010)"
                    },
                    "genres": {
                        "S": "Drama|Mystery|Thriller"
                    }
                }
            }
        },
        {
            "PutRequest": {
                "Item": {
                    "id": {
                        "S": "129857"
                    },
                    "title": {
                        "S": "Bright Days Ahead (2013)"
                    },
                    "genres": {
                        "S": "Drama|Romance"
                    }
                }
            }
        },
        {
            "PutRequest": {
                "Item": {
                    "id": {
                        "S": "129859"
                    },
                    "title": {
                        "S": "Mardock Scramble: The Second Combustion (2011)"
                    },
                    "genres": {
                        "S": "Animation|Sci-Fi"
                    }
                }
            }
        },
        {
            "PutRequest": {
                "Item": {
                    "id": {
                        "S": "129865"
                    },
                    "title": {
                        "S": "Hallucination Strip (1975)"
                    },
                    "genres": {
                        "S": "(no genres listed)"
                    }
                }
            }
        },
        {
            "PutRequest": {
                "Item": {
                    "id": {
                        "S": "129867"
                    },
                    "title": {
                        "S": "Like Rabid Dogs (1976)"
                    },
                    "genres": {
                        "S": "(no genres listed)"
                    }
                }
            }
        },
        {
            "PutRequest": {
                "Item": {
                    "id": {
                        "S": "129869"
                    },
                    "title": {
                        "S": "Snapshot of a Crime (1975)"
                    },
                    "genres": {
                        "S": "(no genres listed)"
                    }
                }
            }
        },
        {
            "PutRequest": {
                "Item": {
                    "id": {
                        "S": "129871"
                    },
                    "title": {
                        "S": "My Wife, A Body to Love (1973)"
                    },
                    "genres": {
                        "S": "(no genres listed)"
                    }
                }
            }
        },
        {
            "PutRequest": {
                "Item": {
                    "id": {
                        "S": "129873"
                    },
                    "title": {
                        "S": "Gardenia (1979)"
                    },
                    "genres": {
                        "S": "Crime"
                    }
                }
            }
        },
        {
            "PutRequest": {
                "Item": {
                    "id": {
                        "S": "129875"
                    },
                    "title": {
                        "S": "Pigs with a P.38 (1978)"
                    },
                    "genres": {
                        "S": "(no genres listed)"
                    }
                }
            }
        },
        {
            "PutRequest": {
                "Item": {
                    "id": {
                        "S": "129877"
                    },
                    "title": {
                        "S": "Clap, You're Dead (1974)"
                    },
                    "genres": {
                        "S": "(no genres listed)"
                    }
                }
            }
        },
        {
            "PutRequest": {
                "Item": {
                    "id": {
                        "S": "129879"
                    },
                    "title": {
                        "S": "Orders Signed in White (1974)"
                    },
                    "genres": {
                        "S": "(no genres listed)"
                    }
                }
            }
        },
        {
            "PutRequest": {
                "Item": {
                    "id": {
                        "S": "129881"
                    },
                    "title": {
                        "S": "Il cappotto di legno (1981)"
                    },
                    "genres": {
                        "S": "(no genres listed)"
                    }
                }
            }
        },
        {
            "PutRequest": {
                "Item": {
                    "id": {
                        "S": "129883"
                    },
                    "title": {
                        "S": "Il fiore dai petali d'acciaio (1973)"
                    },
                    "genres": {
                        "S": "Thriller"
                    }
                }
            }
        },
        {
            "PutRequest": {
                "Item": {
                    "id": {
                        "S": "129885"
                    },
                    "title": {
                        "S": "Le ultime ore di una vergine (1972)"
                    },
                    "genres": {
                        "S": "(no genres listed)"
                    }
                }
            }
        },
        {
            "PutRequest": {
                "Item": {
                    "id": {
                        "S": "129887"
                    },
                    "title": {
                        "S": "Moving Alan"
                    },
                    "genres": {
                        "S": "(no genres listed)"
                    }
                }
            }
        },
        {
            "PutRequest": {
                "Item": {
                    "id": {
                        "S": "129889"
                    },
                    "title": {
                        "S": "Papusza (2013)"
                    },
                    "genres": {
                        "S": "Drama"
                    }
                }
            }
        },
        {
            "PutRequest": {
                "Item": {
                    "id": {
                        "S": "129891"
                    },
                    "title": {
                        "S": "The Weapon, The Hour, The Motive (1972)"
                    },
                    "genres": {
                        "S": "Horror|Mystery|Thriller"
                    }
                }
            }
        },
        {
            "PutRequest": {
                "Item": {
                    "id": {
                        "S": "129895"
                    },
                    "title": {
                        "S": "Sex of the Witch (1973)"
                    },
                    "genres": {
                        "S": "(no genres listed)"
                    }
                }
            }
        },
        {
            "PutRequest": {
                "Item": {
                    "id": {
                        "S": "129897"
                    },
                    "title": {
                        "S": "The Return of the Exorcist (1975)"
                    },
                    "genres": {
                        "S": "Horror"
                    }
                }
            }
        },
        {
            "PutRequest": {
                "Item": {
                    "id": {
                        "S": "129899"
                    },
                    "title": {
                        "S": "The Killers Are Our Guests (1974)"
                    },
                    "genres": {
                        "S": "Crime|Thriller"
                    }
                }
            }
        },
        {
            "PutRequest": {
                "Item": {
                    "id": {
                        "S": "129903"
                    },
                    "title": {
                        "S": "Polk County Pot Plane (1977)"
                    },
                    "genres": {
                        "S": "Action"
                    }
                }
            }
        },
        {
            "PutRequest": {
                "Item": {
                    "id": {
                        "S": "129905"
                    },
                    "title": {
                        "S": "The Floating Castle (2012)"
                    },
                    "genres": {
                        "S": "Comedy|Drama"
                    }
                }
            }
        }
    ]
}