{
    "movies": [
        {
            "PutRequest": {
                "Item": {
                    "id": {
                        "S": "2667"
                    },
                    "title": {
                        "S": "Mole People, The (1956)"
                    },
                    "genres": {
                        "S": "Horror|Sci-Fi"
                    }
                }
            }
        },
        {
            "PutRequest": {
                "Item": {
                    "id": {
                        "S": "2668"
                    },
                    "title": {
                        "S": "Swamp Thing (1982)"
                    },
                    "genres": {
                        "S": "Horror|Sci-Fi"
                    }
                }
            }
        },
        {
            "PutRequest": {
                "Item": {
                    "id": {
                        "S": "2669"
                    },
                    "title": {
                        "S": "Pork Chop Hill (1959)"
                    },
                    "genres": {
                        "S": "War"
                    }
                }
            }
        },
        {
            "PutRequest": {
                "Item": {
                    "id": {
                        "S": "2670"
                    },
                    "title": {
                        "S": "Run Silent Run Deep (1958)"
                    },
                    "genres": {
                        "S": "War"
                    }
                }
            }
        },
        {
            "PutRequest": {
                "Item": {
                    "id": {
                        "S": "2671"
                    },
                    "title": {
                        "S": "Notting Hill (1999)"
                    },
                    "genres": {
                        "S": "Comedy|Romance"
                    }
                }
            }
        },
        {
            "PutRequest": {
                "Item": {
                    "id": {
                        "S": "2672"
                    },
                    "title": {
                        "S": "Thirteenth Floor, The (1999)"
                    },
                    "genres": {
                        "S": "Drama|Sci-Fi|Thriller"
                    }
                }
            }
        },
        {
            "PutRequest": {
                "Item": {
                    "id": {
                        "S": "2673"
                    },
                    "title": {
                        "S": "Eternity and a Day (Mia aoniotita kai mia mera) (1998)"
                    },
                    "genres": {
                        "S": "Drama"
                    }
                }
            }
        },
        {
            "PutRequest": {
                "Item": {
                    "id": {
                        "S": "2674"
                    },
                    "title": {
                        "S": "Loss of Sexual Innocence, The (1999)"
                    },
                    "genres": {
                        "S": "Drama|Fantasy"
                    }
                }
            }
        },
        {
            "PutRequest": {
                "Item": {
                    "id": {
                        "S": "2675"
                    },
                    "title": {
                        "S": "Twice Upon a Yesterday (a.k.a. Man with Rain in His Shoes, The) (1998)"
                    },
                    "genres": {
                        "S": "Comedy|Drama|Romance"
                    }
                }
            }
        },
        {
            "PutRequest": {
                "Item": {
                    "id": {
                        "S": "2676"
                    },
                    "title": {
                        "S": "Instinct (1999)"
                    },
                    "genres": {
                        "S": "Drama|Thriller"
                    }
                }
            }
        },
        {
            "PutRequest": {
                "Item": {
                    "id": {
                        "S": "2677"
                    },
                    "title": {
                        "S": "Buena Vista Social Club (1999)"
                    },
                    "genres": {
                        "S": "Documentary|Musical"
                    }
                }
            }
        },
        {
            "PutRequest": {
                "Item": {
                    "id": {
                        "S": "2678"
                    },
                    "title": {
                        "S": "Desert Blue (1998)"
                    },
                    "genres": {
                        "S": "Drama"
                    }
                }
            }
        },
        {
            "PutRequest": {
                "Item": {
                    "id": {
                        "S": "2679"
                    },
                    "title": {
                        "S": "Finding North (1998)"
                    },
                    "genres": {
                        "S": "Comedy|Drama|Romance"
                    }
                }
            }
        },
        {
            "PutRequest": {
                "Item": {
                    "id": {
                        "S": "2680"
                    },
                    "title": {
                        "S": "Floating (1997)"
                    },
                    "genres": {
                        "S": "Drama"
                    }
                }
            }
        },
        {
            "PutRequest": {
                "Item": {
                    "id": {
                        "S": "2681"
                    },
                    "title": {
                        "S": "Free Enterprise (1998)"
                    },
                    "genres": {
                        "S": "Comedy|Romance|Sci-Fi"
                    }
                }
            }
        },
        {
            "PutRequest": {
                "Item": {
                    "id": {
                        "S": "2682"
                    },
                    "title": {
                        "S": "Limbo (1999)"
                    },
                    "genres": {
                        "S": "Drama"
                    }
                }
            }
        },
        {
            "PutRequest": {
                "Item": {
                    "id": {
                        "S": "2683"
                    },
                    "title": {
                        "S": "Austin Powers: The Spy Who Shagged Me (1999)"
                    },
                    "genres": {
                        "S": "Action|Adventure|Comedy"
                    }
                }
            }
        },
        {
            "PutRequest": {
                "Item": {
                    "id": {
                        "S": "2684"
                    },
                    "title": {
                        "S": "Promise Her Anything (1999)"
                    },
                    "genres": {
                        "S": "Comedy|Drama"
                    }
                }
            }
        },
        {
            "PutRequest": {
                "Item": {
                    "id": {
                        "S": "2685"
                    },
                    "title": {
                        "S": "Red Dwarf, The (Nain rouge, Le) (1998)"
                    },
                    "genres": {
                        "S": "Comedy|Drama"
                    }
                }
            }
        },
        {
            "PutRequest": {
                "Item": {
                    "id": {
                        "S": "2686"
                    },
                    "title": {
                        "S": "Red Violin, The (Violon rouge, Le) (1998)"
                    },
                    "genres": {
                        "S": "Drama|Mystery"
                    }
                }
            }
        },
        {
            "PutRequest": {
                "Item": {
                    "id": {
                        "S": "2687"
                    },
                    "title": {
                        "S": "Tarzan (1999)"
                    },
                    "genres": {
                        "S": "Adventure|Animation|Children|Drama"
                    }
                }
            }
        },
        {
            "PutRequest": {
                "Item": {
                    "id": {
                        "S": "2688"
                    },
                    "title": {
                        "S": "General's Daughter, The (1999)"
                    },
                    "genres": {
                        "S": "Crime|Drama|Mystery|Thriller"
                    }
                }
            }
        },
        {
            "PutRequest": {
                "Item": {
                    "id": {
                        "S": "2689"
                    },
                    "title": {
                        "S": "Get Bruce (1999)"
                    },
                    "genres": {
                        "S": "Documentary"
                    }
                }
            }
        },
        {
            "PutRequest": {
                "Item": {
                    "id": {
                        "S": "2690"
                    },
                    "title": {
                        "S": "Ideal Husband, An (1999)"
                    },
                    "genres": {
                        "S": "Comedy|Romance"
                    }
                }
            }
        },
        {
            "PutRequest": {
                "Item": {
                    "id": {
                        "S": "2691"
                    },
                    "title": {
                        "S": "Legend of 1900, The (a.k.a. The Legend of the Pianist on the Ocean) (Leggenda del pianista sull'oceano) (1998)"
                    },
                    "genres": {
                        "S": "Drama"
                    }
                }
            }
        }
    ]
}