{
    "movies": [
        {
            "PutRequest": {
                "Item": {
                    "id": {
                        "S": "253"
                    },
                    "title": {
                        "S": "Interview with the Vampire: The Vampire Chronicles (1994)"
                    },
                    "genres": {
                        "S": "Drama|Horror"
                    }
                }
            }
        },
        {
            "PutRequest": {
                "Item": {
                    "id": {
                        "S": "254"
                    },
                    "title": {
                        "S": "Jefferson in Paris (1995)"
                    },
                    "genres": {
                        "S": "Drama"
                    }
                }
            }
        },
        {
            "PutRequest": {
                "Item": {
                    "id": {
                        "S": "255"
                    },
                    "title": {
                        "S": "Jerky Boys, The (1995)"
                    },
                    "genres": {
                        "S": "Comedy"
                    }
                }
            }
        },
        {
            "PutRequest": {
                "Item": {
                    "id": {
                        "S": "256"
                    },
                    "title": {
                        "S": "Junior (1994)"
                    },
                    "genres": {
                        "S": "Comedy|Sci-Fi"
                    }
                }
            }
        },
        {
            "PutRequest": {
                "Item": {
                    "id": {
                        "S": "257"
                    },
                    "title": {
                        "S": "Just Cause (1995)"
                    },
                    "genres": {
                        "S": "Mystery|Thriller"
                    }
                }
            }
        },
        {
            "PutRequest": {
                "Item": {
                    "id": {
                        "S": "258"
                    },
                    "title": {
                        "S": "Kid in King Arthur's Court, A (1995)"
                    },
                    "genres": {
                        "S": "Adventure|Children|Comedy|Fantasy|Romance"
                    }
                }
            }
        },
        {
            "PutRequest": {
                "Item": {
                    "id": {
                        "S": "259"
                    },
                    "title": {
                        "S": "Kiss of Death (1995)"
                    },
                    "genres": {
                        "S": "Crime|Drama|Thriller"
                    }
                }
            }
        },
        {
            "PutRequest": {
                "Item": {
                    "id": {
                        "S": "260"
                    },
                    "title": {
                        "S": "Star Wars: Episode IV - A New Hope (1977)"
                    },
                    "genres": {
                        "S": "Action|Adventure|Sci-Fi"
                    }
                }
            }
        },
        {
            "PutRequest": {
                "Item": {
                    "id": {
                        "S": "261"
                    },
                    "title": {
                        "S": "Little Women (1994)"
                    },
                    "genres": {
                        "S": "Drama"
                    }
                }
            }
        },
        {
            "PutRequest": {
                "Item": {
                    "id": {
                        "S": "262"
                    },
                    "title": {
                        "S": "Little Princess, A (1995)"
                    },
                    "genres": {
                        "S": "Children|Drama"
                    }
                }
            }
        },
        {
            "PutRequest": {
                "Item": {
                    "id": {
                        "S": "263"
                    },
                    "title": {
                        "S": "Ladybird Ladybird (1994)"
                    },
                    "genres": {
                        "S": "Drama"
                    }
                }
            }
        },
        {
            "PutRequest": {
                "Item": {
                    "id": {
                        "S": "264"
                    },
                    "title": {
                        "S": "Enfer, L' (1994)"
                    },
                    "genres": {
                        "S": "Drama"
                    }
                }
            }
        },
        {
            "PutRequest": {
                "Item": {
                    "id": {
                        "S": "265"
                    },
                    "title": {
                        "S": "Like Water for Chocolate (Como agua para chocolate) (1992)"
                    },
                    "genres": {
                        "S": "Drama|Fantasy|Romance"
                    }
                }
            }
        },
        {
            "PutRequest": {
                "Item": {
                    "id": {
                        "S": "266"
                    },
                    "title": {
                        "S": "Legends of the Fall (1994)"
                    },
                    "genres": {
                        "S": "Drama|Romance|War|Western"
                    }
                }
            }
        },
        {
            "PutRequest": {
                "Item": {
                    "id": {
                        "S": "267"
                    },
                    "title": {
                        "S": "Major Payne (1995)"
                    },
                    "genres": {
                        "S": "Comedy"
                    }
                }
            }
        },
        {
            "PutRequest": {
                "Item": {
                    "id": {
                        "S": "268"
                    },
                    "title": {
                        "S": "Little Odessa (1994)"
                    },
                    "genres": {
                        "S": "Crime|Drama"
                    }
                }
            }
        },
        {
            "PutRequest": {
                "Item": {
                    "id": {
                        "S": "269"
                    },
                    "title": {
                        "S": "My Crazy Life (Mi vida loca) (1993)"
                    },
                    "genres": {
                        "S": "Drama"
                    }
                }
            }
        },
        {
            "PutRequest": {
                "Item": {
                    "id": {
                        "S": "270"
                    },
                    "title": {
                        "S": "Love Affair (1994)"
                    },
                    "genres": {
                        "S": "Drama|Romance"
                    }
                }
            }
        },
        {
            "PutRequest": {
                "Item": {
                    "id": {
                        "S": "271"
                    },
                    "title": {
                        "S": "Losing Isaiah (1995)"
                    },
                    "genres": {
                        "S": "Drama"
                    }
                }
            }
        },
        {
            "PutRequest": {
                "Item": {
                    "id": {
                        "S": "272"
                    },
                    "title": {
                        "S": "Madness of King George, The (1994)"
                    },
                    "genres": {
                        "S": "Comedy|Drama"
                    }
                }
            }
        },
        {
            "PutRequest": {
                "Item": {
                    "id": {
                        "S": "273"
                    },
                    "title": {
                        "S": "Mary Shelley's Frankenstein (Frankenstein) (1994)"
                    },
                    "genres": {
                        "S": "Drama|Horror|Sci-Fi"
                    }
                }
            }
        },
        {
            "PutRequest": {
                "Item": {
                    "id": {
                        "S": "274"
                    },
                    "title": {
                        "S": "Man of the House (1995)"
                    },
                    "genres": {
                        "S": "Comedy"
                    }
                }
            }
        },
        {
            "PutRequest": {
                "Item": {
                    "id": {
                        "S": "275"
                    },
                    "title": {
                        "S": "Mixed Nuts (1994)"
                    },
                    "genres": {
                        "S": "Comedy"
                    }
                }
            }
        },
        {
            "PutRequest": {
                "Item": {
                    "id": {
                        "S": "276"
                    },
                    "title": {
                        "S": "Milk Money (1994)"
                    },
                    "genres": {
                        "S": "Comedy|Romance"
                    }
                }
            }
        },
        {
            "PutRequest": {
                "Item": {
                    "id": {
                        "S": "277"
                    },
                    "title": {
                        "S": "Miracle on 34th Street (1994)"
                    },
                    "genres": {
                        "S": "Drama"
                    }
                }
            }
        }
    ]
}