{
    "movies": [
        {
            "PutRequest": {
                "Item": {
                    "id": {
                        "S": "1"
                    },
                    "title": {
                        "S": "Toy Story (1995)"
                    },
                    "genres": {
                        "S": "Adventure|Animation|Children|Comedy|Fantasy"
                    }
                }
            }
        },
        {
            "PutRequest": {
                "Item": {
                    "id": {
                        "S": "2"
                    },
                    "title": {
                        "S": "Jumanji (1995)"
                    },
                    "genres": {
                        "S": "Adventure|Children|Fantasy"
                    }
                }
            }
        },
        {
            "PutRequest": {
                "Item": {
                    "id": {
                        "S": "3"
                    },
                    "title": {
                        "S": "Grumpier Old Men (1995)"
                    },
                    "genres": {
                        "S": "Comedy|Romance"
                    }
                }
            }
        },
        {
            "PutRequest": {
                "Item": {
                    "id": {
                        "S": "4"
                    },
                    "title": {
                        "S": "Waiting to Exhale (1995)"
                    },
                    "genres": {
                        "S": "Comedy|Drama|Romance"
                    }
                }
            }
        },
        {
            "PutRequest": {
                "Item": {
                    "id": {
                        "S": "5"
                    },
                    "title": {
                        "S": "Father of the Bride Part II (1995)"
                    },
                    "genres": {
                        "S": "Comedy"
                    }
                }
            }
        },
        {
            "PutRequest": {
                "Item": {
                    "id": {
                        "S": "6"
                    },
                    "title": {
                        "S": "Heat (1995)"
                    },
                    "genres": {
                        "S": "Action|Crime|Thriller"
                    }
                }
            }
        },
        {
            "PutRequest": {
                "Item": {
                    "id": {
                        "S": "7"
                    },
                    "title": {
                        "S": "Sabrina (1995)"
                    },
                    "genres": {
                        "S": "Comedy|Romance"
                    }
                }
            }
        },
        {
            "PutRequest": {
                "Item": {
                    "id": {
                        "S": "8"
                    },
                    "title": {
                        "S": "Tom and Huck (1995)"
                    },
                    "genres": {
                        "S": "Adventure|Children"
                    }
                }
            }
        },
        {
            "PutRequest": {
                "Item": {
                    "id": {
                        "S": "9"
                    },
                    "title": {
                        "S": "Sudden Death (1995)"
                    },
                    "genres": {
                        "S": "Action"
                    }
                }
            }
        },
        {
            "PutRequest": {
                "Item": {
                    "id": {
                        "S": "10"
                    },
                    "title": {
                        "S": "GoldenEye (1995)"
                    },
                    "genres": {
                        "S": "Action|Adventure|Thriller"
                    }
                }
            }
        },
        {
            "PutRequest": {
                "Item": {
                    "id": {
                        "S": "11"
                    },
                    "title": {
                        "S": "American President, The (1995)"
                    },
                    "genres": {
                        "S": "Comedy|Drama|Romance"
                    }
                }
            }
        },
        {
            "PutRequest": {
                "Item": {
                    "id": {
                        "S": "12"
                    },
                    "title": {
                        "S": "Dracula: Dead and Loving It (1995)"
                    },
                    "genres": {
                        "S": "Comedy|Horror"
                    }
                }
            }
        },
        {
            "PutRequest": {
                "Item": {
                    "id": {
                        "S": "13"
                    },
                    "title": {
                        "S": "Balto (1995)"
                    },
                    "genres": {
                        "S": "Adventure|Animation|Children"
                    }
                }
            }
        },
        {
            "PutRequest": {
                "Item": {
                    "id": {
                        "S": "14"
                    },
                    "title": {
                        "S": "Nixon (1995)"
                    },
                    "genres": {
                        "S": "Drama"
                    }
                }
            }
        },
        {
            "PutRequest": {
                "Item": {
                    "id": {
                        "S": "15"
                    },
                    "title": {
                        "S": "Cutthroat Island (1995)"
                    },
                    "genres": {
                        "S": "Action|Adventure|Romance"
                    }
                }
            }
        },
        {
            "PutRequest": {
                "Item": {
                    "id": {
                        "S": "16"
                    },
                    "title": {
                        "S": "Casino (1995)"
                    },
                    "genres": {
                        "S": "Crime|Drama"
                    }
                }
            }
        },
        {
            "PutRequest": {
                "Item": {
                    "id": {
                        "S": "17"
                    },
                    "title": {
                        "S": "Sense and Sensibility (1995)"
                    },
                    "genres": {
                        "S": "Drama|Romance"
                    }
                }
            }
        },
        {
            "PutRequest": {
                "Item": {
                    "id": {
                        "S": "18"
                    },
                    "title": {
                        "S": "Four Rooms (1995)"
                    },
                    "genres": {
                        "S": "Comedy"
                    }
                }
            }
        },
        {
            "PutRequest": {
                "Item": {
                    "id": {
                        "S": "19"
                    },
                    "title": {
                        "S": "Ace Ventura: When Nature Calls (1995)"
                    },
                    "genres": {
                        "S": "Comedy"
                    }
                }
            }
        },
        {
            "PutRequest": {
                "Item": {
                    "id": {
                        "S": "20"
                    },
                    "title": {
                        "S": "Money Train (1995)"
                    },
                    "genres": {
                        "S": "Action|Comedy|Crime|Drama|Thriller"
                    }
                }
            }
        },
        {
            "PutRequest": {
                "Item": {
                    "id": {
                        "S": "21"
                    },
                    "title": {
                        "S": "Get Shorty (1995)"
                    },
                    "genres": {
                        "S": "Comedy|Crime|Thriller"
                    }
                }
            }
        },
        {
            "PutRequest": {
                "Item": {
                    "id": {
                        "S": "22"
                    },
                    "title": {
                        "S": "Copycat (1995)"
                    },
                    "genres": {
                        "S": "Crime|Drama|Horror|Mystery|Thriller"
                    }
                }
            }
        },
        {
            "PutRequest": {
                "Item": {
                    "id": {
                        "S": "23"
                    },
                    "title": {
                        "S": "Assassins (1995)"
                    },
                    "genres": {
                        "S": "Action|Crime|Thriller"
                    }
                }
            }
        },
        {
            "PutRequest": {
                "Item": {
                    "id": {
                        "S": "24"
                    },
                    "title": {
                        "S": "Powder (1995)"
                    },
                    "genres": {
                        "S": "Drama|Sci-Fi"
                    }
                }
            }
        },
        {
            "PutRequest": {
                "Item": {
                    "id": {
                        "S": "25"
                    },
                    "title": {
                        "S": "Leaving Las Vegas (1995)"
                    },
                    "genres": {
                        "S": "Drama|Romance"
                    }
                }
            }
        }
    ]
}