{
    "movies": [
        {
            "PutRequest": {
                "Item": {
                    "id": {
                        "S": "142681"
                    },
                    "title": {
                        "S": "Consolation Marriage (1931)"
                    },
                    "genres": {
                        "S": "Drama|Romance"
                    }
                }
            }
        },
        {
            "PutRequest": {
                "Item": {
                    "id": {
                        "S": "142683"
                    },
                    "title": {
                        "S": "Dear Mr. Gacy (2010)"
                    },
                    "genres": {
                        "S": "Comedy|Crime|Drama|Horror|Thriller"
                    }
                }
            }
        },
        {
            "PutRequest": {
                "Item": {
                    "id": {
                        "S": "142685"
                    },
                    "title": {
                        "S": "Death Machines (1976)"
                    },
                    "genres": {
                        "S": "Action"
                    }
                }
            }
        },
        {
            "PutRequest": {
                "Item": {
                    "id": {
                        "S": "142687"
                    },
                    "title": {
                        "S": "Don't Knock the Twist (1962)"
                    },
                    "genres": {
                        "S": "(no genres listed)"
                    }
                }
            }
        },
        {
            "PutRequest": {
                "Item": {
                    "id": {
                        "S": "142689"
                    },
                    "title": {
                        "S": "Drunk Wedding (2015)"
                    },
                    "genres": {
                        "S": "Comedy"
                    }
                }
            }
        },
        {
            "PutRequest": {
                "Item": {
                    "id": {
                        "S": "142691"
                    },
                    "title": {
                        "S": "Evidence (2011)"
                    },
                    "genres": {
                        "S": "Horror"
                    }
                }
            }
        },
        {
            "PutRequest": {
                "Item": {
                    "id": {
                        "S": "142695"
                    },
                    "title": {
                        "S": "Ghoul (2015)"
                    },
                    "genres": {
                        "S": "Horror|Thriller"
                    }
                }
            }
        },
        {
            "PutRequest": {
                "Item": {
                    "id": {
                        "S": "142697"
                    },
                    "title": {
                        "S": "Ghoul (2012)"
                    },
                    "genres": {
                        "S": "Thriller"
                    }
                }
            }
        },
        {
            "PutRequest": {
                "Item": {
                    "id": {
                        "S": "142699"
                    },
                    "title": {
                        "S": "Hazard Jack (2014)"
                    },
                    "genres": {
                        "S": "Horror"
                    }
                }
            }
        },
        {
            "PutRequest": {
                "Item": {
                    "id": {
                        "S": "142701"
                    },
                    "title": {
                        "S": "Headspace (2005)"
                    },
                    "genres": {
                        "S": "Horror|Sci-Fi|Thriller"
                    }
                }
            }
        },
        {
            "PutRequest": {
                "Item": {
                    "id": {
                        "S": "142703"
                    },
                    "title": {
                        "S": "Island of Love (1963)"
                    },
                    "genres": {
                        "S": "Comedy"
                    }
                }
            }
        },
        {
            "PutRequest": {
                "Item": {
                    "id": {
                        "S": "142705"
                    },
                    "title": {
                        "S": "Legion (1998)"
                    },
                    "genres": {
                        "S": "Action"
                    }
                }
            }
        },
        {
            "PutRequest": {
                "Item": {
                    "id": {
                        "S": "142707"
                    },
                    "title": {
                        "S": "Let Go (2011)"
                    },
                    "genres": {
                        "S": "Comedy"
                    }
                }
            }
        },
        {
            "PutRequest": {
                "Item": {
                    "id": {
                        "S": "142709"
                    },
                    "title": {
                        "S": "Little Lord Fauntleroy (1921)"
                    },
                    "genres": {
                        "S": "Drama"
                    }
                }
            }
        },
        {
            "PutRequest": {
                "Item": {
                    "id": {
                        "S": "142711"
                    },
                    "title": {
                        "S": "Lucky Devils (1933)"
                    },
                    "genres": {
                        "S": "Action|Drama"
                    }
                }
            }
        },
        {
            "PutRequest": {
                "Item": {
                    "id": {
                        "S": "142714"
                    },
                    "title": {
                        "S": "Meet The Baron (1933)"
                    },
                    "genres": {
                        "S": "(no genres listed)"
                    }
                }
            }
        },
        {
            "PutRequest": {
                "Item": {
                    "id": {
                        "S": "142717"
                    },
                    "title": {
                        "S": "Resurrection County (2008)"
                    },
                    "genres": {
                        "S": "Horror|Thriller"
                    }
                }
            }
        },
        {
            "PutRequest": {
                "Item": {
                    "id": {
                        "S": "142721"
                    },
                    "title": {
                        "S": "The Rite (1969)"
                    },
                    "genres": {
                        "S": "Drama"
                    }
                }
            }
        },
        {
            "PutRequest": {
                "Item": {
                    "id": {
                        "S": "142723"
                    },
                    "title": {
                        "S": "Rock Rock Rock! (1956)"
                    },
                    "genres": {
                        "S": "(no genres listed)"
                    }
                }
            }
        },
        {
            "PutRequest": {
                "Item": {
                    "id": {
                        "S": "142727"
                    },
                    "title": {
                        "S": "Remains (2011)"
                    },
                    "genres": {
                        "S": "Action|Drama|Horror|Thriller"
                    }
                }
            }
        },
        {
            "PutRequest": {
                "Item": {
                    "id": {
                        "S": "142731"
                    },
                    "title": {
                        "S": "Stolen Identity (1953)"
                    },
                    "genres": {
                        "S": "Action|Crime|Drama|Mystery|Thriller"
                    }
                }
            }
        },
        {
            "PutRequest": {
                "Item": {
                    "id": {
                        "S": "142733"
                    },
                    "title": {
                        "S": "Tango (1993)"
                    },
                    "genres": {
                        "S": "Comedy|Drama"
                    }
                }
            }
        },
        {
            "PutRequest": {
                "Item": {
                    "id": {
                        "S": "142740"
                    },
                    "title": {
                        "S": "Devil Seed (2012)"
                    },
                    "genres": {
                        "S": "Horror"
                    }
                }
            }
        },
        {
            "PutRequest": {
                "Item": {
                    "id": {
                        "S": "142742"
                    },
                    "title": {
                        "S": "The Dark (1979)"
                    },
                    "genres": {
                        "S": "Horror|Sci-Fi"
                    }
                }
            }
        },
        {
            "PutRequest": {
                "Item": {
                    "id": {
                        "S": "142744"
                    },
                    "title": {
                        "S": "Horror House (1969)"
                    },
                    "genres": {
                        "S": "Horror"
                    }
                }
            }
        }
    ]
}