{
    "movies": [
        {
            "PutRequest": {
                "Item": {
                    "id": {
                        "S": "143699"
                    },
                    "title": {
                        "S": "Buttwhistle (2014)"
                    },
                    "genres": {
                        "S": "Comedy|Crime|Drama|Romance"
                    }
                }
            }
        },
        {
            "PutRequest": {
                "Item": {
                    "id": {
                        "S": "143701"
                    },
                    "title": {
                        "S": "Under the Radar (2004)"
                    },
                    "genres": {
                        "S": "(no genres listed)"
                    }
                }
            }
        },
        {
            "PutRequest": {
                "Item": {
                    "id": {
                        "S": "143703"
                    },
                    "title": {
                        "S": "Eden (2014)"
                    },
                    "genres": {
                        "S": "Drama|Thriller"
                    }
                }
            }
        },
        {
            "PutRequest": {
                "Item": {
                    "id": {
                        "S": "143705"
                    },
                    "title": {
                        "S": "The Secret Lives of Second Wives (2008)"
                    },
                    "genres": {
                        "S": "Drama|Romance"
                    }
                }
            }
        },
        {
            "PutRequest": {
                "Item": {
                    "id": {
                        "S": "143707"
                    },
                    "title": {
                        "S": "Cruel World (2005)"
                    },
                    "genres": {
                        "S": "Comedy|Horror|Thriller"
                    }
                }
            }
        },
        {
            "PutRequest": {
                "Item": {
                    "id": {
                        "S": "143709"
                    },
                    "title": {
                        "S": "The Take (2009)"
                    },
                    "genres": {
                        "S": "(no genres listed)"
                    }
                }
            }
        },
        {
            "PutRequest": {
                "Item": {
                    "id": {
                        "S": "143711"
                    },
                    "title": {
                        "S": "By Our Selves (2015)"
                    },
                    "genres": {
                        "S": "(no genres listed)"
                    }
                }
            }
        },
        {
            "PutRequest": {
                "Item": {
                    "id": {
                        "S": "143713"
                    },
                    "title": {
                        "S": "My Mother (2015)"
                    },
                    "genres": {
                        "S": "Drama"
                    }
                }
            }
        },
        {
            "PutRequest": {
                "Item": {
                    "id": {
                        "S": "143715"
                    },
                    "title": {
                        "S": "The Parole Officer (2001)"
                    },
                    "genres": {
                        "S": "Comedy|Crime"
                    }
                }
            }
        },
        {
            "PutRequest": {
                "Item": {
                    "id": {
                        "S": "143717"
                    },
                    "title": {
                        "S": "Meet Market (2008)"
                    },
                    "genres": {
                        "S": "Comedy|Romance"
                    }
                }
            }
        },
        {
            "PutRequest": {
                "Item": {
                    "id": {
                        "S": "143719"
                    },
                    "title": {
                        "S": "Mr. Write (1994)"
                    },
                    "genres": {
                        "S": "Comedy"
                    }
                }
            }
        },
        {
            "PutRequest": {
                "Item": {
                    "id": {
                        "S": "143721"
                    },
                    "title": {
                        "S": "Speaking of Bunuel (2000)"
                    },
                    "genres": {
                        "S": "Documentary"
                    }
                }
            }
        },
        {
            "PutRequest": {
                "Item": {
                    "id": {
                        "S": "143723"
                    },
                    "title": {
                        "S": "La storia vera della signora dalle camelie (1981)"
                    },
                    "genres": {
                        "S": "Drama|Romance"
                    }
                }
            }
        },
        {
            "PutRequest": {
                "Item": {
                    "id": {
                        "S": "143725"
                    },
                    "title": {
                        "S": "Marisa la civetta (1957)"
                    },
                    "genres": {
                        "S": "Comedy"
                    }
                }
            }
        },
        {
            "PutRequest": {
                "Item": {
                    "id": {
                        "S": "143727"
                    },
                    "title": {
                        "S": "Giovani mariti (1958)"
                    },
                    "genres": {
                        "S": "(no genres listed)"
                    }
                }
            }
        },
        {
            "PutRequest": {
                "Item": {
                    "id": {
                        "S": "143729"
                    },
                    "title": {
                        "S": "Arrangiatevi! (1959)"
                    },
                    "genres": {
                        "S": "Comedy"
                    }
                }
            }
        },
        {
            "PutRequest": {
                "Item": {
                    "id": {
                        "S": "143731"
                    },
                    "title": {
                        "S": "The Venetian Woman (1986)"
                    },
                    "genres": {
                        "S": "Drama|Romance"
                    }
                }
            }
        },
        {
            "PutRequest": {
                "Item": {
                    "id": {
                        "S": "143733"
                    },
                    "title": {
                        "S": "Mosca addio (1987)"
                    },
                    "genres": {
                        "S": "Drama"
                    }
                }
            }
        },
        {
            "PutRequest": {
                "Item": {
                    "id": {
                        "S": "143735"
                    },
                    "title": {
                        "S": "Gli Indifferenti (1988)"
                    },
                    "genres": {
                        "S": "Drama"
                    }
                }
            }
        },
        {
            "PutRequest": {
                "Item": {
                    "id": {
                        "S": "143739"
                    },
                    "title": {
                        "S": "Per le antiche scale (1975)"
                    },
                    "genres": {
                        "S": "(no genres listed)"
                    }
                }
            }
        },
        {
            "PutRequest": {
                "Item": {
                    "id": {
                        "S": "143741"
                    },
                    "title": {
                        "S": "The Inheritance (1976)"
                    },
                    "genres": {
                        "S": "Drama"
                    }
                }
            }
        },
        {
            "PutRequest": {
                "Item": {
                    "id": {
                        "S": "143745"
                    },
                    "title": {
                        "S": "Fatti di gente perbene (1974)"
                    },
                    "genres": {
                        "S": "Drama"
                    }
                }
            }
        },
        {
            "PutRequest": {
                "Item": {
                    "id": {
                        "S": "143747"
                    },
                    "title": {
                        "S": "Metello (1970)"
                    },
                    "genres": {
                        "S": "(no genres listed)"
                    }
                }
            }
        },
        {
            "PutRequest": {
                "Item": {
                    "id": {
                        "S": "143749"
                    },
                    "title": {
                        "S": "Un bellissimo novembre (1969)"
                    },
                    "genres": {
                        "S": "Comedy|Drama"
                    }
                }
            }
        },
        {
            "PutRequest": {
                "Item": {
                    "id": {
                        "S": "143751"
                    },
                    "title": {
                        "S": "He and She (1969)"
                    },
                    "genres": {
                        "S": "Drama"
                    }
                }
            }
        }
    ]
}