{
    "movies": [
        {
            "PutRequest": {
                "Item": {
                    "id": {
                        "S": "125523"
                    },
                    "title": {
                        "S": "Time Limit (1957)"
                    },
                    "genres": {
                        "S": "Drama|Mystery|War"
                    }
                }
            }
        },
        {
            "PutRequest": {
                "Item": {
                    "id": {
                        "S": "125525"
                    },
                    "title": {
                        "S": "Lost Signal (2007)"
                    },
                    "genres": {
                        "S": "Horror|Thriller"
                    }
                }
            }
        },
        {
            "PutRequest": {
                "Item": {
                    "id": {
                        "S": "125527"
                    },
                    "title": {
                        "S": "Slap Shot 3: The Junior League (2008)"
                    },
                    "genres": {
                        "S": "Action|Adventure|Comedy"
                    }
                }
            }
        },
        {
            "PutRequest": {
                "Item": {
                    "id": {
                        "S": "125529"
                    },
                    "title": {
                        "S": "Laughter In Paradise (1951)"
                    },
                    "genres": {
                        "S": "Comedy"
                    }
                }
            }
        },
        {
            "PutRequest": {
                "Item": {
                    "id": {
                        "S": "125531"
                    },
                    "title": {
                        "S": "Fun on a Weekend (1947)"
                    },
                    "genres": {
                        "S": "(no genres listed)"
                    }
                }
            }
        },
        {
            "PutRequest": {
                "Item": {
                    "id": {
                        "S": "125533"
                    },
                    "title": {
                        "S": "Almost 18 (2012)"
                    },
                    "genres": {
                        "S": "Comedy|Drama"
                    }
                }
            }
        },
        {
            "PutRequest": {
                "Item": {
                    "id": {
                        "S": "125535"
                    },
                    "title": {
                        "S": "Fist of Jesus (2012)"
                    },
                    "genres": {
                        "S": "(no genres listed)"
                    }
                }
            }
        },
        {
            "PutRequest": {
                "Item": {
                    "id": {
                        "S": "125537"
                    },
                    "title": {
                        "S": "Print the Legend (2014)"
                    },
                    "genres": {
                        "S": "Documentary"
                    }
                }
            }
        },
        {
            "PutRequest": {
                "Item": {
                    "id": {
                        "S": "125539"
                    },
                    "title": {
                        "S": "He Who Dares (2014)"
                    },
                    "genres": {
                        "S": "Action"
                    }
                }
            }
        },
        {
            "PutRequest": {
                "Item": {
                    "id": {
                        "S": "125541"
                    },
                    "title": {
                        "S": "Anina (2013)"
                    },
                    "genres": {
                        "S": "Adventure|Animation|Children"
                    }
                }
            }
        },
        {
            "PutRequest": {
                "Item": {
                    "id": {
                        "S": "125543"
                    },
                    "title": {
                        "S": "Against The Sun (2015)"
                    },
                    "genres": {
                        "S": "Adventure"
                    }
                }
            }
        },
        {
            "PutRequest": {
                "Item": {
                    "id": {
                        "S": "125545"
                    },
                    "title": {
                        "S": "The Divine Move (2014)"
                    },
                    "genres": {
                        "S": "Action|Crime|Drama"
                    }
                }
            }
        },
        {
            "PutRequest": {
                "Item": {
                    "id": {
                        "S": "125547"
                    },
                    "title": {
                        "S": "Nine Guests for a Crime (1977)"
                    },
                    "genres": {
                        "S": "Mystery|Thriller"
                    }
                }
            }
        },
        {
            "PutRequest": {
                "Item": {
                    "id": {
                        "S": "125549"
                    },
                    "title": {
                        "S": "A Reason to Live, a Reason to Die (1972)"
                    },
                    "genres": {
                        "S": "Western"
                    }
                }
            }
        },
        {
            "PutRequest": {
                "Item": {
                    "id": {
                        "S": "125551"
                    },
                    "title": {
                        "S": "A Yank at Eton (1942)"
                    },
                    "genres": {
                        "S": "(no genres listed)"
                    }
                }
            }
        },
        {
            "PutRequest": {
                "Item": {
                    "id": {
                        "S": "125553"
                    },
                    "title": {
                        "S": "Apache Trail (1942)"
                    },
                    "genres": {
                        "S": "Romance|Western"
                    }
                }
            }
        },
        {
            "PutRequest": {
                "Item": {
                    "id": {
                        "S": "125555"
                    },
                    "title": {
                        "S": "Bowery at Midnight (1942)"
                    },
                    "genres": {
                        "S": "Action|Comedy|Horror"
                    }
                }
            }
        },
        {
            "PutRequest": {
                "Item": {
                    "id": {
                        "S": "125557"
                    },
                    "title": {
                        "S": "Devils Hand, The (La main du diable) (1943)"
                    },
                    "genres": {
                        "S": "Fantasy|Horror"
                    }
                }
            }
        },
        {
            "PutRequest": {
                "Item": {
                    "id": {
                        "S": "125559"
                    },
                    "title": {
                        "S": "Lucky Country (2009)"
                    },
                    "genres": {
                        "S": "Adventure|Drama|Thriller"
                    }
                }
            }
        },
        {
            "PutRequest": {
                "Item": {
                    "id": {
                        "S": "125561"
                    },
                    "title": {
                        "S": "Duffy (1968)"
                    },
                    "genres": {
                        "S": "(no genres listed)"
                    }
                }
            }
        },
        {
            "PutRequest": {
                "Item": {
                    "id": {
                        "S": "125563"
                    },
                    "title": {
                        "S": "Tasting Menu (2014)"
                    },
                    "genres": {
                        "S": "Comedy"
                    }
                }
            }
        },
        {
            "PutRequest": {
                "Item": {
                    "id": {
                        "S": "125565"
                    },
                    "title": {
                        "S": "Night Will Fall (2014)"
                    },
                    "genres": {
                        "S": "Documentary"
                    }
                }
            }
        },
        {
            "PutRequest": {
                "Item": {
                    "id": {
                        "S": "125567"
                    },
                    "title": {
                        "S": "Pony Soldier (1952)"
                    },
                    "genres": {
                        "S": "Western"
                    }
                }
            }
        },
        {
            "PutRequest": {
                "Item": {
                    "id": {
                        "S": "125569"
                    },
                    "title": {
                        "S": "The Amazing Catfish (2013)"
                    },
                    "genres": {
                        "S": "Comedy|Drama"
                    }
                }
            }
        },
        {
            "PutRequest": {
                "Item": {
                    "id": {
                        "S": "125571"
                    },
                    "title": {
                        "S": "The Court-Martial of Jackie Robinson"
                    },
                    "genres": {
                        "S": "(no genres listed)"
                    }
                }
            }
        }
    ]
}