{
    "movies": [
        {
            "PutRequest": {
                "Item": {
                    "id": {
                        "S": "124283"
                    },
                    "title": {
                        "S": "Luckytown (2000)"
                    },
                    "genres": {
                        "S": "Crime|Drama|Mystery|Thriller"
                    }
                }
            }
        },
        {
            "PutRequest": {
                "Item": {
                    "id": {
                        "S": "124285"
                    },
                    "title": {
                        "S": "Johnny O'Clock (1947)"
                    },
                    "genres": {
                        "S": "Crime|Drama"
                    }
                }
            }
        },
        {
            "PutRequest": {
                "Item": {
                    "id": {
                        "S": "124287"
                    },
                    "title": {
                        "S": "The Woman In White (1998)"
                    },
                    "genres": {
                        "S": "Thriller"
                    }
                }
            }
        },
        {
            "PutRequest": {
                "Item": {
                    "id": {
                        "S": "124290"
                    },
                    "title": {
                        "S": "Reign of Terror (1949)"
                    },
                    "genres": {
                        "S": "Drama"
                    }
                }
            }
        },
        {
            "PutRequest": {
                "Item": {
                    "id": {
                        "S": "124292"
                    },
                    "title": {
                        "S": "The Jackie Robinson Story (1950)"
                    },
                    "genres": {
                        "S": "Children|Drama"
                    }
                }
            }
        },
        {
            "PutRequest": {
                "Item": {
                    "id": {
                        "S": "124294"
                    },
                    "title": {
                        "S": "The Shanghai Cobra (1945)"
                    },
                    "genres": {
                        "S": "Mystery|Thriller"
                    }
                }
            }
        },
        {
            "PutRequest": {
                "Item": {
                    "id": {
                        "S": "124296"
                    },
                    "title": {
                        "S": "Invasion, U.S.A. (1952)"
                    },
                    "genres": {
                        "S": "Sci-Fi"
                    }
                }
            }
        },
        {
            "PutRequest": {
                "Item": {
                    "id": {
                        "S": "124298"
                    },
                    "title": {
                        "S": "Hider in the House (1989)"
                    },
                    "genres": {
                        "S": "Horror|Thriller"
                    }
                }
            }
        },
        {
            "PutRequest": {
                "Item": {
                    "id": {
                        "S": "124300"
                    },
                    "title": {
                        "S": "White: The Melody of the Curse (2011)"
                    },
                    "genres": {
                        "S": "Horror"
                    }
                }
            }
        },
        {
            "PutRequest": {
                "Item": {
                    "id": {
                        "S": "124302"
                    },
                    "title": {
                        "S": "Kermit's Swamp Years (2002)"
                    },
                    "genres": {
                        "S": "Children|Comedy|Fantasy"
                    }
                }
            }
        },
        {
            "PutRequest": {
                "Item": {
                    "id": {
                        "S": "124304"
                    },
                    "title": {
                        "S": "Harry in Your Pocket (1973)"
                    },
                    "genres": {
                        "S": "Comedy|Crime|Drama"
                    }
                }
            }
        },
        {
            "PutRequest": {
                "Item": {
                    "id": {
                        "S": "124306"
                    },
                    "title": {
                        "S": "New World Disorder (1999)"
                    },
                    "genres": {
                        "S": "Action|Thriller"
                    }
                }
            }
        },
        {
            "PutRequest": {
                "Item": {
                    "id": {
                        "S": "124308"
                    },
                    "title": {
                        "S": "The Honeymoon Machine (1961)"
                    },
                    "genres": {
                        "S": "Comedy"
                    }
                }
            }
        },
        {
            "PutRequest": {
                "Item": {
                    "id": {
                        "S": "124310"
                    },
                    "title": {
                        "S": "Fair is Fair (2010)"
                    },
                    "genres": {
                        "S": "Comedy"
                    }
                }
            }
        },
        {
            "PutRequest": {
                "Item": {
                    "id": {
                        "S": "124312"
                    },
                    "title": {
                        "S": "World for Ransom (1954)"
                    },
                    "genres": {
                        "S": "Action|Drama|Thriller"
                    }
                }
            }
        },
        {
            "PutRequest": {
                "Item": {
                    "id": {
                        "S": "124314"
                    },
                    "title": {
                        "S": "The Angry Hills (1959)"
                    },
                    "genres": {
                        "S": "Drama|Thriller|War"
                    }
                }
            }
        },
        {
            "PutRequest": {
                "Item": {
                    "id": {
                        "S": "124318"
                    },
                    "title": {
                        "S": "The Grissom Gang (1971)"
                    },
                    "genres": {
                        "S": "Action|Crime|Drama|Thriller"
                    }
                }
            }
        },
        {
            "PutRequest": {
                "Item": {
                    "id": {
                        "S": "124320"
                    },
                    "title": {
                        "S": "Once a Thief (1965)"
                    },
                    "genres": {
                        "S": "Crime|Drama|Thriller"
                    }
                }
            }
        },
        {
            "PutRequest": {
                "Item": {
                    "id": {
                        "S": "124322"
                    },
                    "title": {
                        "S": "House Party 4: Down to the Last Minute (2001)"
                    },
                    "genres": {
                        "S": "Comedy"
                    }
                }
            }
        },
        {
            "PutRequest": {
                "Item": {
                    "id": {
                        "S": "124324"
                    },
                    "title": {
                        "S": "Race to Space (2002)"
                    },
                    "genres": {
                        "S": "Children|Drama"
                    }
                }
            }
        },
        {
            "PutRequest": {
                "Item": {
                    "id": {
                        "S": "124326"
                    },
                    "title": {
                        "S": "White Line Fever (1975)"
                    },
                    "genres": {
                        "S": "Action"
                    }
                }
            }
        },
        {
            "PutRequest": {
                "Item": {
                    "id": {
                        "S": "124328"
                    },
                    "title": {
                        "S": "The Night We Called It a Day (2003)"
                    },
                    "genres": {
                        "S": "Comedy|Drama"
                    }
                }
            }
        },
        {
            "PutRequest": {
                "Item": {
                    "id": {
                        "S": "124330"
                    },
                    "title": {
                        "S": "Local Boys (2002)"
                    },
                    "genres": {
                        "S": "Drama"
                    }
                }
            }
        },
        {
            "PutRequest": {
                "Item": {
                    "id": {
                        "S": "124332"
                    },
                    "title": {
                        "S": "Snow Queen (2012)"
                    },
                    "genres": {
                        "S": "Animation|Fantasy"
                    }
                }
            }
        },
        {
            "PutRequest": {
                "Item": {
                    "id": {
                        "S": "124334"
                    },
                    "title": {
                        "S": "Mimesis (2011)"
                    },
                    "genres": {
                        "S": "Horror"
                    }
                }
            }
        }
    ]
}