{
    "movies": [
        {
            "PutRequest": {
                "Item": {
                    "id": {
                        "S": "132850"
                    },
                    "title": {
                        "S": "Tesoro mio (1979)"
                    },
                    "genres": {
                        "S": "(no genres listed)"
                    }
                }
            }
        },
        {
            "PutRequest": {
                "Item": {
                    "id": {
                        "S": "132852"
                    },
                    "title": {
                        "S": "Neapolitan Mystery (1979)"
                    },
                    "genres": {
                        "S": "(no genres listed)"
                    }
                }
            }
        },
        {
            "PutRequest": {
                "Item": {
                    "id": {
                        "S": "132854"
                    },
                    "title": {
                        "S": "Johnny One-Eye (1950)"
                    },
                    "genres": {
                        "S": "Crime|Drama"
                    }
                }
            }
        },
        {
            "PutRequest": {
                "Item": {
                    "id": {
                        "S": "132856"
                    },
                    "title": {
                        "S": "Control (1987)"
                    },
                    "genres": {
                        "S": "Drama|Thriller"
                    }
                }
            }
        },
        {
            "PutRequest": {
                "Item": {
                    "id": {
                        "S": "132858"
                    },
                    "title": {
                        "S": "Kid Monk Baroni (1952)"
                    },
                    "genres": {
                        "S": "Drama"
                    }
                }
            }
        },
        {
            "PutRequest": {
                "Item": {
                    "id": {
                        "S": "132860"
                    },
                    "title": {
                        "S": "Amore libero - Free Love (1974)"
                    },
                    "genres": {
                        "S": "(no genres listed)"
                    }
                }
            }
        },
        {
            "PutRequest": {
                "Item": {
                    "id": {
                        "S": "132862"
                    },
                    "title": {
                        "S": "Port of New York (1949)"
                    },
                    "genres": {
                        "S": "Crime|Drama|Film-Noir"
                    }
                }
            }
        },
        {
            "PutRequest": {
                "Item": {
                    "id": {
                        "S": "132864"
                    },
                    "title": {
                        "S": "Gang Busters (1955)"
                    },
                    "genres": {
                        "S": "Crime"
                    }
                }
            }
        },
        {
            "PutRequest": {
                "Item": {
                    "id": {
                        "S": "132866"
                    },
                    "title": {
                        "S": "Guns Don't Argue (1957)"
                    },
                    "genres": {
                        "S": "(no genres listed)"
                    }
                }
            }
        },
        {
            "PutRequest": {
                "Item": {
                    "id": {
                        "S": "132868"
                    },
                    "title": {
                        "S": "I Am A Criminal (1938)"
                    },
                    "genres": {
                        "S": "(no genres listed)"
                    }
                }
            }
        },
        {
            "PutRequest": {
                "Item": {
                    "id": {
                        "S": "132870"
                    },
                    "title": {
                        "S": "Hearts and Armour (1983)"
                    },
                    "genres": {
                        "S": "Action|Adventure|Fantasy"
                    }
                }
            }
        },
        {
            "PutRequest": {
                "Item": {
                    "id": {
                        "S": "132872"
                    },
                    "title": {
                        "S": "Gangster Story (1959)"
                    },
                    "genres": {
                        "S": "Crime|Drama|Thriller"
                    }
                }
            }
        },
        {
            "PutRequest": {
                "Item": {
                    "id": {
                        "S": "132874"
                    },
                    "title": {
                        "S": "Rose (2011)"
                    },
                    "genres": {
                        "S": "Drama|War"
                    }
                }
            }
        },
        {
            "PutRequest": {
                "Item": {
                    "id": {
                        "S": "132877"
                    },
                    "title": {
                        "S": "The Impossible Hour (1974)"
                    },
                    "genres": {
                        "S": "Documentary"
                    }
                }
            }
        },
        {
            "PutRequest": {
                "Item": {
                    "id": {
                        "S": "132879"
                    },
                    "title": {
                        "S": "The Stars and the Water Carriers (1974)"
                    },
                    "genres": {
                        "S": "(no genres listed)"
                    }
                }
            }
        },
        {
            "PutRequest": {
                "Item": {
                    "id": {
                        "S": "132883"
                    },
                    "title": {
                        "S": "Testament of Youth (2014)"
                    },
                    "genres": {
                        "S": "Drama|War"
                    }
                }
            }
        },
        {
            "PutRequest": {
                "Item": {
                    "id": {
                        "S": "132886"
                    },
                    "title": {
                        "S": "Springtime in the Rockies (1942)"
                    },
                    "genres": {
                        "S": "(no genres listed)"
                    }
                }
            }
        },
        {
            "PutRequest": {
                "Item": {
                    "id": {
                        "S": "132888"
                    },
                    "title": {
                        "S": "Comedy Central Roast of James Franco (2013)"
                    },
                    "genres": {
                        "S": "Comedy"
                    }
                }
            }
        },
        {
            "PutRequest": {
                "Item": {
                    "id": {
                        "S": "132890"
                    },
                    "title": {
                        "S": "Toto and his Sisters (2014)"
                    },
                    "genres": {
                        "S": "(no genres listed)"
                    }
                }
            }
        },
        {
            "PutRequest": {
                "Item": {
                    "id": {
                        "S": "132892"
                    },
                    "title": {
                        "S": "Made in Argentina (1987)"
                    },
                    "genres": {
                        "S": "(no genres listed)"
                    }
                }
            }
        },
        {
            "PutRequest": {
                "Item": {
                    "id": {
                        "S": "132894"
                    },
                    "title": {
                        "S": "Cenizas del Paraiso (1997)"
                    },
                    "genres": {
                        "S": "Crime|Drama|Mystery|Thriller"
                    }
                }
            }
        },
        {
            "PutRequest": {
                "Item": {
                    "id": {
                        "S": "132896"
                    },
                    "title": {
                        "S": "Pelota (1983)"
                    },
                    "genres": {
                        "S": "(no genres listed)"
                    }
                }
            }
        },
        {
            "PutRequest": {
                "Item": {
                    "id": {
                        "S": "132898"
                    },
                    "title": {
                        "S": "Terror Express (1979)"
                    },
                    "genres": {
                        "S": "Drama"
                    }
                }
            }
        },
        {
            "PutRequest": {
                "Item": {
                    "id": {
                        "S": "132900"
                    },
                    "title": {
                        "S": "Half the Sky: Turning Oppression Into Opportunity for Women Worldwide (2012)"
                    },
                    "genres": {
                        "S": "Documentary"
                    }
                }
            }
        },
        {
            "PutRequest": {
                "Item": {
                    "id": {
                        "S": "132902"
                    },
                    "title": {
                        "S": "Girl Rising (2013)"
                    },
                    "genres": {
                        "S": "Documentary"
                    }
                }
            }
        }
    ]
}