{
    "movies": [
        {
            "PutRequest": {
                "Item": {
                    "id": {
                        "S": "133559"
                    },
                    "title": {
                        "S": "Split Image (1982)"
                    },
                    "genres": {
                        "S": "Drama"
                    }
                }
            }
        },
        {
            "PutRequest": {
                "Item": {
                    "id": {
                        "S": "133561"
                    },
                    "title": {
                        "S": "Two Gentlemen Sharing (1969)"
                    },
                    "genres": {
                        "S": "Drama|Romance"
                    }
                }
            }
        },
        {
            "PutRequest": {
                "Item": {
                    "id": {
                        "S": "133563"
                    },
                    "title": {
                        "S": "Life at the Top (1965)"
                    },
                    "genres": {
                        "S": "Drama"
                    }
                }
            }
        },
        {
            "PutRequest": {
                "Item": {
                    "id": {
                        "S": "133565"
                    },
                    "title": {
                        "S": "Tiara Tahiti (1962)"
                    },
                    "genres": {
                        "S": "(no genres listed)"
                    }
                }
            }
        },
        {
            "PutRequest": {
                "Item": {
                    "id": {
                        "S": "133567"
                    },
                    "title": {
                        "S": "Macbeth (2006)"
                    },
                    "genres": {
                        "S": "Action|Drama|Thriller"
                    }
                }
            }
        },
        {
            "PutRequest": {
                "Item": {
                    "id": {
                        "S": "133569"
                    },
                    "title": {
                        "S": "Metal Skin (1994)"
                    },
                    "genres": {
                        "S": "Action|Drama"
                    }
                }
            }
        },
        {
            "PutRequest": {
                "Item": {
                    "id": {
                        "S": "133571"
                    },
                    "title": {
                        "S": "Specters (1987)"
                    },
                    "genres": {
                        "S": "Horror"
                    }
                }
            }
        },
        {
            "PutRequest": {
                "Item": {
                    "id": {
                        "S": "133573"
                    },
                    "title": {
                        "S": "Der Schatz (1923)"
                    },
                    "genres": {
                        "S": "Drama|Romance"
                    }
                }
            }
        },
        {
            "PutRequest": {
                "Item": {
                    "id": {
                        "S": "133575"
                    },
                    "title": {
                        "S": "Do Detectives Think? (1927)"
                    },
                    "genres": {
                        "S": "Comedy"
                    }
                }
            }
        },
        {
            "PutRequest": {
                "Item": {
                    "id": {
                        "S": "133577"
                    },
                    "title": {
                        "S": "You're Darn Tootin' (1928)"
                    },
                    "genres": {
                        "S": "Comedy"
                    }
                }
            }
        },
        {
            "PutRequest": {
                "Item": {
                    "id": {
                        "S": "133579"
                    },
                    "title": {
                        "S": "Addicted (2002)"
                    },
                    "genres": {
                        "S": "Drama|Mystery|Romance|Thriller"
                    }
                }
            }
        },
        {
            "PutRequest": {
                "Item": {
                    "id": {
                        "S": "133581"
                    },
                    "title": {
                        "S": "Bad Hair (2013)"
                    },
                    "genres": {
                        "S": "Drama"
                    }
                }
            }
        },
        {
            "PutRequest": {
                "Item": {
                    "id": {
                        "S": "133583"
                    },
                    "title": {
                        "S": "Bessie (2015)"
                    },
                    "genres": {
                        "S": "Drama"
                    }
                }
            }
        },
        {
            "PutRequest": {
                "Item": {
                    "id": {
                        "S": "133585"
                    },
                    "title": {
                        "S": "The Little Chaos (1966)"
                    },
                    "genres": {
                        "S": "(no genres listed)"
                    }
                }
            }
        },
        {
            "PutRequest": {
                "Item": {
                    "id": {
                        "S": "133587"
                    },
                    "title": {
                        "S": "Devil's Island (1996)"
                    },
                    "genres": {
                        "S": "Comedy|Drama"
                    }
                }
            }
        },
        {
            "PutRequest": {
                "Item": {
                    "id": {
                        "S": "133589"
                    },
                    "title": {
                        "S": "Devil's Island (1926)"
                    },
                    "genres": {
                        "S": "Drama|Romance"
                    }
                }
            }
        },
        {
            "PutRequest": {
                "Item": {
                    "id": {
                        "S": "133591"
                    },
                    "title": {
                        "S": "Here Is Your Life (1966)"
                    },
                    "genres": {
                        "S": "Drama"
                    }
                }
            }
        },
        {
            "PutRequest": {
                "Item": {
                    "id": {
                        "S": "133593"
                    },
                    "title": {
                        "S": "Iverson (2014)"
                    },
                    "genres": {
                        "S": "Documentary"
                    }
                }
            }
        },
        {
            "PutRequest": {
                "Item": {
                    "id": {
                        "S": "133596"
                    },
                    "title": {
                        "S": "Milosc (2012)"
                    },
                    "genres": {
                        "S": "Drama|Romance"
                    }
                }
            }
        },
        {
            "PutRequest": {
                "Item": {
                    "id": {
                        "S": "133598"
                    },
                    "title": {
                        "S": "Miss Pacific Fleet (1935)"
                    },
                    "genres": {
                        "S": "(no genres listed)"
                    }
                }
            }
        },
        {
            "PutRequest": {
                "Item": {
                    "id": {
                        "S": "133600"
                    },
                    "title": {
                        "S": "The Murder Man (1935)"
                    },
                    "genres": {
                        "S": "Crime|Drama|Romance|Thriller"
                    }
                }
            }
        },
        {
            "PutRequest": {
                "Item": {
                    "id": {
                        "S": "133602"
                    },
                    "title": {
                        "S": "Nightingale (2015)"
                    },
                    "genres": {
                        "S": "Drama|Mystery|Thriller"
                    }
                }
            }
        },
        {
            "PutRequest": {
                "Item": {
                    "id": {
                        "S": "133604"
                    },
                    "title": {
                        "S": "Pimps Up, Ho's Down (2000)"
                    },
                    "genres": {
                        "S": "Documentary"
                    }
                }
            }
        },
        {
            "PutRequest": {
                "Item": {
                    "id": {
                        "S": "133606"
                    },
                    "title": {
                        "S": "Rembrandt (1999)"
                    },
                    "genres": {
                        "S": "(no genres listed)"
                    }
                }
            }
        },
        {
            "PutRequest": {
                "Item": {
                    "id": {
                        "S": "133608"
                    },
                    "title": {
                        "S": "Saskatchewan (1954)"
                    },
                    "genres": {
                        "S": "Western"
                    }
                }
            }
        }
    ]
}