{
    "movies": [
        {
            "PutRequest": {
                "Item": {
                    "id": {
                        "S": "130690"
                    },
                    "title": {
                        "S": "Cheerleaders Beach Party (1978)"
                    },
                    "genres": {
                        "S": "(no genres listed)"
                    }
                }
            }
        },
        {
            "PutRequest": {
                "Item": {
                    "id": {
                        "S": "130692"
                    },
                    "title": {
                        "S": "Sam's Song (1969)"
                    },
                    "genres": {
                        "S": "Drama"
                    }
                }
            }
        },
        {
            "PutRequest": {
                "Item": {
                    "id": {
                        "S": "130694"
                    },
                    "title": {
                        "S": "Gas Pump Girls (1979)"
                    },
                    "genres": {
                        "S": "Comedy"
                    }
                }
            }
        },
        {
            "PutRequest": {
                "Item": {
                    "id": {
                        "S": "130698"
                    },
                    "title": {
                        "S": "The Swap (1979)"
                    },
                    "genres": {
                        "S": "Crime|Drama"
                    }
                }
            }
        },
        {
            "PutRequest": {
                "Item": {
                    "id": {
                        "S": "130702"
                    },
                    "title": {
                        "S": "The Godsend (1980)"
                    },
                    "genres": {
                        "S": "Horror|Thriller"
                    }
                }
            }
        },
        {
            "PutRequest": {
                "Item": {
                    "id": {
                        "S": "130704"
                    },
                    "title": {
                        "S": "Hot T-Shirts (1980)"
                    },
                    "genres": {
                        "S": "Action"
                    }
                }
            }
        },
        {
            "PutRequest": {
                "Item": {
                    "id": {
                        "S": "130706"
                    },
                    "title": {
                        "S": "Last Rites (1980)"
                    },
                    "genres": {
                        "S": "Horror"
                    }
                }
            }
        },
        {
            "PutRequest": {
                "Item": {
                    "id": {
                        "S": "130708"
                    },
                    "title": {
                        "S": "The Happy Hooker Goes Hollywood (1980)"
                    },
                    "genres": {
                        "S": "Comedy"
                    }
                }
            }
        },
        {
            "PutRequest": {
                "Item": {
                    "id": {
                        "S": "130712"
                    },
                    "title": {
                        "S": "Dr. Heckyl And Mr. Hype (1980)"
                    },
                    "genres": {
                        "S": "Comedy"
                    }
                }
            }
        },
        {
            "PutRequest": {
                "Item": {
                    "id": {
                        "S": "130714"
                    },
                    "title": {
                        "S": "Lupo Goes to New York (1976)"
                    },
                    "genres": {
                        "S": "(no genres listed)"
                    }
                }
            }
        },
        {
            "PutRequest": {
                "Item": {
                    "id": {
                        "S": "130716"
                    },
                    "title": {
                        "S": "Lunar Cop (1995)"
                    },
                    "genres": {
                        "S": "(no genres listed)"
                    }
                }
            }
        },
        {
            "PutRequest": {
                "Item": {
                    "id": {
                        "S": "130720"
                    },
                    "title": {
                        "S": "Dutch Treat (1987)"
                    },
                    "genres": {
                        "S": "(no genres listed)"
                    }
                }
            }
        },
        {
            "PutRequest": {
                "Item": {
                    "id": {
                        "S": "130722"
                    },
                    "title": {
                        "S": "Private Popsicle (1983)"
                    },
                    "genres": {
                        "S": "Comedy|Drama"
                    }
                }
            }
        },
        {
            "PutRequest": {
                "Item": {
                    "id": {
                        "S": "130724"
                    },
                    "title": {
                        "S": "Hospital Massacre (1982)"
                    },
                    "genres": {
                        "S": "Horror|Thriller"
                    }
                }
            }
        },
        {
            "PutRequest": {
                "Item": {
                    "id": {
                        "S": "130726"
                    },
                    "title": {
                        "S": "Hot Bubblegum (1981)"
                    },
                    "genres": {
                        "S": "Comedy|Drama|Romance"
                    }
                }
            }
        },
        {
            "PutRequest": {
                "Item": {
                    "id": {
                        "S": "130728"
                    },
                    "title": {
                        "S": "Going Steady (1979)"
                    },
                    "genres": {
                        "S": "Comedy|Drama|Romance"
                    }
                }
            }
        },
        {
            "PutRequest": {
                "Item": {
                    "id": {
                        "S": "130730"
                    },
                    "title": {
                        "S": "Lemon Popsicle (1978)"
                    },
                    "genres": {
                        "S": "Comedy|Drama|Romance"
                    }
                }
            }
        },
        {
            "PutRequest": {
                "Item": {
                    "id": {
                        "S": "130732"
                    },
                    "title": {
                        "S": "Shablul (1971)"
                    },
                    "genres": {
                        "S": "(no genres listed)"
                    }
                }
            }
        },
        {
            "PutRequest": {
                "Item": {
                    "id": {
                        "S": "130734"
                    },
                    "title": {
                        "S": "New Year's Evil (1980)"
                    },
                    "genres": {
                        "S": "Horror"
                    }
                }
            }
        },
        {
            "PutRequest": {
                "Item": {
                    "id": {
                        "S": "130736"
                    },
                    "title": {
                        "S": "Body and Soul (1981)"
                    },
                    "genres": {
                        "S": "Drama"
                    }
                }
            }
        },
        {
            "PutRequest": {
                "Item": {
                    "id": {
                        "S": "130738"
                    },
                    "title": {
                        "S": "A Man Called Sarge (1990)"
                    },
                    "genres": {
                        "S": "Comedy"
                    }
                }
            }
        },
        {
            "PutRequest": {
                "Item": {
                    "id": {
                        "S": "130740"
                    },
                    "title": {
                        "S": "Keaton's Cop (1990)"
                    },
                    "genres": {
                        "S": "Crime"
                    }
                }
            }
        },
        {
            "PutRequest": {
                "Item": {
                    "id": {
                        "S": "130742"
                    },
                    "title": {
                        "S": "Young Warriors (1983)"
                    },
                    "genres": {
                        "S": "Action|Drama"
                    }
                }
            }
        },
        {
            "PutRequest": {
                "Item": {
                    "id": {
                        "S": "130744"
                    },
                    "title": {
                        "S": "Nana, the True Key of Pleasure (1983)"
                    },
                    "genres": {
                        "S": "Comedy|Drama"
                    }
                }
            }
        },
        {
            "PutRequest": {
                "Item": {
                    "id": {
                        "S": "130746"
                    },
                    "title": {
                        "S": "Bolero (1984)"
                    },
                    "genres": {
                        "S": "Drama|Romance"
                    }
                }
            }
        }
    ]
}