{
    "movies": [
        {
            "PutRequest": {
                "Item": {
                    "id": {
                        "S": "137986"
                    },
                    "title": {
                        "S": "The Initiation of Sarah (2006)"
                    },
                    "genres": {
                        "S": "Drama|Horror|Thriller"
                    }
                }
            }
        },
        {
            "PutRequest": {
                "Item": {
                    "id": {
                        "S": "137990"
                    },
                    "title": {
                        "S": "Dark Tides"
                    },
                    "genres": {
                        "S": "(no genres listed)"
                    }
                }
            }
        },
        {
            "PutRequest": {
                "Item": {
                    "id": {
                        "S": "137992"
                    },
                    "title": {
                        "S": "I Am I (2013)"
                    },
                    "genres": {
                        "S": "Drama"
                    }
                }
            }
        },
        {
            "PutRequest": {
                "Item": {
                    "id": {
                        "S": "137994"
                    },
                    "title": {
                        "S": "Muirhouse (2013)"
                    },
                    "genres": {
                        "S": "(no genres listed)"
                    }
                }
            }
        },
        {
            "PutRequest": {
                "Item": {
                    "id": {
                        "S": "137996"
                    },
                    "title": {
                        "S": "Silent Tongue (1993)"
                    },
                    "genres": {
                        "S": "Drama|Horror|Western"
                    }
                }
            }
        },
        {
            "PutRequest": {
                "Item": {
                    "id": {
                        "S": "137998"
                    },
                    "title": {
                        "S": "Liberated Zone (2003)"
                    },
                    "genres": {
                        "S": "Comedy|Drama|Romance"
                    }
                }
            }
        },
        {
            "PutRequest": {
                "Item": {
                    "id": {
                        "S": "138000"
                    },
                    "title": {
                        "S": "Believe (2000)"
                    },
                    "genres": {
                        "S": "Horror"
                    }
                }
            }
        },
        {
            "PutRequest": {
                "Item": {
                    "id": {
                        "S": "138002"
                    },
                    "title": {
                        "S": "Let The Devil Wear Black (1999)"
                    },
                    "genres": {
                        "S": "Drama|Mystery|Thriller"
                    }
                }
            }
        },
        {
            "PutRequest": {
                "Item": {
                    "id": {
                        "S": "138006"
                    },
                    "title": {
                        "S": "Funkytown (2011)"
                    },
                    "genres": {
                        "S": "Drama"
                    }
                }
            }
        },
        {
            "PutRequest": {
                "Item": {
                    "id": {
                        "S": "138008"
                    },
                    "title": {
                        "S": "New Year (2011)"
                    },
                    "genres": {
                        "S": "(no genres listed)"
                    }
                }
            }
        },
        {
            "PutRequest": {
                "Item": {
                    "id": {
                        "S": "138010"
                    },
                    "title": {
                        "S": "The Other Me (2000)"
                    },
                    "genres": {
                        "S": "Children|Comedy|Fantasy"
                    }
                }
            }
        },
        {
            "PutRequest": {
                "Item": {
                    "id": {
                        "S": "138012"
                    },
                    "title": {
                        "S": "Turn the Beat Around (2010)"
                    },
                    "genres": {
                        "S": "Drama"
                    }
                }
            }
        },
        {
            "PutRequest": {
                "Item": {
                    "id": {
                        "S": "138014"
                    },
                    "title": {
                        "S": "The Two Mr. Kissels (2008)"
                    },
                    "genres": {
                        "S": "Drama"
                    }
                }
            }
        },
        {
            "PutRequest": {
                "Item": {
                    "id": {
                        "S": "138016"
                    },
                    "title": {
                        "S": "Silent Witness (2011)"
                    },
                    "genres": {
                        "S": "Crime|Drama"
                    }
                }
            }
        },
        {
            "PutRequest": {
                "Item": {
                    "id": {
                        "S": "138018"
                    },
                    "title": {
                        "S": "Victoria Day (2009)"
                    },
                    "genres": {
                        "S": "Drama"
                    }
                }
            }
        },
        {
            "PutRequest": {
                "Item": {
                    "id": {
                        "S": "138020"
                    },
                    "title": {
                        "S": "Big Muddy (2014)"
                    },
                    "genres": {
                        "S": "Crime|Western"
                    }
                }
            }
        },
        {
            "PutRequest": {
                "Item": {
                    "id": {
                        "S": "138022"
                    },
                    "title": {
                        "S": "Man in the Mirror: The Michael Jackson Story (2004)"
                    },
                    "genres": {
                        "S": "Documentary|Drama"
                    }
                }
            }
        },
        {
            "PutRequest": {
                "Item": {
                    "id": {
                        "S": "138024"
                    },
                    "title": {
                        "S": "Michael Jackson: Dangerous Tour (Bucharest, 1992) (1992)"
                    },
                    "genres": {
                        "S": "(no genres listed)"
                    }
                }
            }
        },
        {
            "PutRequest": {
                "Item": {
                    "id": {
                        "S": "138026"
                    },
                    "title": {
                        "S": "Michael Jackson: Number Ones (2003)"
                    },
                    "genres": {
                        "S": "(no genres listed)"
                    }
                }
            }
        },
        {
            "PutRequest": {
                "Item": {
                    "id": {
                        "S": "138028"
                    },
                    "title": {
                        "S": "Tsumugi (2004)"
                    },
                    "genres": {
                        "S": "Drama|Romance"
                    }
                }
            }
        },
        {
            "PutRequest": {
                "Item": {
                    "id": {
                        "S": "138030"
                    },
                    "title": {
                        "S": "The Chinese Mayor (2015)"
                    },
                    "genres": {
                        "S": "Documentary|Drama"
                    }
                }
            }
        },
        {
            "PutRequest": {
                "Item": {
                    "id": {
                        "S": "138032"
                    },
                    "title": {
                        "S": "Hunger (1974)"
                    },
                    "genres": {
                        "S": "Animation"
                    }
                }
            }
        },
        {
            "PutRequest": {
                "Item": {
                    "id": {
                        "S": "138034"
                    },
                    "title": {
                        "S": "The Border (2007)"
                    },
                    "genres": {
                        "S": "Drama"
                    }
                }
            }
        },
        {
            "PutRequest": {
                "Item": {
                    "id": {
                        "S": "138036"
                    },
                    "title": {
                        "S": "The Man from U.N.C.L.E. (2015)"
                    },
                    "genres": {
                        "S": "Action|Adventure|Comedy"
                    }
                }
            }
        },
        {
            "PutRequest": {
                "Item": {
                    "id": {
                        "S": "138038"
                    },
                    "title": {
                        "S": "The Widowmaker (2015)"
                    },
                    "genres": {
                        "S": "Documentary"
                    }
                }
            }
        }
    ]
}