{
    "movies": [
        {
            "PutRequest": {
                "Item": {
                    "id": {
                        "S": "131498"
                    },
                    "title": {
                        "S": "Lawrence & Holloman (2014)"
                    },
                    "genres": {
                        "S": "Comedy"
                    }
                }
            }
        },
        {
            "PutRequest": {
                "Item": {
                    "id": {
                        "S": "131500"
                    },
                    "title": {
                        "S": "The Hagstone Demon (2011)"
                    },
                    "genres": {
                        "S": "Horror"
                    }
                }
            }
        },
        {
            "PutRequest": {
                "Item": {
                    "id": {
                        "S": "131502"
                    },
                    "title": {
                        "S": "A Wolf at the Door (2013)"
                    },
                    "genres": {
                        "S": "Drama|Thriller"
                    }
                }
            }
        },
        {
            "PutRequest": {
                "Item": {
                    "id": {
                        "S": "131504"
                    },
                    "title": {
                        "S": "Jellyfish Eyes (2013)"
                    },
                    "genres": {
                        "S": "Comedy|Fantasy"
                    }
                }
            }
        },
        {
            "PutRequest": {
                "Item": {
                    "id": {
                        "S": "131506"
                    },
                    "title": {
                        "S": "The Ugly Swans (2006)"
                    },
                    "genres": {
                        "S": "Drama|Mystery|Sci-Fi"
                    }
                }
            }
        },
        {
            "PutRequest": {
                "Item": {
                    "id": {
                        "S": "131508"
                    },
                    "title": {
                        "S": "Moscow (2000)"
                    },
                    "genres": {
                        "S": "Drama"
                    }
                }
            }
        },
        {
            "PutRequest": {
                "Item": {
                    "id": {
                        "S": "131510"
                    },
                    "title": {
                        "S": "Hollywood Zap (1986)"
                    },
                    "genres": {
                        "S": "Comedy"
                    }
                }
            }
        },
        {
            "PutRequest": {
                "Item": {
                    "id": {
                        "S": "131512"
                    },
                    "title": {
                        "S": "Treasure (1990)"
                    },
                    "genres": {
                        "S": "Action|Adventure|Children"
                    }
                }
            }
        },
        {
            "PutRequest": {
                "Item": {
                    "id": {
                        "S": "131514"
                    },
                    "title": {
                        "S": "Ginger Ale Afternoon (1989)"
                    },
                    "genres": {
                        "S": "Comedy"
                    }
                }
            }
        },
        {
            "PutRequest": {
                "Item": {
                    "id": {
                        "S": "131516"
                    },
                    "title": {
                        "S": "A Man, a Woman and a Bank (1979)"
                    },
                    "genres": {
                        "S": "Action|Comedy|Romance"
                    }
                }
            }
        },
        {
            "PutRequest": {
                "Item": {
                    "id": {
                        "S": "131518"
                    },
                    "title": {
                        "S": "Jennifer on My Mind (1971)"
                    },
                    "genres": {
                        "S": "Comedy|Drama"
                    }
                }
            }
        },
        {
            "PutRequest": {
                "Item": {
                    "id": {
                        "S": "131522"
                    },
                    "title": {
                        "S": "Atl\u00e1ntida (2014)"
                    },
                    "genres": {
                        "S": "Drama"
                    }
                }
            }
        },
        {
            "PutRequest": {
                "Item": {
                    "id": {
                        "S": "131524"
                    },
                    "title": {
                        "S": "Natural Sciences (2014)"
                    },
                    "genres": {
                        "S": "(no genres listed)"
                    }
                }
            }
        },
        {
            "PutRequest": {
                "Item": {
                    "id": {
                        "S": "131526"
                    },
                    "title": {
                        "S": "Doin' Time (1985)"
                    },
                    "genres": {
                        "S": "Comedy"
                    }
                }
            }
        },
        {
            "PutRequest": {
                "Item": {
                    "id": {
                        "S": "131528"
                    },
                    "title": {
                        "S": "Stone Cold Dead (1979)"
                    },
                    "genres": {
                        "S": "Crime|Thriller"
                    }
                }
            }
        },
        {
            "PutRequest": {
                "Item": {
                    "id": {
                        "S": "131530"
                    },
                    "title": {
                        "S": "Lions (2012)"
                    },
                    "genres": {
                        "S": "Drama"
                    }
                }
            }
        },
        {
            "PutRequest": {
                "Item": {
                    "id": {
                        "S": "131532"
                    },
                    "title": {
                        "S": "The Wild Ones (2013)"
                    },
                    "genres": {
                        "S": "Crime|Drama"
                    }
                }
            }
        },
        {
            "PutRequest": {
                "Item": {
                    "id": {
                        "S": "131534"
                    },
                    "title": {
                        "S": "Profit Motive and the Whispering Wind (2007)"
                    },
                    "genres": {
                        "S": "Documentary"
                    }
                }
            }
        },
        {
            "PutRequest": {
                "Item": {
                    "id": {
                        "S": "131536"
                    },
                    "title": {
                        "S": "The Face (2013)"
                    },
                    "genres": {
                        "S": "(no genres listed)"
                    }
                }
            }
        },
        {
            "PutRequest": {
                "Item": {
                    "id": {
                        "S": "131538"
                    },
                    "title": {
                        "S": "Balnearios (2002)"
                    },
                    "genres": {
                        "S": "(no genres listed)"
                    }
                }
            }
        },
        {
            "PutRequest": {
                "Item": {
                    "id": {
                        "S": "131540"
                    },
                    "title": {
                        "S": "Paganini Horror (1989)"
                    },
                    "genres": {
                        "S": "Horror"
                    }
                }
            }
        },
        {
            "PutRequest": {
                "Item": {
                    "id": {
                        "S": "131542"
                    },
                    "title": {
                        "S": "The Black Cat (1989)"
                    },
                    "genres": {
                        "S": "(no genres listed)"
                    }
                }
            }
        },
        {
            "PutRequest": {
                "Item": {
                    "id": {
                        "S": "131544"
                    },
                    "title": {
                        "S": "Tunnel Under the World (1969)"
                    },
                    "genres": {
                        "S": "(no genres listed)"
                    }
                }
            }
        },
        {
            "PutRequest": {
                "Item": {
                    "id": {
                        "S": "131546"
                    },
                    "title": {
                        "S": "Hardbodies 2 (1986)"
                    },
                    "genres": {
                        "S": "Comedy"
                    }
                }
            }
        },
        {
            "PutRequest": {
                "Item": {
                    "id": {
                        "S": "131548"
                    },
                    "title": {
                        "S": "Hardbodies (1984)"
                    },
                    "genres": {
                        "S": "Comedy"
                    }
                }
            }
        }
    ]
}